image_id,number_of_unique_words,number_of_unique_nouns,number_of_unique_verbs,number_of_unique_adjectives,number_of_unique_adverbs,number_of_unique_pronouns,number_of_unique_determiners,number_of_unique_conjunctions,number_of_unique_prepositions,complexity,category,avg_region_similarity,# of SAM segmentations,# of FC-CLIP classes
scenes_dorm_room_00004596.jpg,58,46,5,13,0,1,0,0,0,0.5147058963775635,test,0.3593663573265075,64,17
scenes_jail_cell_00002330.jpg,50,36,8,8,0,0,0,0,3,0.4705882370471954,test,0.3212685883045196,63,5
scenes_stadium-baseball_00003661.jpg,39,29,6,6,0,1,0,0,1,0.7352941036224365,test,0.2641158998012543,140,14
scenes_bathroom_00001215.jpg,45,33,5,11,1,0,0,0,3,0.4558823406696319,test,0.4306947588920593,46,6
scenes_ski_resort_00001487.jpg,37,22,8,15,1,0,0,0,1,0.5147058963775635,test,0.3533774018287658,117,4
scenes_escalator-indoor_00001084.jpg,46,29,9,15,0,0,0,0,0,0.5,test,0.3239557147026062,83,3
scenes_glacier_00003305.jpg,29,15,5,12,3,0,0,0,1,0.294117659330368,test,0.5104543566703796,50,5
scenes_reception_00004117.jpg,51,40,8,9,0,2,0,0,0,0.4852941036224365,test,0.3052527010440826,120,14
scenes_shopfront_00002159.jpg,38,25,6,13,0,0,0,0,0,0.7058823704719543,test,0.3112813234329223,184,25
scenes_highway_00004921.jpg,46,33,8,13,1,0,0,0,2,0.4558823406696319,test,0.235426053404808,72,7
scenes_courtyard_00003796.jpg,39,24,12,11,1,0,0,0,3,0.4705882370471954,test,0.3383495509624481,55,6
scenes_porch_00003447.jpg,29,17,6,11,0,0,0,0,3,0.5147058963775635,test,0.4061557352542877,58,5
scenes_ballroom_00000854.jpg,39,23,4,10,1,1,0,0,1,0.5588235259056091,test,0.3032511472702026,93,15
scenes_living_room_00004139.jpg,54,44,6,15,1,1,0,0,0,0.6176470518112183,test,0.3528657555580139,105,15
scenes_corral_00001882.jpg,25,15,5,10,2,0,0,0,1,0.4411764740943908,test,0.4472940862178802,78,5
scenes_sushi_bar_00004964.jpg,48,38,13,9,1,1,0,0,0,0.5588235259056091,test,0.3352081775665283,101,15
scenes_barn_00001540.jpg,31,21,7,10,0,0,0,0,1,0.4117647111415863,test,0.3570590615272522,48,7
scenes_sandbox_00000312.jpg,42,26,5,14,2,0,0,0,3,0.4558823406696319,test,0.2343771606683731,58,5
scenes_auto_factory_00000544.jpg,45,35,6,9,0,0,0,0,0,0.6029411554336548,test,0.3010677993297577,146,6
scenes_diner-outdoor_00002520.jpg,45,32,8,13,0,0,0,0,0,0.4852941036224365,test,0.3332446813583374,124,14
scenes_park_00002095.jpg,38,25,8,13,0,0,0,0,1,0.5147058963775635,test,0.3871123492717743,114,6
scenes_art_gallery_00001244.jpg,53,35,8,10,0,1,0,0,0,0.5735294222831726,test,0.2489615529775619,152,21
scenes_beer_hall_00001012.jpg,41,26,5,10,0,0,0,0,0,0.5735294222831726,test,0.2694763541221618,103,24
scenes_stage-indoor_00002505.jpg,36,22,6,12,1,1,0,0,3,0.4264705777168274,test,0.2427054792642593,56,23
scenes_boat_deck_00001337.jpg,30,21,3,10,1,0,0,0,2,0.3382352888584137,test,0.3691075444221496,47,2
scenes_shower_00003567.jpg,37,27,5,10,0,0,0,0,1,0.4558823406696319,test,0.4624322354793548,69,18
scenes_chalet_00002924.jpg,46,32,6,11,0,1,0,0,0,0.5147058963775635,test,0.2230813056230545,179,6
scenes_amphitheater_00000731.jpg,34,21,5,11,1,1,0,0,1,0.5882353186607361,test,0.228226438164711,72,18
scenes_fire_escape_00002532.jpg,6,5,1,1,0,0,0,0,0,0.4705882370471954,test,0.854705810546875,99,1
scenes_soccer_field_00003220.jpg,39,25,7,11,1,0,0,0,1,0.4117647111415863,test,0.2318833768367767,115,14
scenes_amusement_arcade_00001494.jpg,47,35,8,9,1,0,0,0,0,0.6176470518112183,test,0.3251535594463348,120,9
scenes_dam_00002904.jpg,34,25,6,12,0,0,0,0,1,0.5441176295280457,test,0.4031066596508026,87,4
scenes_movie_theater-indoor_00002547.jpg,38,26,5,10,0,1,0,0,0,0.5441176295280457,test,0.2711899578571319,92,20
scenes_gymnasium-indoor_00004461.jpg,39,24,7,12,0,0,0,0,0,0.5735294222831726,test,0.2601103484630584,151,22
scenes_pasture_00003506.jpg,40,26,8,12,0,0,0,0,2,0.5,test,0.3282294869422912,80,8
scenes_sauna_00002582.jpg,30,22,8,7,1,1,0,0,2,0.294117659330368,test,0.3331289887428283,15,2
scenes_phone_booth_00000109.jpg,28,19,4,8,0,0,0,0,1,0.4411764740943908,test,0.5361096858978271,76,7
scenes_subway_station-platform_00000095.jpg,39,27,12,9,1,0,0,0,0,0.5147058963775635,test,0.3280377686023712,105,8
scenes_waiting_room_00001869.jpg,43,32,4,12,0,1,0,0,0,0.4558823406696319,test,0.3868147134780884,60,9
scenes_restaurant_kitchen_00004961.jpg,51,31,6,13,0,1,0,0,3,0.6323529481887817,test,0.2454345971345901,187,18
scenes_cockpit_00003804.jpg,48,33,7,13,0,0,0,0,0,0.6029411554336548,test,0.3354116976261139,171,7
scenes_field_road_00000084.jpg,44,29,9,10,0,0,0,0,3,0.3970588147640228,test,0.2798395752906799,65,6
scenes_hotel_room_00001576.jpg,34,25,3,12,1,0,0,0,0,0.4264705777168274,test,0.4297217726707458,63,10
scenes_storage_room_00000906.jpg,43,32,8,10,0,2,0,0,1,0.6323529481887817,test,0.3729234635829925,143,23
scenes_pond_00002917.jpg,30,20,5,13,0,0,0,0,1,0.5147058963775635,test,0.3301721811294555,94,4
scenes_harbor_00002664.jpg,27,20,6,8,0,0,0,0,1,0.5441176295280457,test,0.3882615268230438,88,9
scenes_ice_shelf_00000749.jpg,19,13,4,7,1,0,0,0,1,0.1323529481887817,test,0.5310438275337219,16,3
scenes_candy_store_00004893.jpg,44,30,11,11,0,1,0,0,0,0.5882353186607361,test,0.3208050727844238,167,8
scenes_discotheque_00004509.jpg,43,30,10,9,0,0,0,0,1,0.4852941036224365,test,0.2761997282505035,94,15
scenes_engine_room_00000936.jpg,45,29,5,17,0,0,0,0,1,0.4558823406696319,test,0.3652574717998504,107,1
scenes_bus_station-indoor_00002038.jpg,40,27,8,13,2,0,0,0,2,0.5,test,0.3511545360088348,122,10
scenes_basketball_court-indoor_00000793.jpg,48,33,5,8,1,0,0,0,0,0.6029411554336548,test,0.227774828672409,146,17
scenes_subway_station-platform_00002084.jpg,29,22,9,5,0,0,0,0,1,0.529411792755127,test,0.3981485962867737,64,3
scenes_vegetable_garden_00002012.jpg,55,38,9,15,1,0,0,0,2,0.3970588147640228,test,0.3392533659934997,130,3
scenes_supermarket_00004294.jpg,52,41,6,12,0,0,0,0,1,0.6323529481887817,test,0.3187396228313446,153,16
scenes_field-cultivated_00002511.jpg,28,21,8,9,0,0,0,0,2,0.4411764740943908,test,0.4292868971824646,79,3
scenes_corn_field_00001919.jpg,8,8,2,1,0,0,0,0,0,0.5,test,0.7360022664070129,97,1
scenes_raft_00001783.jpg,35,24,5,9,0,0,0,0,1,0.5441176295280457,test,0.2626447677612304,132,22
scenes_basement_00004744.jpg,40,30,5,9,0,1,0,0,2,0.4264705777168274,test,0.2755492627620697,39,8
scenes_greenhouse-indoor_00004821.jpg,39,28,4,10,1,0,0,0,1,0.6029411554336548,test,0.4065016806125641,85,5
scenes_doorway-outdoor_00003009.jpg,37,26,6,11,0,0,0,0,1,0.4411764740943908,test,0.3518145978450775,62,1
scenes_office_building_00004873.jpg,28,22,4,7,0,0,0,0,2,0.4705882370471954,test,0.478942334651947,152,4
scenes_raft_00001883.jpg,35,23,4,10,2,1,0,0,1,0.529411792755127,test,0.2820580303668976,89,8
scenes_art_gallery_00000944.jpg,42,29,5,10,1,1,1,0,1,0.5735294222831726,test,0.2824451029300689,112,17
scenes_supermarket_00002575.jpg,31,21,7,7,0,1,0,0,1,0.7941176295280457,test,0.4832648634910583,289,13
scenes_windmill_00001743.jpg,32,19,8,14,1,0,0,0,0,0.3676470518112182,test,0.3638122677803039,8,2
scenes_topiary_garden_00003613.jpg,49,34,10,14,1,0,0,0,2,0.4411764740943908,test,0.3049029111862182,108,3
scenes_lawn_00001717.jpg,27,20,3,8,0,0,0,0,1,0.3088235259056091,test,0.4378401637077331,20,4
scenes_barn_00003067.jpg,33,25,5,11,0,0,0,0,2,0.4705882370471954,test,0.3817253410816192,74,3
scenes_dining_room_00000889.jpg,42,33,1,13,0,0,0,0,0,0.5735294222831726,test,0.4082587361335754,81,24
scenes_gazebo-exterior_00001211.jpg,40,31,4,12,0,0,0,0,1,0.4852941036224365,test,0.3495718240737915,82,4
scenes_excavation_00001239.jpg,43,31,5,12,0,1,0,0,1,0.5441176295280457,test,0.3338008821010589,106,7
scenes_campsite_00001218.jpg,40,27,7,12,1,0,0,0,2,0.5882353186607361,test,0.325152724981308,92,7
scenes_mosque-outdoor_00003475.jpg,45,28,8,17,0,0,0,0,2,0.5441176295280457,test,0.3107387125492096,117,6
scenes_airplane_cabin_00004853.jpg,40,27,6,8,0,1,0,0,2,0.529411792755127,test,0.3070405721664428,81,10
scenes_airport_terminal_00000869.jpg,36,21,11,8,0,2,0,0,0,0.6764705777168274,test,0.2080254703760147,199,36
scenes_restaurant_00000171.jpg,42,30,5,11,0,0,0,0,1,0.6323529481887817,test,0.2957120239734649,129,16
scenes_bazaar-outdoor_00001936.jpg,31,21,4,11,0,0,0,0,1,0.8235294222831726,test,0.2563900947570801,221,34
scenes_army_base_00004915.jpg,31,20,4,8,0,1,0,0,1,0.5147058963775635,test,0.3335950076580047,65,12
scenes_campus_00000642.jpg,32,20,10,9,0,0,0,0,3,0.4411764740943908,test,0.3953402042388916,73,7
scenes_street_00001279.jpg,44,30,8,11,1,0,0,0,2,0.4852941036224365,test,0.3524843156337738,57,5
scenes_chemistry_lab_00001291.jpg,45,30,8,16,0,1,0,1,0,0.4852941036224365,test,0.3316218256950378,99,14
scenes_dorm_room_00004507.jpg,52,35,4,13,1,3,0,0,1,0.5,test,0.3608255386352539,87,13
scenes_hotel-outdoor_00002798.jpg,23,13,4,8,0,0,0,0,0,0.4705882370471954,test,0.6308609247207642,89,4
scenes_tundra_00000234.jpg,30,18,4,12,0,0,0,0,1,0.3970588147640228,test,0.3240088522434234,21,5
scenes_arena-hockey_00000180.jpg,46,26,8,12,1,1,0,0,2,0.5588235259056091,test,0.2542620897293091,135,25
scenes_yard_00002978.jpg,41,24,8,13,0,1,0,0,2,0.6617646813392639,test,0.2494206577539444,184,20
scenes_roof_garden_00004114.jpg,49,37,7,10,0,1,0,0,1,0.6911764740943909,test,0.2714707255363464,205,25
scenes_railroad_track_00002320.jpg,29,23,4,10,0,0,0,0,1,0.4264705777168274,test,0.3746193945407867,47,7
scenes_driveway_00003600.jpg,43,31,7,11,0,0,0,0,2,0.5,test,0.326272577047348,79,9
scenes_desert-vegetation_00000049.jpg,36,22,6,13,0,0,0,0,1,0.4705882370471954,test,0.4210216999053955,50,3
scenes_lawn_00002502.jpg,25,17,8,7,1,0,0,0,1,0.4264705777168274,test,0.3971122503280639,60,3
scenes_shower_00004922.jpg,33,23,4,11,0,0,0,0,0,0.2794117629528045,test,0.3528807461261749,59,3
scenes_iceberg_00003854.jpg,17,11,8,8,2,0,0,0,1,0.2352941185235977,test,0.4619871079921722,30,3
scenes_gas_station_00000052.jpg,51,30,10,15,0,1,0,0,2,0.5441176295280457,test,0.2443858385086059,124,11
scenes_ski_resort_00004609.jpg,41,27,7,11,0,2,0,0,1,0.5,test,0.2727755606174469,84,13
scenes_fire_station_00002582.jpg,42,29,5,11,0,0,0,0,1,0.4558823406696319,test,0.3862267434597015,90,6
scenes_operating_room_00003227.jpg,44,36,3,10,0,0,0,0,0,0.5,test,0.3748857378959656,68,8
scenes_loading_dock_00001200.jpg,38,28,5,11,1,0,0,0,1,0.4558823406696319,test,0.3883297741413116,48,5
scenes_living_room_00004557.jpg,41,28,6,10,0,2,0,0,0,0.529411792755127,test,0.4050630927085876,74,18
scenes_martial_arts_gym_00004682.jpg,39,25,7,9,0,0,0,0,0,0.6176470518112183,test,0.2612071633338928,137,16
scenes_lighthouse_00004221.jpg,43,29,6,14,0,0,0,0,1,0.3823529481887817,test,0.336488664150238,55,7
scenes_desert-vegetation_00003261.jpg,27,19,5,9,0,0,0,0,2,0.4558823406696319,test,0.3803476393222809,83,3
scenes_pier_00000901.jpg,35,25,4,11,2,0,0,0,1,0.4117647111415863,test,0.3664938807487488,65,3
scenes_movie_theater-indoor_00002211.jpg,34,24,6,11,0,1,0,0,0,0.4558823406696319,test,0.4197218716144562,33,12
scenes_mountain_path_00003569.jpg,35,22,5,15,0,0,0,0,3,0.3970588147640228,test,0.385663628578186,145,5
scenes_picnic_area_00003750.jpg,31,20,6,8,0,0,0,0,1,0.5441176295280457,test,0.3546248078346252,59,15
scenes_tree_farm_00002530.jpg,39,26,5,17,0,0,0,0,1,0.5882353186607361,test,0.3790942430496216,77,12
scenes_conference_center_00002617.jpg,31,16,4,11,0,0,0,0,4,0.4558823406696319,test,0.3160157799720764,53,7
scenes_art_gallery_00003033.jpg,41,29,7,9,1,0,0,0,0,0.4852941036224365,test,0.3110726475715637,69,5
scenes_diner-outdoor_00004578.jpg,36,23,6,14,0,0,0,0,2,0.5,test,0.3861674964427948,79,8
scenes_church-outdoor_00000129.jpg,43,29,7,18,1,0,0,0,2,0.4705882370471954,test,0.3892170190811157,86,4
scenes_swamp_00000822.jpg,38,28,8,12,0,0,0,0,1,0.4411764740943908,test,0.3459896743297577,35,5
scenes_elevator_shaft_00003360.jpg,41,29,7,11,0,0,0,0,0,0.3235294222831726,test,0.3516892492771148,40,2
scenes_pavilion_00004592.jpg,47,31,4,15,0,0,0,0,2,0.529411792755127,test,0.2457107752561569,120,10
scenes_swimming_pool-indoor_00004473.jpg,40,29,5,12,0,0,0,0,3,0.4117647111415863,test,0.3054532408714294,60,4
scenes_assembly_line_00003046.jpg,40,31,8,9,0,0,0,0,2,0.7352941036224365,test,0.3813068866729736,239,32
scenes_repair_shop_00002220.jpg,49,31,6,15,2,0,0,0,0,0.4705882370471954,test,0.3626319468021393,92,6
scenes_ice_skating_rink-outdoor_00004903.jpg,24,19,7,8,0,0,0,0,1,0.4411764740943908,test,0.3788051605224609,69,4
scenes_hospital_room_00004385.jpg,36,24,5,13,0,0,0,0,0,0.5,test,0.2883040606975555,72,10
scenes_florist_shop-indoor_00000912.jpg,30,26,5,6,0,0,0,0,0,0.4558823406696319,test,0.4338929355144501,44,4
scenes_trench_00002765.jpg,52,36,7,14,0,0,0,0,2,0.4558823406696319,test,0.2536676526069641,97,6
scenes_catacomb_00000322.jpg,39,26,8,12,3,0,0,0,4,0.5147058963775635,test,0.2930293381214142,234,2
scenes_pizzeria_00003748.jpg,18,14,3,10,0,0,0,0,2,0.5,test,0.4256467223167419,39,3
scenes_roof_garden_00000859.jpg,43,34,8,12,0,0,0,0,1,0.6176470518112183,test,0.3560504913330078,77,5
scenes_airfield_00004129.jpg,30,16,6,9,2,0,0,0,2,0.4705882370471954,test,0.3815120160579681,68,5
scenes_kitchen_00002458.jpg,39,32,6,11,0,0,0,0,1,0.5147058963775635,test,0.4177399575710296,108,12
scenes_landfill_00004257.jpg,40,27,7,12,0,0,0,0,1,0.5882353186607361,test,0.3226735293865204,144,5
scenes_cemetery_00001535.jpg,41,32,7,10,0,0,0,0,1,0.3088235259056091,test,0.3241656720638275,71,2
scenes_water_tower_00004418.jpg,36,25,5,12,0,0,0,0,3,0.4117647111415863,test,0.3658444285392761,46,4
scenes_bathroom_00003733.jpg,39,30,6,10,0,0,0,0,0,0.4705882370471954,test,0.4383018910884857,62,11
scenes_tree_farm_00002230.jpg,25,14,6,10,1,0,0,0,1,0.5,test,0.4482284486293793,44,4
scenes_storage_room_00004068.jpg,35,28,6,9,0,0,0,0,1,0.5882353186607361,test,0.3683541119098663,113,8
scenes_kennel-outdoor_00000456.jpg,37,25,3,10,0,0,0,0,2,0.3970588147640228,test,0.3428553640842438,56,4
scenes_junkyard_00000936.jpg,42,30,5,15,0,0,0,0,0,0.5,test,0.311865746974945,102,8
scenes_orchestra_pit_00000863.jpg,49,32,7,13,0,1,0,0,1,0.5,test,0.2208240032196045,89,5
scenes_music_studio_00002094.jpg,37,26,5,12,0,0,0,0,0,0.2647058963775635,test,0.280157595872879,27,2
scenes_japanese_garden_00001690.jpg,47,31,12,11,2,0,0,0,1,0.6470588445663452,test,0.2893750965595245,120,20
scenes_lagoon_00002045.jpg,31,22,6,10,2,0,0,0,0,0.3823529481887817,test,0.3519302606582641,45,5
scenes_general_store-indoor_00002828.jpg,49,37,8,10,1,1,0,0,0,0.6911764740943909,test,0.3087006211280823,197,15
scenes_desert-sand_00002067.jpg,26,13,6,12,0,0,0,0,3,0.1617647111415863,test,0.4256126582622528,61,2
scenes_supermarket_00003823.jpg,37,24,8,12,0,1,0,0,1,0.8382353186607361,test,0.2218458503484726,197,32
scenes_lighthouse_00004612.jpg,34,23,7,9,0,0,0,0,2,0.4852941036224365,test,0.3619187474250793,27,4
scenes_vegetable_garden_00004670.jpg,22,13,5,8,2,0,0,0,1,0.5,test,0.4694706201553345,65,1
scenes_boardwalk_00002183.jpg,27,17,9,11,0,0,0,0,1,0.529411792755127,test,0.3259795904159546,84,4
scenes_library-indoor_00004122.jpg,33,24,7,8,0,2,0,0,2,0.6470588445663452,test,0.4237150847911834,129,28
scenes_arena-hockey_00004875.jpg,34,28,4,10,1,0,0,0,0,0.294117659330368,test,0.3337628245353699,33,3
scenes_tundra_00000560.jpg,35,24,3,13,0,0,0,0,1,0.3529411852359772,test,0.337707370519638,25,4
scenes_living_room_00003667.jpg,41,30,7,10,1,0,0,0,1,0.5147058963775635,test,0.386879414319992,69,12
scenes_pagoda_00004004.jpg,37,24,7,10,0,0,0,1,2,0.5147058963775635,test,0.4644428491592407,106,5
scenes_jewelry_shop_00004364.jpg,56,39,4,17,1,1,0,0,0,0.5588235259056091,test,0.2973511517047882,144,10
scenes_office_cubicles_00002321.jpg,52,34,6,17,0,0,0,0,3,0.3970588147640228,test,0.3587398529052734,45,7
scenes_corridor_00002091.jpg,45,32,6,12,0,0,0,0,1,0.4117647111415863,test,0.3924245536327362,51,5
scenes_office_building_00000903.jpg,38,28,8,9,0,0,0,0,2,0.4852941036224365,test,0.3995336294174194,101,5
scenes_television_room_00000584.jpg,48,36,6,11,1,0,0,0,1,0.5,test,0.3686164319515228,84,16
scenes_church-outdoor_00000187.jpg,28,19,6,11,0,0,0,0,1,0.4558823406696319,test,0.3569859564304352,124,13
scenes_tree_farm_00002724.jpg,38,20,10,13,0,1,0,0,3,0.4558823406696319,test,0.2760172486305237,54,6
scenes_stadium-baseball_00001475.jpg,47,32,6,9,0,1,0,0,1,0.7058823704719543,test,0.2367647886276245,181,14
scenes_ballroom_00000149.jpg,38,25,4,14,1,1,0,0,1,0.6176470518112183,test,0.2329136133193969,120,20
scenes_airfield_00002070.jpg,41,26,8,15,0,0,0,0,1,0.529411792755127,test,0.3354870080947876,143,9
scenes_loading_dock_00004463.jpg,46,32,6,13,0,0,0,0,3,0.5,test,0.3502462804317474,36,4
scenes_castle_00002826.jpg,30,19,8,10,1,0,0,0,2,0.4411764740943908,test,0.3699109852313995,80,6
scenes_promenade_00003169.jpg,37,21,8,12,0,1,0,0,1,0.5441176295280457,test,0.2943949997425079,101,12
scenes_childs_room_00001293.jpg,39,30,2,9,0,1,0,0,1,0.5147058963775635,test,0.3801123201847076,122,13
scenes_football_field_00001913.jpg,44,32,8,9,0,0,0,0,1,0.4411764740943908,test,0.3165790140628814,140,3
scenes_golf_course_00003223.jpg,26,18,4,10,0,0,0,0,2,0.4117647111415863,test,0.4104853272438049,37,3
scenes_jail_cell_00004889.jpg,47,36,6,10,0,0,0,0,2,0.4705882370471954,test,0.3111849427223205,83,4
scenes_art_studio_00000088.jpg,40,30,5,9,0,0,0,0,0,0.5882353186607361,test,0.451045423746109,88,15
scenes_market-outdoor_00002793.jpg,52,37,7,13,1,0,0,1,1,0.6470588445663452,test,0.2501654028892517,117,27
scenes_fastfood_restaurant_00002950.jpg,35,24,7,10,0,0,0,0,1,0.529411792755127,test,0.3196417987346649,145,11
scenes_office_00001186.jpg,53,34,7,13,0,1,0,0,1,0.5147058963775635,test,0.3192408084869385,91,14
scenes_industrial_area_00002668.jpg,36,26,8,11,0,0,0,0,2,0.529411792755127,test,0.3936532437801361,98,11
scenes_bedchamber_00000866.jpg,46,31,9,11,0,0,0,0,2,0.4705882370471954,test,0.2864195704460144,63,7
scenes_amusement_park_00003176.jpg,51,31,9,13,0,1,0,0,1,0.5882353186607361,test,0.2109056562185287,158,14
scenes_bedchamber_00002683.jpg,52,39,7,13,1,2,0,0,3,0.529411792755127,test,0.3331693112850189,70,11
scenes_fabric_store_00001328.jpg,41,29,4,11,1,0,0,0,0,0.4852941036224365,test,0.3946433365345001,83,2
scenes_engine_room_00002679.jpg,44,30,8,13,0,0,0,0,0,0.4558823406696319,test,0.3183079063892364,97,2
scenes_waterfall_00000475.jpg,35,17,9,14,2,0,0,0,4,0.529411792755127,test,0.2944677472114563,70,5
scenes_fastfood_restaurant_00001593.jpg,40,26,8,15,0,0,0,0,1,0.5147058963775635,test,0.3407140374183655,114,7
scenes_nursing_home_00000609.jpg,38,25,5,12,0,0,0,0,0,0.6617646813392639,test,0.2992861270904541,148,29
scenes_reception_00002946.jpg,53,37,6,11,1,1,0,0,2,0.4558823406696319,test,0.2983069717884063,79,9
scenes_bar_00004801.jpg,55,35,8,13,1,1,0,0,0,0.6323529481887817,test,0.2757221758365631,135,17
scenes_lobby_00000368.jpg,58,42,3,14,0,0,0,0,3,0.4411764740943908,test,0.3255772888660431,86,14
scenes_pantry_00003408.jpg,42,30,4,12,0,0,0,0,1,0.4411764740943908,test,0.444234699010849,75,16
scenes_embassy_00002399.jpg,26,20,4,10,0,0,0,0,1,0.4411764740943908,test,0.4964942038059234,63,5
scenes_hangar-outdoor_00002350.jpg,46,34,8,12,0,0,0,0,1,0.5,test,0.2992944419384002,80,7
scenes_pasture_00002657.jpg,26,17,8,5,0,0,0,0,1,0.4558823406696319,test,0.4868719577789306,57,5
scenes_amusement_arcade_00002073.jpg,56,41,5,13,0,0,0,0,0,0.6470588445663452,test,0.2857040166854858,122,8
scenes_pavilion_00000455.jpg,26,18,2,9,0,0,0,0,0,0.4558823406696319,test,0.4331381022930145,86,7
scenes_elevator_lobby_00002865.jpg,50,38,6,11,0,1,0,0,0,0.5,test,0.3881563544273376,77,11
scenes_galley_00003241.jpg,48,36,7,10,1,0,0,0,1,0.5588235259056091,test,0.3540290594100952,78,12
scenes_elevator_lobby_00004871.jpg,49,36,11,10,0,0,0,0,2,0.4705882370471954,test,0.2575964331626892,80,11
scenes_biology_laboratory_00001564.jpg,55,37,6,12,1,0,0,0,3,0.4264705777168274,test,0.2836661338806152,47,7
scenes_industrial_area_00001792.jpg,33,25,5,7,0,0,0,0,1,0.4264705777168274,test,0.4520061910152435,53,7
scenes_watering_hole_00002570.jpg,26,18,7,10,0,0,0,0,1,0.3823529481887817,test,0.4393513202667236,36,6
scenes_courthouse_00000564.jpg,53,36,8,18,1,0,0,0,1,0.3529411852359772,test,0.3127352297306061,51,2
scenes_hunting_lodge-outdoor_00003954.jpg,20,14,4,9,0,0,0,0,0,0.5147058963775635,test,0.4385226964950561,67,6
scenes_pantry_00004544.jpg,50,39,4,12,0,1,0,0,0,0.5735294222831726,test,0.4001655280590057,124,24
scenes_lagoon_00003861.jpg,31,16,7,16,0,0,0,0,1,0.3529411852359772,test,0.3388850092887878,30,5
scenes_museum-outdoor_00002411.jpg,41,25,8,14,0,0,0,0,1,0.5441176295280457,test,0.3682998716831207,148,10
scenes_engine_room_00002846.jpg,49,37,5,11,1,0,0,0,0,0.5147058963775635,test,0.3414311707019806,66,2
scenes_throne_room_00004391.jpg,44,24,9,14,1,0,0,0,1,0.529411792755127,test,0.2209732681512832,74,14
scenes_home_theater_00001212.jpg,55,36,10,16,0,1,0,0,1,0.5,test,0.356831818819046,102,13
scenes_grotto_00000133.jpg,32,23,6,6,1,0,0,0,1,0.529411792755127,test,0.326435923576355,47,4
scenes_car_interior_00004921.jpg,59,48,4,13,0,0,0,0,1,0.5,test,0.3210375905036926,83,4
scenes_computer_room_00001937.jpg,30,22,5,7,0,1,0,0,1,0.529411792755127,test,0.3984613120555877,120,14
scenes_physics_laboratory_00000885.jpg,63,44,10,10,0,1,0,0,2,0.6911764740943909,test,0.2885312736034393,167,9
scenes_inn-outdoor_00004069.jpg,47,33,8,12,0,0,0,0,3,0.529411792755127,test,0.2781478464603424,109,10
scenes_gymnasium-indoor_00000469.jpg,55,40,8,9,2,0,0,0,1,0.5,test,0.3173035979270935,121,9
scenes_church-indoor_00002625.jpg,25,19,5,7,0,0,0,0,1,0.75,test,0.3613897562026977,102,1
scenes_dam_00002063.jpg,24,14,9,7,0,0,0,0,1,0.529411792755127,test,0.372281938791275,98,5
scenes_stage-indoor_00004582.jpg,38,26,6,11,0,1,0,0,1,0.4411764740943908,test,0.3418694734573364,79,3
scenes_ice_cream_parlor_00000563.jpg,48,34,6,12,0,0,0,0,1,0.6029411554336548,test,0.2286822348833084,157,32
scenes_subway_station-platform_00000610.jpg,43,30,6,15,0,0,0,0,3,0.4411764740943908,test,0.3753925859928131,43,9
scenes_raceway_00002776.jpg,39,26,8,10,0,0,0,0,1,0.5147058963775635,test,0.3460654616355896,127,16
scenes_bar_00000426.jpg,35,28,10,7,1,1,0,0,1,0.6764705777168274,test,0.3564346134662628,119,24
scenes_stadium-football_00001773.jpg,35,23,5,11,0,1,0,0,0,0.720588207244873,test,0.2681644558906555,133,17
scenes_lighthouse_00003620.jpg,25,18,2,9,0,0,0,0,1,0.25,test,0.3893710970878601,25,2
scenes_phone_booth_00000153.jpg,47,30,8,13,2,0,0,0,0,0.529411792755127,test,0.277567446231842,103,13
scenes_stage-indoor_00003221.jpg,45,32,7,9,0,1,0,0,2,0.3970588147640228,test,0.315650075674057,131,7
scenes_medina_00002025.jpg,39,29,6,11,0,0,0,0,2,0.4411764740943908,test,0.3683399558067322,41,4
scenes_phone_booth_00002850.jpg,41,26,7,11,0,1,0,0,1,0.5588235259056091,test,0.2588657140731811,122,15
scenes_oilrig_00004399.jpg,30,21,8,8,0,0,0,0,2,0.3529411852359772,test,0.3418530821800232,39,4
scenes_childs_room_00004493.jpg,46,34,3,14,0,0,0,0,2,0.4705882370471954,test,0.3472029566764831,106,9
scenes_garage-outdoor_00000753.jpg,30,21,4,10,0,0,0,0,0,0.4117647111415863,test,0.4669707715511322,78,6
scenes_server_room_00002486.jpg,37,28,2,10,1,0,0,0,1,0.4411764740943908,test,0.4013164341449737,53,4
scenes_mosque-outdoor_00000715.jpg,44,32,7,10,1,0,0,0,3,0.3823529481887817,test,0.289794385433197,57,2
scenes_car_interior_00004885.jpg,42,26,6,15,1,1,0,0,1,0.3382352888584137,test,0.3015007674694061,39,5
scenes_bar_00001465.jpg,49,33,9,12,0,1,0,0,0,0.6911764740943909,test,0.2618522644042969,142,18
scenes_museum-outdoor_00000882.jpg,46,31,9,12,0,0,0,0,1,0.5147058963775635,test,0.3175574243068695,81,10
scenes_hayfield_00000611.jpg,47,32,10,17,0,0,0,0,1,0.4558823406696319,test,0.2534986138343811,83,5
scenes_wheat_field_00004674.jpg,29,20,5,9,0,0,0,0,2,0.1911764740943908,test,0.2860297858715057,7,2
scenes_train_interior_00001066.jpg,45,27,9,10,2,1,0,0,0,0.5735294222831726,test,0.2435296773910522,117,13
scenes_jacuzzi-indoor_00001645.jpg,45,34,4,13,0,0,0,0,2,0.5147058963775635,test,0.3305498659610748,85,12
scenes_courthouse_00004759.jpg,24,17,6,8,0,0,0,0,0,0.4558823406696319,test,0.4027130007743835,96,1
scenes_canal-urban_00003817.jpg,48,33,6,9,2,0,0,0,3,0.4705882370471954,test,0.3125528693199157,80,4
scenes_valley_00001916.jpg,27,14,6,13,1,0,0,0,1,0.4558823406696319,test,0.4448813199996948,58,4
scenes_raft_00000598.jpg,41,29,5,9,0,1,0,0,1,0.4558823406696319,test,0.228273719549179,62,8
scenes_water_tower_00004632.jpg,30,23,3,11,2,0,0,0,2,0.3235294222831726,test,0.3642372488975525,39,2
scenes_pharmacy_00003429.jpg,41,29,8,10,1,3,0,0,1,0.529411792755127,test,0.2895804643630981,157,13
scenes_lake-natural_00004083.jpg,32,23,4,12,1,0,0,0,1,0.529411792755127,test,0.3260554373264313,102,8
scenes_server_room_00001480.jpg,52,39,5,7,1,0,0,0,3,0.5,test,0.2932433187961578,56,5
scenes_marsh_00001191.jpg,28,16,4,13,0,0,0,0,1,0.5147058963775635,test,0.372142344713211,51,3
scenes_toyshop_00004719.jpg,35,29,8,5,0,1,0,0,0,0.6617646813392639,test,0.3348744213581085,179,21
scenes_general_store-indoor_00004116.jpg,33,27,4,8,0,2,0,0,0,0.6911764740943909,test,0.3951983749866485,271,38
scenes_coast_00001633.jpg,45,35,6,12,1,0,0,0,1,0.4117647111415863,test,0.2763159871101379,46,5
scenes_aqueduct_00004864.jpg,45,29,8,14,0,0,0,0,2,0.4558823406696319,test,0.2858688235282898,69,8
scenes_doorway-outdoor_00001298.jpg,42,26,8,12,1,0,0,0,0,0.4117647111415863,test,0.2959085404872894,48,8
scenes_village_00001453.jpg,36,21,9,12,1,0,0,0,1,0.5,test,0.348784863948822,123,12
scenes_storage_room_00003222.jpg,50,35,6,9,0,1,0,0,2,0.4852941036224365,test,0.2493870556354522,104,8
scenes_glacier_00001949.jpg,24,16,5,10,0,0,0,0,2,0.3529411852359772,test,0.3922418355941772,37,4
scenes_coffee_shop_00002904.jpg,45,27,8,15,1,2,0,0,1,0.5588235259056091,test,0.2655172646045685,150,20
scenes_alley_00002244.jpg,31,22,5,8,0,1,0,0,1,0.5147058963775635,test,0.2567304670810699,93,14
scenes_glacier_00004308.jpg,20,12,7,11,1,0,0,0,1,0.4558823406696319,test,0.4122321307659149,41,3
scenes_garage-outdoor_00003082.jpg,37,25,4,12,0,0,0,0,1,0.4558823406696319,test,0.3790760636329651,80,5
scenes_waiting_room_00002051.jpg,43,30,5,15,0,0,0,0,0,0.4852941036224365,test,0.333613783121109,101,11
scenes_ski_resort_00003631.jpg,24,16,7,10,0,0,0,0,1,0.4558823406696319,test,0.5250041484832764,65,5
scenes_garage-outdoor_00003501.jpg,39,25,7,14,0,0,0,0,1,0.4705882370471954,test,0.3810578286647796,82,5
scenes_pet_shop_00000204.jpg,58,41,8,12,1,0,0,0,1,0.5441176295280457,test,0.2900386750698089,66,5
scenes_plaza_00002599.jpg,36,23,7,11,0,0,0,0,1,0.6323529481887817,test,0.2916732430458069,198,24
scenes_boardwalk_00000544.jpg,31,20,4,12,0,0,0,0,0,0.4852941036224365,test,0.3732845485210418,28,5
scenes_bazaar-indoor_00003426.jpg,48,32,8,13,0,1,0,0,0,0.5882353186607361,test,0.2854279577732086,104,13
scenes_cockpit_00002816.jpg,53,38,7,13,0,0,0,1,2,0.5735294222831726,test,0.343030035495758,111,4
scenes_desert-sand_00002561.jpg,34,21,6,13,0,0,0,0,3,0.0147058824077248,test,0.2627497315406799,15,2
scenes_barn_00001052.jpg,35,26,4,11,0,0,0,0,2,0.3676470518112182,test,0.3500390648841858,50,5
scenes_cemetery_00000466.jpg,44,34,4,15,0,0,0,0,1,0.294117659330368,test,0.3292367458343506,45,3
scenes_movie_theater-indoor_00001409.jpg,53,42,5,13,0,0,0,0,3,0.3970588147640228,test,0.2904086709022522,297,6
scenes_nursery_00000894.jpg,39,26,8,11,1,1,0,0,1,0.1911764740943908,test,0.2797931730747223,68,1
scenes_staircase_00001965.jpg,44,32,5,10,0,0,0,0,2,0.4705882370471954,test,0.3535707294940948,71,6
scenes_grotto_00001203.jpg,37,26,11,9,0,0,0,0,2,0.4117647111415863,test,0.3299807608127594,83,2
scenes_islet_00003473.jpg,31,20,10,8,0,0,0,0,1,0.3823529481887817,test,0.3119997084140777,40,5
scenes_storage_room_00003184.jpg,47,36,5,10,0,1,0,0,0,0.5735294222831726,test,0.2985447943210602,122,8
scenes_nursery_00000076.jpg,55,41,7,11,0,0,0,0,1,0.4705882370471954,test,0.3708917498588562,76,5
scenes_bedchamber_00004751.jpg,41,27,6,18,1,0,0,0,2,0.4705882370471954,test,0.4464334547519684,78,8
scenes_wet_bar_00003312.jpg,46,38,3,7,2,0,0,0,1,0.4411764740943908,test,0.3774445354938507,68,12
scenes_volcano_00001698.jpg,16,14,4,5,0,0,0,0,1,0.3970588147640228,test,0.455791175365448,15,2
scenes_watering_hole_00003195.jpg,19,11,2,8,0,0,0,0,1,0.4558823406696319,test,0.5345273017883301,101,3
scenes_junkyard_00002828.jpg,57,43,5,16,1,0,0,0,3,0.5588235259056091,test,0.2849616706371307,69,4
scenes_mezzanine_00002541.jpg,26,22,5,6,1,0,0,0,0,0.5,test,0.3859184682369232,96,12
scenes_ice_cream_parlor_00004550.jpg,46,31,8,12,0,1,0,0,1,0.6176470518112183,test,0.3610700964927673,136,21
scenes_escalator-indoor_00003540.jpg,38,31,5,9,0,0,0,0,1,0.4117647111415863,test,0.3411972224712372,45,5
scenes_pizzeria_00002765.jpg,22,15,1,6,0,0,0,0,0,0.5441176295280457,test,0.566694974899292,98,2
scenes_aquarium_00002126.jpg,48,33,9,12,1,1,0,0,0,0.5147058963775635,test,0.2262846231460571,117,11
scenes_galley_00003308.jpg,57,43,7,17,2,0,0,0,1,0.5441176295280457,test,0.3531859219074249,122,12
scenes_street_00002558.jpg,43,27,9,14,1,0,0,0,0,0.5735294222831726,test,0.3072879016399383,174,15
scenes_art_gallery_00004184.jpg,51,33,10,15,1,0,0,0,1,0.5441176295280457,test,0.2996381521224975,57,14
scenes_medina_00000663.jpg,39,21,6,12,0,0,0,0,3,0.5588235259056091,test,0.3180007934570312,114,14
scenes_airfield_00001560.jpg,36,22,8,11,1,0,0,0,0,0.3823529481887817,test,0.3453771471977234,61,5
scenes_bow_window-indoor_00001462.jpg,39,29,4,9,0,1,0,0,1,0.4411764740943908,test,0.4394815266132355,91,4
scenes_arena-hockey_00004871.jpg,44,29,8,8,1,1,0,0,1,0.4558823406696319,test,0.249629721045494,157,11
scenes_market-indoor_00003701.jpg,50,34,5,13,0,1,0,0,2,0.6764705777168274,test,0.2229163348674774,179,15
scenes_ocean_00001446.jpg,26,15,10,11,3,0,0,0,0,0.25,test,0.3454376459121704,39,2
scenes_farm_00003362.jpg,29,20,4,11,0,0,0,0,1,0.4852941036224365,test,0.403556227684021,85,5
scenes_escalator-indoor_00003667.jpg,42,28,9,13,0,1,0,0,1,0.3970588147640228,test,0.2926375865936279,61,6
scenes_field_road_00002388.jpg,44,33,10,13,1,0,0,0,0,0.3823529481887817,test,0.3116158246994018,71,5
scenes_elevator-door_00000403.jpg,50,42,5,9,0,0,0,0,2,0.4264705777168274,test,0.2565296292304992,76,6
scenes_tundra_00004029.jpg,29,20,3,10,0,0,0,0,1,0.2794117629528045,test,0.4838059544563293,40,4
scenes_alcove_00003444.jpg,49,39,8,8,1,1,0,0,0,0.4411764740943908,test,0.3251775503158569,78,6
scenes_underwater-ocean_deep_00004881.jpg,40,30,2,9,1,0,0,0,1,0.3823529481887817,test,0.3370639383792877,39,5
scenes_corn_field_00001346.jpg,40,27,7,13,0,0,0,0,2,0.5882353186607361,test,0.3940210044384002,152,2
scenes_sky_00003355.jpg,26,16,8,11,1,0,0,0,1,0.3088235259056091,test,0.4158217012882232,36,3
scenes_pantry_00003810.jpg,43,29,8,13,1,1,0,0,2,0.5441176295280457,test,0.3718100786209106,166,19
scenes_yard_00004467.jpg,32,21,7,11,0,0,0,0,1,0.4705882370471954,test,0.4203819930553436,57,3
scenes_iceberg_00004506.jpg,30,22,6,12,1,0,0,0,1,0.3088235259056091,test,0.3642244935035705,253,3
scenes_closet_00001835.jpg,35,26,4,11,1,0,0,0,0,0.2352941185235977,test,0.43825563788414,33,4
scenes_wind_farm_00001630.jpg,35,25,6,13,0,0,0,0,2,0.529411792755127,test,0.337676852941513,67,7
scenes_village_00002825.jpg,22,14,6,8,0,0,0,0,1,0.4264705777168274,test,0.359798789024353,83,4
scenes_field-cultivated_00000839.jpg,26,18,5,9,1,0,0,0,1,0.5882353186607361,test,0.3942880928516388,68,8
scenes_butte_00000227.jpg,18,12,6,8,0,0,0,0,1,0.5441176295280457,test,0.4441659450531006,79,2
scenes_parking_lot_00002685.jpg,41,27,7,19,1,0,0,0,1,0.5147058963775635,test,0.3537553250789642,128,9
scenes_bank_vault_00001768.jpg,45,40,4,7,0,0,0,0,0,0.3676470518112182,test,0.3872550129890442,43,3
scenes_boxing_ring_00003419.jpg,46,32,8,16,0,0,0,0,1,0.4117647111415863,test,0.3072438538074493,40,7
scenes_church-indoor_00000085.jpg,31,20,8,10,1,1,0,0,0,0.4852941036224365,test,0.438112735748291,99,14
scenes_car_interior_00000215.jpg,44,35,3,8,1,1,0,0,0,0.5,test,0.2927079498767853,111,3
scenes_balcony-exterior_00001780.jpg,48,35,4,10,0,0,0,0,4,0.5,test,0.3397455215454101,98,10
scenes_restaurant_00004247.jpg,47,35,7,8,0,2,0,0,0,0.6323529481887817,test,0.283547431230545,191,33
scenes_stadium-football_00003722.jpg,42,28,10,9,0,1,0,0,0,0.3823529481887817,test,0.263647973537445,73,9
scenes_biology_laboratory_00001727.jpg,55,40,8,12,0,0,0,0,2,0.3823529481887817,test,0.2843787968158722,47,8
scenes_ball_pit_00001437.jpg,37,23,8,12,0,0,0,0,2,0.3676470518112182,test,0.2900295257568359,57,5
scenes_catacomb_00004954.jpg,29,19,7,7,0,0,0,0,1,0.3382352888584137,test,0.3830368518829345,26,2
scenes_heliport_00002372.jpg,50,35,8,13,0,0,0,0,0,0.5147058963775635,test,0.283454567193985,95,8
scenes_gazebo-exterior_00000651.jpg,29,20,4,7,0,0,0,0,3,0.3823529481887817,test,0.4310554265975952,61,9
scenes_lobby_00004878.jpg,51,38,6,11,0,0,0,1,1,0.5147058963775635,test,0.3476822972297668,77,14
scenes_hot_spring_00000539.jpg,49,34,7,10,0,0,0,0,2,0.4558823406696319,test,0.3003983497619629,31,8
scenes_shed_00004719.jpg,40,24,6,12,1,1,0,0,1,0.5441176295280457,test,0.2337692081928253,122,20
scenes_ocean_00004007.jpg,29,14,10,11,0,0,0,0,1,0.3823529481887817,test,0.3666642308235168,43,4
scenes_wave_00002739.jpg,22,15,2,8,0,0,0,0,3,0.294117659330368,test,0.3863363265991211,7,1
scenes_beach_00001883.jpg,50,28,5,17,1,0,0,0,1,0.3529411852359772,test,0.2432680279016494,30,7
scenes_viaduct_00004879.jpg,31,21,9,8,1,0,0,0,2,0.4852941036224365,test,0.3921658396720886,114,6
scenes_restaurant_00001293.jpg,34,21,4,12,1,0,0,0,2,0.3529411852359772,test,0.3781625032424927,76,12
scenes_home_theater_00002437.jpg,41,23,8,14,0,1,0,0,2,0.4705882370471954,test,0.2251949459314346,49,9
scenes_corn_field_00001049.jpg,35,25,7,8,2,0,0,0,1,0.4852941036224365,test,0.2786318361759186,46,3
scenes_cafeteria_00002279.jpg,23,17,4,5,1,0,0,0,0,0.6029411554336548,test,0.4949327409267425,71,23
scenes_cemetery_00001449.jpg,38,26,7,9,0,0,0,0,3,0.6029411554336548,test,0.3802234530448913,193,6
scenes_atrium-public_00002970.jpg,36,27,4,7,0,0,0,0,1,0.6764705777168274,test,0.4003507792949676,105,1
scenes_clean_room_00002907.jpg,40,28,7,9,0,1,0,0,0,0.779411792755127,test,0.2630864679813385,271,30
scenes_forest_path_00002830.jpg,30,20,6,9,1,0,0,0,2,0.4264705777168274,test,0.3901545703411102,24,6
scenes_river_00004377.jpg,31,20,4,12,0,0,0,0,3,0.4558823406696319,test,0.3763714730739593,28,3
scenes_server_room_00001826.jpg,32,27,5,5,0,0,0,0,1,0.3970588147640228,test,0.4086975753307342,129,4
scenes_iceberg_00002649.jpg,29,19,7,13,2,0,0,0,0,0.5147058963775635,test,0.3852262198925018,92,3
scenes_boathouse_00002116.jpg,24,18,4,8,0,0,0,0,2,0.3823529481887817,test,0.3815898597240448,75,3
scenes_drugstore_00001435.jpg,41,27,10,13,0,0,0,0,2,0.6029411554336548,test,0.3607463836669922,115,8
scenes_stadium-baseball_00004742.jpg,52,36,9,12,0,0,0,0,2,0.5882353186607361,test,0.3212252557277679,122,25
scenes_valley_00003888.jpg,22,13,2,10,0,0,0,0,1,0.4705882370471954,test,0.4551986157894134,30,3
scenes_kindergarden_classroom_00004022.jpg,42,24,7,10,3,0,0,0,1,0.5882353186607361,test,0.2259093672037124,136,26
scenes_amphitheater_00003853.jpg,47,35,8,9,1,0,0,0,1,0.4705882370471954,test,0.3445658981800079,66,10
scenes_volleyball_court-outdoor_00004175.jpg,40,25,6,13,0,0,0,0,3,0.5147058963775635,test,0.2503313422203064,97,13
scenes_fishpond_00003370.jpg,53,39,11,12,0,0,0,0,1,0.6176470518112183,test,0.3134479522705078,245,4
scenes_museum-outdoor_00003151.jpg,43,27,10,14,0,0,0,0,2,0.5,test,0.2702527642250061,109,8
scenes_bank_vault_00003196.jpg,51,40,6,9,0,0,0,0,2,0.4705882370471954,test,0.302068829536438,97,2
scenes_ice_floe_00001629.jpg,32,16,9,12,0,0,0,0,0,0.3970588147640228,test,0.3517415821552276,60,3
scenes_utility_room_00000159.jpg,42,31,6,10,1,0,0,0,1,0.4264705777168274,test,0.361529141664505,56,9
scenes_sky_00004552.jpg,44,30,9,15,1,0,0,0,2,0.5147058963775635,test,0.34804767370224,46,4
scenes_hospital_room_00003039.jpg,50,37,7,12,0,0,0,0,1,0.4264705777168274,test,0.3234237730503082,89,8
scenes_palace_00003310.jpg,36,27,6,8,0,0,0,0,2,0.5441176295280457,test,0.4529989361763,91,2
scenes_valley_00004309.jpg,31,20,8,9,0,0,0,0,1,0.3823529481887817,test,0.3497045040130615,61,10
scenes_television_studio_00000986.jpg,37,22,5,10,1,1,0,0,1,0.5147058963775635,test,0.311869353055954,80,17
scenes_jacuzzi-indoor_00002421.jpg,53,41,6,9,0,0,0,0,2,0.3823529481887817,test,0.3284435272216797,55,4
scenes_flea_market-indoor_00000896.jpg,58,40,9,12,3,0,0,0,2,0.8088235259056091,test,0.3178182542324066,193,19
scenes_catacomb_00004601.jpg,24,18,2,4,0,0,0,0,3,0.3382352888584137,test,0.4127431809902191,24,3
scenes_campus_00003656.jpg,39,28,8,11,0,0,0,0,0,0.7058823704719543,test,0.2579433619976043,212,22
scenes_toyshop_00000309.jpg,53,36,12,11,0,2,0,0,2,0.6176470518112183,test,0.3182092607021332,182,38
scenes_embassy_00000565.jpg,37,24,2,13,0,0,0,0,1,0.4411764740943908,test,0.3758399188518524,95,2
scenes_laundromat_00003134.jpg,34,26,5,8,0,1,0,0,1,0.3529411852359772,test,0.4219682216644287,65,6
scenes_manufactured_home_00003304.jpg,36,26,5,9,0,0,0,0,2,0.4705882370471954,test,0.3691140115261078,64,5
scenes_harbor_00004910.jpg,35,24,8,8,0,0,0,0,1,0.6470588445663452,test,0.3707082867622375,194,21
scenes_zen_garden_00002432.jpg,21,18,4,5,0,0,0,0,1,0.294117659330368,test,0.5562775731086731,20,3
scenes_arena-performance_00001032.jpg,50,39,5,10,0,0,0,0,0,0.5147058963775635,test,0.2588960230350494,51,2
scenes_orchestra_pit_00000463.jpg,46,31,5,10,0,1,0,0,1,0.5441176295280457,test,0.2130679935216903,123,8
scenes_pub-indoor_00000465.jpg,46,31,8,10,0,2,0,0,3,0.529411792755127,test,0.25457763671875,63,17
scenes_hardware_store_00004165.jpg,52,34,10,14,0,1,0,0,0,0.720588207244873,test,0.2389081865549087,165,31
scenes_vineyard_00003300.jpg,24,13,6,10,0,0,0,0,1,0.4264705777168274,test,0.4224503338336944,39,4
scenes_stage-outdoor_00000337.jpg,46,29,6,16,1,0,0,0,0,0.3529411852359772,test,0.2322875410318374,49,2
scenes_landfill_00001633.jpg,54,39,5,13,0,0,0,1,1,0.5588235259056091,test,0.3235902488231659,65,6
scenes_lecture_room_00000260.jpg,31,22,5,10,0,0,0,0,1,0.529411792755127,test,0.2649093866348266,155,28
scenes_farm_00000212.jpg,38,22,5,16,0,0,0,0,3,0.5147058963775635,test,0.3026038110256195,44,8
scenes_watering_hole_00003327.jpg,36,25,6,15,1,1,0,0,3,0.4705882370471954,test,0.2902995944023132,85,8
scenes_formal_garden_00002693.jpg,32,17,11,10,0,0,0,0,1,0.6176470518112183,test,0.3853302597999573,95,4
scenes_server_room_00000105.jpg,48,38,4,14,0,0,0,0,1,0.5147058963775635,test,0.3663721084594726,100,11
scenes_aquarium_00001979.jpg,42,25,5,13,1,0,0,0,1,0.3529411852359772,test,0.3610799610614776,42,9
scenes_auditorium_00004730.jpg,39,23,4,11,1,1,0,0,1,0.7058823704719543,test,0.2897175550460815,183,38
scenes_desert_road_00002976.jpg,28,17,6,10,0,0,0,0,1,0.3088235259056091,test,0.4391646385192871,74,4
scenes_trench_00002382.jpg,46,34,5,12,1,0,0,0,3,0.5,test,0.3610981404781341,94,5
scenes_volcano_00000169.jpg,33,23,4,12,1,0,0,0,3,0.25,test,0.3504369258880615,30,4
scenes_cafeteria_00001650.jpg,48,31,4,16,1,1,0,0,0,0.6029411554336548,test,0.294051319360733,177,35
scenes_shopfront_00004818.jpg,36,29,8,7,0,1,0,0,0,0.5588235259056091,test,0.3756664395332336,99,8
scenes_barndoor_00001102.jpg,37,29,3,10,0,0,0,0,2,0.3823529481887817,test,0.3658337295055389,61,3
scenes_swamp_00002193.jpg,25,19,3,8,0,0,0,0,2,0.5588235259056091,test,0.4856815040111542,84,2
scenes_farm_00004068.jpg,20,9,4,13,2,0,0,0,2,0.3529411852359772,test,0.3966834247112274,25,4
scenes_stadium-football_00003354.jpg,40,30,6,7,1,0,0,0,0,0.2794117629528045,test,0.2653798758983612,37,2
scenes_lake-natural_00004632.jpg,43,25,5,16,2,0,0,0,4,0.2205882370471954,test,0.3463021218776703,19,2
scenes_florist_shop-indoor_00003615.jpg,21,15,9,6,0,0,0,0,0,0.4852941036224365,test,0.5446645021438599,58,2
scenes_desert-vegetation_00004816.jpg,27,19,7,9,0,0,0,0,2,0.4411764740943908,test,0.381585955619812,105,4
scenes_restaurant_kitchen_00000929.jpg,54,38,6,10,1,1,0,0,2,0.5147058963775635,test,0.2520715296268463,120,14
scenes_basketball_court-indoor_00002396.jpg,41,29,8,6,0,1,0,0,0,0.529411792755127,test,0.3259958922863006,105,16
scenes_bazaar-outdoor_00000041.jpg,40,28,6,10,0,0,0,0,1,0.7058823704719543,test,0.2393445074558258,182,23
scenes_restaurant_kitchen_00000813.jpg,43,33,7,11,0,0,0,1,0,0.4705882370471954,test,0.4023677706718445,61,12
scenes_operating_room_00003981.jpg,38,25,7,10,2,0,0,0,1,0.5,test,0.2692979574203491,83,14
scenes_booth-indoor_00001071.jpg,41,28,5,13,0,0,0,0,0,0.4705882370471954,test,0.3347620964050293,97,10
scenes_hospital_room_00003254.jpg,56,36,11,15,0,2,1,1,3,0.5147058963775635,test,0.2756313383579254,112,16
scenes_reception_00001914.jpg,44,30,4,13,0,0,0,0,2,0.4558823406696319,test,0.3995980024337768,63,12
scenes_church-indoor_00002293.jpg,15,10,4,2,0,0,0,0,0,0.4411764740943908,test,0.6891539096832275,76,3
scenes_parking_lot_00003429.jpg,35,22,11,9,0,0,0,0,0,0.4411764740943908,test,0.3725670278072357,52,6
scenes_village_00003412.jpg,47,30,7,12,0,1,0,0,1,0.6323529481887817,test,0.24183289706707,171,26
scenes_art_school_00002709.jpg,47,32,5,11,0,2,0,0,0,0.5588235259056091,test,0.3073292076587677,165,21
scenes_delicatessen_00001085.jpg,56,41,7,12,0,0,0,0,3,0.5147058963775635,test,0.3420623540878296,88,9
scenes_marsh_00003975.jpg,16,10,2,8,0,0,0,0,1,0.3676470518112182,test,0.4271470904350281,25,3
scenes_pagoda_00001028.jpg,20,14,6,7,0,0,0,0,0,0.3970588147640228,test,0.4531963467597961,58,3
scenes_parking_lot_00002655.jpg,45,30,8,15,0,0,0,0,1,0.5,test,0.2825261950492859,106,13
scenes_vegetable_garden_00003734.jpg,27,19,4,9,1,0,0,0,2,0.4852941036224365,test,0.3588263094425201,41,4
scenes_downtown_00001932.jpg,44,29,6,14,0,1,0,0,3,0.4852941036224365,test,0.3530901372432709,82,5
scenes_highway_00003707.jpg,37,24,6,11,0,0,0,0,1,0.5147058963775635,test,0.356965571641922,183,5
scenes_arch_00000697.jpg,26,21,6,7,0,0,0,0,1,0.4558823406696319,test,0.3593142628669739,40,2
scenes_computer_room_00001076.jpg,48,35,2,14,0,2,0,0,0,0.6323529481887817,test,0.3479663431644439,140,22
scenes_hangar-outdoor_00000227.jpg,38,27,6,9,0,0,0,0,1,0.4117647111415863,test,0.2917996346950531,66,8
scenes_raceway_00002458.jpg,42,28,7,11,1,1,0,0,0,0.6470588445663452,test,0.2765122652053833,59,8
scenes_mountain_snowy_00001059.jpg,30,21,5,10,1,0,0,0,1,0.4117647111415863,test,0.3876477181911468,30,5
scenes_cabin-outdoor_00003395.jpg,42,29,9,8,0,0,0,0,2,0.6029411554336548,test,0.3073420524597168,155,11
scenes_arch_00000607.jpg,36,26,5,10,0,0,0,0,1,0.529411792755127,test,0.379224956035614,42,4
scenes_restaurant_kitchen_00002588.jpg,48,30,9,11,1,1,0,0,1,0.4705882370471954,test,0.2523858547210693,103,17
scenes_campus_00000902.jpg,49,33,8,11,1,1,0,0,2,0.3970588147640228,test,0.2654714286327362,51,8
scenes_rope_bridge_00002319.jpg,43,27,6,12,1,1,0,0,2,0.5588235259056091,test,0.2325200289487838,77,11
scenes_baseball_field_00004555.jpg,45,33,6,9,1,1,0,0,1,0.2647058963775635,test,0.279377281665802,29,5
scenes_desert-vegetation_00004405.jpg,47,30,11,13,0,1,0,0,0,0.4852941036224365,test,0.233108714222908,125,8
scenes_storage_room_00002958.jpg,37,22,4,16,0,1,0,1,1,0.4852941036224365,test,0.4403095543384552,108,8
scenes_baseball_field_00000790.jpg,39,27,10,9,1,1,0,0,0,0.3970588147640228,test,0.306983083486557,56,7
scenes_arch_00002371.jpg,33,18,10,12,1,0,0,0,1,0.4558823406696319,test,0.4140015244483948,88,3
scenes_subway_station-platform_00001897.jpg,48,38,8,7,0,0,0,1,0,0.5,test,0.3398360908031463,93,9
scenes_living_room_00003785.jpg,50,35,7,12,0,1,0,0,1,0.5,test,0.3094033598899841,117,22
scenes_desert-sand_00001671.jpg,43,31,5,10,1,0,0,0,2,0.4411764740943908,test,0.2249769866466522,99,12
scenes_artists_loft_00000692.jpg,58,44,5,12,0,1,0,1,0,0.5588235259056091,test,0.3541049361228943,155,20
scenes_waterfall_00003145.jpg,33,19,6,14,1,0,0,0,0,0.3382352888584137,test,0.3414929807186126,20,1
scenes_fabric_store_00003809.jpg,58,41,12,13,0,1,0,0,0,0.7058823704719543,test,0.3571482300758362,233,20
scenes_tree_farm_00000249.jpg,26,18,6,5,0,0,0,0,2,0.4117647111415863,test,0.469387412071228,86,4
scenes_train_interior_00004454.jpg,47,38,9,9,0,0,0,0,0,0.5588235259056091,test,0.2905013263225555,113,12
scenes_throne_room_00001447.jpg,45,35,5,8,1,0,0,0,0,0.5441176295280457,test,0.3629041314125061,111,18
scenes_barn_00002790.jpg,37,25,4,12,1,0,0,0,2,0.3970588147640228,test,0.401028037071228,49,3
scenes_slum_00001950.jpg,41,30,8,8,0,0,0,0,2,0.6029411554336548,test,0.3769669234752655,134,6
scenes_hotel_room_00002636.jpg,48,31,6,12,0,0,0,0,2,0.3970588147640228,test,0.3925538957118988,49,9
scenes_ski_resort_00001946.jpg,40,25,9,12,0,0,0,0,2,0.3235294222831726,test,0.328462541103363,57,8
scenes_hospital_room_00003374.jpg,49,31,13,12,0,2,0,0,0,0.4705882370471954,test,0.293550431728363,74,9
scenes_lecture_room_00004355.jpg,39,26,2,13,0,0,0,0,2,0.5,test,0.2763416767120361,59,11
scenes_general_store-outdoor_00004640.jpg,35,25,5,7,1,0,0,0,0,0.5,test,0.3661346137523651,61,9
scenes_downtown_00000997.jpg,44,29,9,11,1,0,0,0,1,0.529411792755127,test,0.3090095520019531,90,7
scenes_oast_house_00002143.jpg,27,22,3,12,0,0,0,0,1,0.1617647111415863,test,0.3549626171588897,17,3
scenes_butchers_shop_00003805.jpg,55,42,9,13,0,1,0,0,3,0.6029411554336548,test,0.2954896688461303,205,18
scenes_bedchamber_00000109.jpg,47,35,8,7,1,0,0,0,0,0.4264705777168274,test,0.3225830197334289,63,5
scenes_wind_farm_00004022.jpg,35,22,4,12,1,0,0,1,2,0.1323529481887817,test,0.3260478675365448,26,4
scenes_water_park_00004630.jpg,35,26,4,10,1,0,0,0,0,0.5,test,0.3289868533611297,20,2
scenes_banquet_hall_00004683.jpg,49,31,8,12,1,0,0,0,1,0.720588207244873,test,0.2365429252386093,199,49
scenes_library-indoor_00001180.jpg,50,34,7,13,1,2,0,0,1,0.5735294222831726,test,0.2448586672544479,132,31
scenes_corn_field_00001564.jpg,24,16,5,10,0,0,0,0,0,0.5588235259056091,test,0.4717718660831451,132,2
scenes_art_gallery_00001350.jpg,56,40,10,9,0,0,0,0,2,0.3970588147640228,test,0.2809591293334961,59,5
scenes_tower_00001800.jpg,43,28,7,12,1,1,0,0,2,0.529411792755127,test,0.2255367785692215,115,20
scenes_phone_booth_00003185.jpg,35,22,7,11,0,0,0,0,3,0.5147058963775635,test,0.3551956415176391,61,3
scenes_diner-outdoor_00004960.jpg,40,31,6,10,0,0,0,0,1,0.6176470518112183,test,0.3872826099395752,57,15
scenes_department_store_00003444.jpg,40,27,4,8,2,0,0,1,1,0.6323529481887817,test,0.3239999413490295,165,19
scenes_dining_room_00003107.jpg,64,47,6,12,1,0,0,1,1,0.5588235259056091,test,0.2872019410133362,123,20
scenes_elevator-door_00002864.jpg,33,19,3,13,1,0,0,0,1,0.4705882370471954,test,0.4642196595668793,50,0
scenes_conference_room_00000472.jpg,46,38,6,10,1,2,0,1,0,0.5882353186607361,test,0.3377354145050049,104,16
scenes_pet_shop_00002812.jpg,38,29,7,11,1,1,0,0,0,0.7352941036224365,test,0.4037854671478271,148,13
scenes_rock_arch_00000100.jpg,32,18,5,15,0,0,0,0,1,0.294117659330368,test,0.3915621638298034,28,2
scenes_greenhouse-outdoor_00000881.jpg,41,29,5,12,0,0,0,0,1,0.5147058963775635,test,0.3671034574508667,67,5
scenes_pagoda_00003453.jpg,38,28,6,10,0,0,0,0,2,0.5588235259056091,test,0.3908326327800751,121,9
scenes_discotheque_00004943.jpg,44,31,7,12,1,1,0,0,0,0.4705882370471954,test,0.2648365795612335,50,7
scenes_heliport_00002090.jpg,45,28,10,12,2,0,0,0,1,0.3970588147640228,test,0.2900646924972534,75,5
scenes_bus_interior_00001404.jpg,50,36,10,8,0,0,0,0,1,0.4852941036224365,test,0.2800478339195251,95,9
scenes_canal-natural_00002666.jpg,38,27,7,9,0,0,0,0,1,0.4852941036224365,test,0.2945303618907928,41,4
scenes_arena-rodeo_00002835.jpg,49,32,8,12,0,1,0,0,1,0.4852941036224365,test,0.2017883211374282,102,10
scenes_tundra_00004301.jpg,25,16,4,10,0,0,0,0,1,0.3970588147640228,test,0.4503310322761535,35,3
scenes_bowling_alley_00000417.jpg,51,40,3,8,0,0,0,0,2,0.6323529481887817,test,0.2419074326753616,130,12
scenes_living_room_00003508.jpg,37,28,3,11,0,1,0,0,0,0.5,test,0.4125674068927765,83,12
scenes_golf_course_00002394.jpg,42,28,7,13,0,1,0,0,0,0.3676470518112182,test,0.2512957751750946,61,4
scenes_campsite_00003538.jpg,38,26,3,13,1,0,0,0,2,0.4411764740943908,test,0.33099165558815,50,5
scenes_natural_history_museum_00002807.jpg,49,34,6,16,0,0,0,0,3,0.5588235259056091,test,0.3196118175983429,98,10
scenes_storage_room_00000291.jpg,45,35,4,9,0,1,0,0,0,0.6323529481887817,test,0.3547218739986419,142,13
scenes_watering_hole_00003778.jpg,31,19,11,7,0,1,0,0,1,0.529411792755127,test,0.2866175174713135,143,4
scenes_bow_window-indoor_00000172.jpg,50,36,7,11,1,0,0,0,3,0.4264705777168274,test,0.3878291547298431,58,8
scenes_playroom_00002601.jpg,36,27,4,13,0,2,0,0,0,0.4852941036224365,test,0.4228703379631042,71,10
scenes_recreation_room_00000554.jpg,56,38,5,11,1,1,0,0,1,0.4705882370471954,test,0.2341605871915817,81,7
scenes_fabric_store_00002923.jpg,54,37,7,12,0,0,0,0,3,0.4705882370471954,test,0.3638733327388763,34,2
scenes_japanese_garden_00004785.jpg,37,27,2,9,0,0,0,0,1,0.4852941036224365,test,0.3838360607624054,122,5
scenes_nursing_home_00001442.jpg,43,23,8,10,1,1,0,0,1,0.6176470518112183,test,0.271715760231018,125,16
scenes_bus_station-indoor_00000710.jpg,47,38,7,11,1,0,0,0,2,0.4411764740943908,test,0.330572634935379,120,5
scenes_booth-indoor_00004074.jpg,50,33,7,10,1,0,0,1,1,0.5735294222831726,test,0.2727785408496856,164,13
scenes_lighthouse_00003838.jpg,42,30,5,13,0,0,0,0,2,0.3970588147640228,test,0.3593910336494446,78,12
scenes_synagogue-outdoor_00002366.jpg,37,23,6,14,0,0,0,0,1,0.3970588147640228,test,0.4011640548706054,66,6
scenes_bowling_alley_00000757.jpg,39,28,5,8,0,2,0,0,1,0.5882353186607361,test,0.355646014213562,103,13
scenes_market-indoor_00001112.jpg,41,29,7,10,0,1,0,0,2,0.6764705777168274,test,0.2657699286937713,172,19
scenes_village_00000682.jpg,27,21,4,11,0,0,0,0,2,0.4852941036224365,test,0.4497583508491516,112,7
scenes_pasture_00002254.jpg,29,21,4,10,0,0,0,0,1,0.3676470518112182,test,0.4035142362117767,38,3
scenes_plaza_00002084.jpg,41,28,8,11,0,0,0,0,2,0.5441176295280457,test,0.3419877886772156,114,6
scenes_bookstore_00004081.jpg,26,18,4,11,0,0,0,0,0,0.529411792755127,test,0.485402375459671,81,16
scenes_football_field_00000909.jpg,41,27,12,8,1,1,0,0,0,0.4264705777168274,test,0.2940447032451629,93,8
scenes_moat-water_00004184.jpg,23,19,2,6,1,0,0,0,1,0.4705882370471954,test,0.4048642814159393,107,4
scenes_bowling_alley_00004390.jpg,44,29,10,11,0,1,0,0,2,0.4705882370471954,test,0.3543919026851654,108,10
scenes_manufactured_home_00004432.jpg,29,22,4,6,0,0,0,0,3,0.4558823406696319,test,0.3746455609798431,63,6
scenes_sandbox_00000884.jpg,56,36,7,16,1,0,0,0,3,0.5,test,0.2348769009113311,107,11
scenes_zen_garden_00004753.jpg,57,37,5,17,0,0,0,0,1,0.2794117629528045,test,0.3611937761306762,54,1
scenes_wet_bar_00003317.jpg,32,25,4,7,1,0,0,0,1,0.3970588147640228,test,0.4725307822227478,39,7
scenes_archaelogical_excavation_00003910.jpg,41,26,8,12,0,0,0,0,1,0.5147058963775635,test,0.2534277439117431,120,17
scenes_engine_room_00000717.jpg,55,42,6,12,0,1,0,0,1,0.4852941036224365,test,0.3254589736461639,115,12
scenes_pet_shop_00001166.jpg,34,24,5,7,0,0,0,0,1,0.5588235259056091,test,0.3816672265529632,96,11
scenes_office_00002579.jpg,48,31,9,13,0,1,0,0,2,0.4411764740943908,test,0.2699773013591766,53,9
scenes_artists_loft_00003759.jpg,55,35,5,17,1,0,0,1,1,0.5588235259056091,test,0.3634089529514313,106,20
scenes_entrance_hall_00002449.jpg,45,30,7,15,1,0,0,0,1,0.6176470518112183,test,0.2565855979919433,121,33
scenes_underwater-ocean_deep_00001901.jpg,9,6,1,5,0,0,0,0,0,0.1617647111415863,test,0.6347211599349976,5,1
scenes_television_room_00003149.jpg,41,33,1,7,1,0,0,1,0,0.5882353186607361,test,0.3806231915950775,128,17
scenes_crosswalk_00000786.jpg,41,29,9,8,0,0,0,0,1,0.4852941036224365,test,0.270244836807251,125,11
scenes_kindergarden_classroom_00000449.jpg,33,18,4,10,0,0,0,0,3,0.6911764740943909,test,0.2564443051815033,186,23
scenes_chemistry_lab_00002152.jpg,48,36,7,11,0,1,0,0,0,0.6617646813392639,test,0.3315295875072479,145,10
scenes_golf_course_00003189.jpg,28,19,4,12,0,0,0,0,2,0.3823529481887817,test,0.3962571620941162,53,5
scenes_reception_00004630.jpg,52,40,10,12,0,1,0,0,2,0.3970588147640228,test,0.3004568517208099,73,9
scenes_valley_00004165.jpg,39,23,11,12,0,0,0,0,2,0.4411764740943908,test,0.3546611964702606,66,5
scenes_viaduct_00002083.jpg,39,25,6,12,0,1,0,0,0,0.3970588147640228,test,0.2575074732303619,61,6
scenes_amusement_park_00002569.jpg,50,35,8,11,0,1,0,0,2,0.5735294222831726,test,0.341550201177597,101,8
scenes_botanical_garden_00002562.jpg,45,31,7,14,0,1,0,0,2,0.5147058963775635,test,0.2029811143875122,68,8
scenes_restaurant_00004794.jpg,52,38,5,12,1,0,0,0,0,0.5441176295280457,test,0.2777570188045501,118,18
scenes_yard_00000478.jpg,35,24,4,9,0,0,0,0,3,0.529411792755127,test,0.3513150215148926,94,7
scenes_butte_00004874.jpg,29,20,1,11,0,0,0,0,2,0.3529411852359772,test,0.4020600616931915,15,3
scenes_oast_house_00002439.jpg,20,15,4,6,0,0,0,0,0,0.4558823406696319,test,0.6076769232749939,63,4
scenes_landing_deck_00002357.jpg,40,24,12,11,0,0,0,0,0,0.3676470518112182,test,0.208260640501976,67,14
scenes_grotto_00002528.jpg,38,24,6,10,1,1,0,0,1,0.4411764740943908,test,0.2669238150119781,36,3
scenes_forest_road_00002940.jpg,35,19,8,15,0,0,0,0,1,0.5147058963775635,test,0.3831606209278106,68,4
scenes_fire_escape_00004528.jpg,23,16,3,7,0,0,0,0,2,0.4705882370471954,test,0.4608508050441742,56,3
scenes_stage-indoor_00004616.jpg,36,24,6,14,0,0,0,0,1,0.3235294222831726,test,0.3160895705223083,32,4
scenes_ice_skating_rink-indoor_00002312.jpg,34,21,7,6,1,1,0,0,1,0.6764705777168274,test,0.2942925691604614,195,21
scenes_basketball_court-indoor_00004215.jpg,51,29,7,13,1,1,0,0,2,0.5588235259056091,test,0.2798527181148529,108,14
scenes_library-outdoor_00000253.jpg,44,32,10,13,0,0,0,0,1,0.4264705777168274,test,0.3242335915565491,89,5
scenes_archive_00001797.jpg,43,35,5,8,0,1,0,1,1,0.3970588147640228,test,0.3857382237911224,76,4
scenes_church-indoor_00004250.jpg,44,32,7,11,1,0,0,0,0,0.5441176295280457,test,0.37596395611763,71,10
scenes_boardwalk_00002323.jpg,40,26,10,11,0,0,0,0,1,0.4852941036224365,test,0.319747656583786,147,7
scenes_canal-natural_00000466.jpg,34,24,7,8,1,0,0,0,2,0.4264705777168274,test,0.297612190246582,43,10
scenes_dining_room_00001411.jpg,46,32,9,11,0,1,0,0,2,0.3676470518112182,test,0.35077965259552,41,6
scenes_clean_room_00001575.jpg,40,31,8,8,0,0,0,0,0,0.4852941036224365,test,0.3133794367313385,123,13
scenes_heliport_00003621.jpg,31,18,11,9,0,0,0,0,2,0.529411792755127,test,0.3760583102703094,118,6
scenes_entrance_hall_00000912.jpg,30,26,4,6,0,1,0,0,0,0.4117647111415863,test,0.4122404158115387,60,3
scenes_athletic_field-outdoor_00002002.jpg,50,32,7,14,0,1,0,0,1,0.4117647111415863,test,0.2367236763238906,84,12
scenes_natural_history_museum_00003348.jpg,48,37,4,13,1,0,0,0,2,0.6029411554336548,test,0.3161670565605163,108,2
scenes_oast_house_00000381.jpg,23,16,5,13,0,0,0,0,1,0.25,test,0.4037646353244781,16,3
scenes_forest-broadleaf_00000391.jpg,11,8,2,4,0,0,0,0,0,0.5588235259056091,test,0.6791453957557678,81,1
scenes_alley_00002607.jpg,36,24,8,10,1,0,0,0,1,0.7352941036224365,test,0.3181074261665344,233,19
scenes_parking_garage-outdoor_00001361.jpg,38,28,8,9,0,0,0,0,2,0.4558823406696319,test,0.2952377200126648,73,6
scenes_nursing_home_00003772.jpg,47,36,7,9,0,2,1,0,2,0.529411792755127,test,0.2581211626529693,111,15
scenes_airport_terminal_00003159.jpg,40,29,8,12,0,0,0,0,3,0.5441176295280457,test,0.333126962184906,91,9
scenes_volleyball_court-outdoor_00002433.jpg,50,30,11,13,2,1,0,0,0,0.5147058963775635,test,0.2608630061149597,152,19
scenes_natural_history_museum_00004084.jpg,53,39,6,12,1,0,0,0,2,0.4117647111415863,test,0.2879345417022705,39,4
scenes_river_00001086.jpg,21,15,3,6,0,0,0,0,0,0.5882353186607361,test,0.5571612119674683,63,1
scenes_ballroom_00002556.jpg,36,24,6,10,0,2,1,0,3,0.529411792755127,test,0.2465806603431701,112,14
scenes_motel_00003095.jpg,33,21,10,10,0,0,0,0,2,0.4558823406696319,test,0.343651682138443,91,7
scenes_volcano_00003830.jpg,25,17,6,8,1,0,0,0,1,0.4558823406696319,test,0.4510783553123474,25,3
scenes_cafeteria_00003425.jpg,41,29,6,8,0,1,0,0,0,0.6911764740943909,test,0.2792920768260956,146,36
scenes_mezzanine_00001059.jpg,42,32,3,12,0,1,0,1,2,0.4852941036224365,test,0.3934992253780365,85,15
scenes_throne_room_00001127.jpg,44,32,7,15,0,2,0,0,1,0.6029411554336548,test,0.3833088278770447,83,11
scenes_doorway-outdoor_00000556.jpg,45,30,6,10,1,0,0,0,1,0.4705882370471954,test,0.3573766648769378,86,7
scenes_home_theater_00003207.jpg,41,26,5,16,1,0,0,0,0,0.4705882370471954,test,0.3451704084873199,79,14
scenes_mountain_snowy_00004610.jpg,17,11,6,8,0,0,0,0,0,0.3382352888584137,test,0.5648549199104309,37,3
scenes_pasture_00002717.jpg,20,11,9,8,0,0,0,0,1,0.3970588147640228,test,0.3969447612762451,94,7
scenes_clothing_store_00001746.jpg,60,37,14,12,0,2,0,0,1,0.5,test,0.2674564123153686,74,5
scenes_igloo_00003552.jpg,37,24,5,11,2,0,0,0,2,0.3676470518112182,test,0.3640840947628021,49,7
scenes_golf_course_00004833.jpg,36,24,7,10,0,1,0,0,1,0.3088235259056091,test,0.2530278861522674,32,4
scenes_candy_store_00002361.jpg,55,37,10,14,0,1,0,0,1,0.6617646813392639,test,0.3310126364231109,174,26
scenes_conference_room_00004966.jpg,42,30,7,9,0,1,0,0,1,0.5147058963775635,test,0.3074868321418762,119,37
scenes_delicatessen_00002507.jpg,50,33,7,14,0,2,0,0,0,0.5441176295280457,test,0.2372670471668243,112,17
scenes_islet_00000944.jpg,32,21,5,12,1,0,0,0,2,0.2794117629528045,test,0.3453961014747619,32,3
scenes_gift_shop_00002363.jpg,55,39,8,14,1,1,0,0,1,0.5882353186607361,test,0.3257446587085724,145,12
scenes_building_facade_00001419.jpg,40,26,7,15,0,0,0,0,1,0.5441176295280457,test,0.3205645978450775,203,10
scenes_glacier_00000083.jpg,31,22,11,7,0,1,0,0,0,0.3676470518112182,test,0.3166306018829345,48,9
scenes_construction_site_00004221.jpg,44,30,3,12,2,0,0,0,3,0.5,test,0.3379096686840057,98,7
scenes_sandbox_00000424.jpg,40,23,6,9,1,0,0,0,3,0.4117647111415863,test,0.2354945391416549,58,5
scenes_jewelry_shop_00003325.jpg,47,34,5,8,0,1,0,0,1,0.75,test,0.3262875974178314,245,3
scenes_driveway_00004187.jpg,38,27,5,9,0,0,0,0,2,0.3676470518112182,test,0.3659192025661468,49,8
scenes_bazaar-indoor_00002386.jpg,49,33,12,6,1,1,0,0,1,0.7058823704719543,test,0.2682147622108459,199,9
scenes_beer_garden_00000570.jpg,35,21,6,12,0,0,0,0,2,0.779411792755127,test,0.2552003562450409,193,31
scenes_arena-hockey_00001792.jpg,44,33,6,11,0,1,0,0,0,0.3823529481887817,test,0.3075359463691711,74,5
scenes_wave_00004866.jpg,49,33,6,17,0,0,0,0,1,0.4705882370471954,test,0.312792420387268,36,5
scenes_arena-performance_00004387.jpg,37,25,10,6,0,1,0,0,1,0.6911764740943909,test,0.3119182586669922,174,21
scenes_dressing_room_00000691.jpg,42,24,6,17,0,1,1,0,3,0.2794117629528045,test,0.221070185303688,21,4
scenes_stadium-soccer_00004547.jpg,42,28,7,11,0,0,0,0,0,0.720588207244873,test,0.2455918192863464,245,18
scenes_aquarium_00004784.jpg,37,29,5,9,0,1,0,0,0,0.5,test,0.2421843856573104,44,10
scenes_field_road_00003906.jpg,26,17,5,8,0,0,0,0,2,0.4117647111415863,test,0.4212731719017029,51,5
scenes_jail_cell_00002683.jpg,28,19,6,6,0,0,0,0,0,0.3823529481887817,test,0.5165677070617676,125,2
scenes_biology_laboratory_00000421.jpg,46,29,11,13,0,2,0,0,1,0.4264705777168274,test,0.2658664584159851,78,9
scenes_boathouse_00004622.jpg,25,18,5,9,2,0,0,0,1,0.3676470518112182,test,0.3793895542621612,88,6
scenes_heliport_00004599.jpg,38,25,4,14,1,0,0,0,1,0.4264705777168274,test,0.2942064106464386,51,5
scenes_repair_shop_00003587.jpg,59,37,9,14,3,0,0,0,2,0.4558823406696319,test,0.2441722601652145,107,5
scenes_mountain_snowy_00002245.jpg,16,7,4,11,0,0,0,0,0,0.5,test,0.4833479523658752,42,3
scenes_flea_market-indoor_00002013.jpg,40,30,3,11,1,0,0,0,2,0.6617646813392639,test,0.2605799734592438,166,10
scenes_construction_site_00001682.jpg,48,32,9,16,0,0,0,0,0,0.529411792755127,test,0.2869556248188019,170,18
scenes_food_court_00001318.jpg,55,42,8,10,0,1,0,0,0,0.5588235259056091,test,0.3691155016422272,160,25
scenes_sandbox_00003320.jpg,37,26,6,7,0,1,0,0,2,0.5882353186607361,test,0.2731488645076751,111,17
scenes_clean_room_00000800.jpg,53,36,7,13,0,1,0,0,0,0.6617646813392639,test,0.3081118464469909,181,14
scenes_booth-indoor_00002513.jpg,46,28,8,13,0,1,0,0,1,0.6176470518112183,test,0.2691883146762848,140,21
scenes_drugstore_00003367.jpg,40,29,7,12,0,1,0,0,2,0.6911764740943909,test,0.3754279017448425,258,36
scenes_mansion_00002900.jpg,38,30,7,10,1,0,0,0,0,0.4852941036224365,test,0.3838693797588348,97,8
scenes_restaurant_00001050.jpg,43,32,2,15,0,0,0,0,0,0.4852941036224365,test,0.397051453590393,65,13
scenes_throne_room_00002046.jpg,42,31,5,9,0,0,0,0,0,0.5,test,0.4244814813137054,79,6
scenes_basketball_court-indoor_00001595.jpg,45,30,7,11,0,0,0,0,1,0.6323529481887817,test,0.2400196343660354,122,18
scenes_army_base_00000306.jpg,47,30,6,10,0,1,0,0,3,0.4558823406696319,test,0.2454473227262497,62,6
scenes_gazebo-exterior_00001726.jpg,49,29,9,15,1,0,0,0,2,0.4558823406696319,test,0.3371839821338653,99,6
scenes_dressing_room_00000929.jpg,53,32,9,13,3,1,0,0,2,0.5147058963775635,test,0.2798247337341308,99,8
scenes_water_park_00001113.jpg,42,35,6,13,0,1,0,0,1,0.5,test,0.259939581155777,66,9
scenes_conference_center_00003695.jpg,44,27,9,11,0,0,0,0,1,0.6323529481887817,test,0.2643776834011078,173,40
scenes_general_store-outdoor_00000742.jpg,34,22,7,9,0,0,0,0,0,0.4852941036224365,test,0.324329674243927,100,9
scenes_greenhouse-outdoor_00002005.jpg,44,28,11,11,2,0,0,0,2,0.5735294222831726,test,0.3177158534526825,94,4
scenes_football_field_00000025.jpg,40,30,6,10,0,0,0,0,0,0.4264705777168274,test,0.2996590435504913,99,10
scenes_office_00004628.jpg,50,39,3,11,1,0,0,1,1,0.529411792755127,test,0.3472322821617126,131,17
scenes_fabric_store_00000907.jpg,35,26,5,10,1,2,0,0,0,0.6470588445663452,test,0.3707630038261413,157,20
scenes_office_00004441.jpg,46,36,4,10,0,1,1,0,1,0.5882353186607361,test,0.3486883640289306,85,19
scenes_patio_00001341.jpg,40,27,6,10,0,0,0,0,4,0.5588235259056091,test,0.3594127297401428,90,4
scenes_swimming_pool-outdoor_00002315.jpg,38,28,8,9,1,0,0,0,3,0.3235294222831726,test,0.3207869827747345,53,5
scenes_butchers_shop_00002677.jpg,45,32,8,10,1,2,0,0,1,0.4852941036224365,test,0.2991395592689514,109,5
scenes_beauty_salon_00000085.jpg,41,26,9,13,1,2,0,1,0,0.5588235259056091,test,0.3319824934005737,164,26
scenes_house_00003107.jpg,29,22,3,7,0,0,0,0,2,0.529411792755127,test,0.457923024892807,93,7
scenes_swamp_00002244.jpg,30,19,7,10,0,0,0,0,1,0.3088235259056091,test,0.3518811762332916,14,3
scenes_auditorium_00004272.jpg,52,33,9,12,0,1,1,0,2,0.5,test,0.240387812256813,103,13
scenes_bus_interior_00000052.jpg,42,29,11,7,0,1,0,0,1,0.5441176295280457,test,0.2255329042673111,102,18
scenes_synagogue-outdoor_00003445.jpg,36,25,4,10,0,0,0,0,2,0.6029411554336548,test,0.4295150935649872,90,5
scenes_legislative_chamber_00000884.jpg,42,31,5,10,0,0,0,0,1,0.4705882370471954,test,0.2883709371089935,65,12
scenes_mountain_00001393.jpg,49,37,5,12,1,0,0,0,1,0.4852941036224365,test,0.3296928703784942,66,7
scenes_dining_room_00003643.jpg,32,20,9,8,0,0,0,0,1,0.5588235259056091,test,0.2683242857456207,130,27
scenes_ocean_00004707.jpg,26,17,9,6,0,0,0,0,2,0.4411764740943908,test,0.3589508533477783,128,4
scenes_parking_garage-indoor_00002823.jpg,51,39,5,11,0,1,0,0,2,0.4558823406696319,test,0.3154807984828949,144,4
scenes_television_studio_00004174.jpg,41,27,7,12,1,0,0,0,0,0.5,test,0.2529138922691345,100,17
scenes_greenhouse-outdoor_00001980.jpg,39,30,11,11,0,0,0,0,0,0.5882353186607361,test,0.3506405651569366,78,9
scenes_berth_00004662.jpg,47,32,5,12,0,0,0,0,3,0.3823529481887817,test,0.2986061573028564,44,4
scenes_subway_station-platform_00002707.jpg,38,26,6,10,0,1,0,0,1,0.4264705777168274,test,0.2912231385707855,65,5
scenes_hunting_lodge-outdoor_00004993.jpg,32,21,8,10,0,0,0,0,1,0.4117647111415863,test,0.3762176930904388,62,7
scenes_ball_pit_00002969.jpg,37,25,7,8,0,1,0,0,1,0.6911764740943909,test,0.2294201850891113,98,15
scenes_chemistry_lab_00003264.jpg,58,43,6,15,0,1,0,0,1,0.6617646813392639,test,0.3712842464447021,109,13
scenes_lecture_room_00000961.jpg,32,21,5,8,0,0,0,0,1,0.5735294222831726,test,0.2237263619899749,195,32
scenes_viaduct_00002636.jpg,29,18,6,9,0,0,0,0,2,0.5588235259056091,test,0.412104070186615,147,4
scenes_bowling_alley_00000791.jpg,37,19,7,12,0,1,0,0,2,0.7058823704719543,test,0.270749419927597,152,28
scenes_highway_00001947.jpg,33,21,7,11,0,0,0,0,1,0.3382352888584137,test,0.3617346584796905,57,6
scenes_nursery_00004093.jpg,25,21,2,6,0,0,0,0,1,0.4558823406696319,test,0.4936001300811767,73,4
scenes_village_00000639.jpg,27,15,5,10,0,0,0,0,2,0.5,test,0.4005273878574371,169,7
scenes_slum_00004044.jpg,44,32,5,11,0,0,0,0,1,0.4852941036224365,test,0.3482929170131683,66,5
scenes_baseball_field_00003959.jpg,41,26,5,13,1,1,0,0,2,0.4411764740943908,test,0.2427879869937896,48,9
scenes_basement_00003797.jpg,43,30,6,15,1,1,0,0,1,0.5147058963775635,test,0.426363855600357,55,3
scenes_nursing_home_00000067.jpg,33,24,4,8,0,0,0,0,3,0.2647058963775635,test,0.3469395637512207,32,4
scenes_viaduct_00000292.jpg,27,17,7,10,0,0,0,0,2,0.3676470518112182,test,0.3989954590797424,92,2
scenes_elevator-door_00001948.jpg,46,37,2,8,1,0,0,0,2,0.3088235259056091,test,0.4013436138629913,46,3
scenes_boathouse_00004599.jpg,26,18,8,11,0,0,0,0,2,0.4558823406696319,test,0.3077289462089538,78,9
scenes_airfield_00000312.jpg,34,22,5,11,1,0,0,0,1,0.3676470518112182,test,0.3768348097801208,77,6
scenes_water_park_00004867.jpg,49,34,7,16,1,0,0,0,1,0.529411792755127,test,0.2761901319026947,130,18
scenes_beer_hall_00004078.jpg,34,25,4,11,0,0,0,0,0,0.4264705777168274,test,0.4956501126289367,62,12
scenes_building_facade_00004579.jpg,45,33,7,10,1,0,0,1,1,0.6323529481887817,test,0.314832866191864,109,18
scenes_banquet_hall_00002342.jpg,48,33,6,11,1,0,0,1,0,0.5882353186607361,test,0.3388262391090393,171,36
scenes_desert_road_00001245.jpg,30,23,6,9,1,0,0,0,1,0.2647058963775635,test,0.3250760436058044,60,6
scenes_lagoon_00003351.jpg,27,17,8,9,0,0,0,0,2,0.4117647111415863,test,0.3435242772102356,26,4
scenes_gas_station_00004483.jpg,32,26,3,7,0,0,0,0,1,0.529411792755127,test,0.4516922831535339,94,7
scenes_stage-outdoor_00001909.jpg,47,34,7,13,0,2,0,0,1,0.5735294222831726,test,0.2678147554397583,125,17
scenes_wet_bar_00003012.jpg,54,35,7,16,0,0,0,0,2,0.5,test,0.2866080701351166,28,8
scenes_jacuzzi-indoor_00002737.jpg,45,29,8,13,0,0,0,0,2,0.3676470518112182,test,0.4276362657546997,68,6
scenes_airfield_00001912.jpg,38,24,7,13,1,0,0,0,1,0.4705882370471954,test,0.3326474130153656,75,7
scenes_wet_bar_00003623.jpg,53,37,7,14,2,0,0,1,1,0.5588235259056091,test,0.3001698553562164,153,22
scenes_downtown_00004209.jpg,34,22,5,11,0,0,0,0,2,0.4705882370471954,test,0.4189707338809967,73,4
scenes_plaza_00001914.jpg,36,29,2,10,0,0,0,0,1,0.4117647111415863,test,0.4486319720745086,54,3
scenes_swimming_pool-indoor_00002677.jpg,56,35,9,14,0,1,0,0,2,0.5441176295280457,test,0.2016626000404358,139,22
scenes_burial_chamber_00002041.jpg,46,31,3,14,0,0,0,0,2,0.294117659330368,test,0.3313326239585876,20,2
scenes_diner-outdoor_00004161.jpg,47,31,9,12,1,1,0,0,1,0.5147058963775635,test,0.2277901321649551,81,23
scenes_doorway-outdoor_00002882.jpg,33,22,7,8,0,0,0,0,1,0.4852941036224365,test,0.4407752752304077,87,7
scenes_schoolhouse_00004267.jpg,36,22,9,10,0,1,0,0,1,0.4705882370471954,test,0.3596356213092804,83,4
scenes_wheat_field_00003914.jpg,31,19,12,11,0,0,0,0,1,0.2647058963775635,test,0.3892616331577301,33,2
scenes_operating_room_00003895.jpg,37,26,6,9,0,1,0,0,0,0.5441176295280457,test,0.2974503636360168,71,8
scenes_archive_00004471.jpg,48,33,6,14,0,1,0,0,0,0.4558823406696319,test,0.3397448658943176,81,10
scenes_hayfield_00002857.jpg,38,20,10,14,1,0,0,0,2,0.4264705777168274,test,0.3345944285392761,93,14
scenes_television_room_00002738.jpg,42,34,5,10,0,0,0,0,1,0.5441176295280457,test,0.3829891681671142,115,30
scenes_dam_00003613.jpg,33,27,6,10,0,0,0,0,1,0.2205882370471954,test,0.3721956610679626,31,4
scenes_hotel-outdoor_00003605.jpg,36,26,6,12,0,0,0,0,0,0.5,test,0.3580180704593658,229,5
scenes_crevasse_00000991.jpg,31,19,7,10,1,0,0,0,0,0.3382352888584137,test,0.3387435376644134,48,2
scenes_church-outdoor_00002751.jpg,34,21,9,15,0,0,0,0,1,0.3382352888584137,test,0.3583932518959045,32,2
scenes_sushi_bar_00002972.jpg,40,29,7,13,1,0,0,0,1,0.5147058963775635,test,0.2893517017364502,136,12
scenes_beer_hall_00003806.jpg,41,25,5,16,0,0,0,0,0,0.6029411554336548,test,0.2242252230644226,155,22
scenes_heliport_00002174.jpg,40,25,6,12,1,0,0,0,1,0.3382352888584137,test,0.2876535952091217,54,3
scenes_hardware_store_00003649.jpg,39,33,2,8,0,0,0,0,0,0.5,test,0.385074257850647,111,3
scenes_chemistry_lab_00000104.jpg,57,44,8,12,0,2,0,0,1,0.5588235259056091,test,0.3581733405590057,120,9
scenes_locker_room_00001747.jpg,43,31,4,12,0,2,0,0,1,0.3088235259056091,test,0.4269257187843323,42,4
scenes_waterfall_00002750.jpg,30,17,4,13,0,0,0,0,1,0.3088235259056091,test,0.3590184450149536,16,3
scenes_library-indoor_00004662.jpg,48,32,7,9,1,0,0,0,0,0.5441176295280457,test,0.240681454539299,152,33
scenes_pub-indoor_00004380.jpg,46,33,7,11,0,0,0,0,1,0.5735294222831726,test,0.3842975795269012,136,35
scenes_laundromat_00003052.jpg,44,33,5,11,0,1,0,0,1,0.529411792755127,test,0.3311703205108642,108,8
scenes_ice_cream_parlor_00000963.jpg,62,44,12,11,3,2,0,0,1,0.6911764740943909,test,0.2713199853897095,197,25
scenes_heliport_00004833.jpg,38,22,6,12,2,1,0,0,2,0.4264705777168274,test,0.2649438083171844,80,5
scenes_restaurant_patio_00000295.jpg,50,32,9,14,0,0,0,0,1,0.6617646813392639,test,0.3096431195735931,170,34
scenes_aqueduct_00003971.jpg,43,32,7,13,0,0,0,0,2,0.3382352888584137,test,0.3067878484725952,83,3
scenes_castle_00004851.jpg,33,22,5,12,0,0,0,0,2,0.5,test,0.371471107006073,75,4
scenes_carrousel_00003626.jpg,45,33,6,9,2,0,0,0,1,0.5882353186607361,test,0.3291426002979278,97,11
scenes_stadium-football_00002791.jpg,42,29,6,10,1,0,0,0,0,0.4852941036224365,test,0.3314691185951233,98,5
scenes_ski_slope_00001578.jpg,30,21,9,7,2,0,0,0,1,0.5441176295280457,test,0.384613424539566,110,5
scenes_candy_store_00000397.jpg,55,40,5,18,2,0,0,1,1,0.4705882370471954,test,0.3313626050949096,146,8
scenes_cliff_00004250.jpg,19,13,4,8,0,0,0,0,1,0.3088235259056091,test,0.4775409698486328,32,5
scenes_bakery-shop_00000656.jpg,31,19,6,15,0,0,0,0,0,0.4264705777168274,test,0.4665639400482178,142,7
scenes_fire_station_00004261.jpg,38,27,7,12,0,0,0,0,4,0.5147058963775635,test,0.3365913331508636,159,5
scenes_drugstore_00000445.jpg,45,32,9,11,0,1,0,0,1,0.6617646813392639,test,0.3245435357093811,148,11
scenes_elevator_shaft_00000181.jpg,38,27,6,12,0,0,0,0,0,0.3676470518112182,test,0.3663995563983917,45,4
scenes_iceberg_00000734.jpg,42,29,5,14,1,0,0,0,1,0.3970588147640228,test,0.2784982621669769,43,0
scenes_campsite_00002839.jpg,42,27,6,13,1,0,0,0,3,0.4558823406696319,test,0.2977443933486938,79,6
scenes_field-wild_00004549.jpg,25,17,6,8,0,0,0,0,0,0.4117647111415863,test,0.4470469355583191,58,3
scenes_shower_00004669.jpg,29,24,4,10,0,0,0,0,0,0.294117659330368,test,0.4562347531318664,36,2
scenes_highway_00001862.jpg,35,21,7,12,0,0,0,0,1,0.3088235259056091,test,0.3944334089756012,49,3
scenes_kennel-outdoor_00004024.jpg,34,23,7,12,1,0,0,0,3,0.294117659330368,test,0.3096034824848175,51,4
scenes_office_00002767.jpg,49,35,4,14,1,1,0,2,2,0.6323529481887817,test,0.3485797047615051,166,20
scenes_dressing_room_00003031.jpg,42,32,5,4,1,0,0,0,1,0.4705882370471954,test,0.3163764178752899,65,9
scenes_trench_00002419.jpg,37,26,7,13,1,0,0,0,1,0.6029411554336548,test,0.4185029566287994,83,10
scenes_lagoon_00003656.jpg,38,25,7,14,1,0,0,0,1,0.3529411852359772,test,0.2976957559585571,45,9
scenes_lock_chamber_00000413.jpg,32,22,5,10,0,0,0,0,2,0.3382352888584137,test,0.3434703648090362,36,6
scenes_corral_00002261.jpg,51,33,11,13,0,1,0,0,1,0.5147058963775635,test,0.2244051694869995,105,14
scenes_engine_room_00001091.jpg,45,34,4,8,0,1,0,0,2,0.5735294222831726,test,0.3529697358608246,104,7
scenes_temple-asia_00000584.jpg,50,32,8,14,0,0,0,0,2,0.4852941036224365,test,0.2285734415054321,91,15
scenes_banquet_hall_00001971.jpg,53,34,11,9,2,1,0,1,1,0.7352941036224365,test,0.2378772646188736,221,36
scenes_food_court_00000623.jpg,50,36,8,13,1,1,0,0,0,0.5882353186607361,test,0.3367794752120971,143,34
scenes_butchers_shop_00003086.jpg,50,37,9,13,0,1,0,0,2,0.6029411554336548,test,0.3107314705848694,189,9
scenes_nursery_00004895.jpg,48,36,7,14,0,0,0,0,2,0.4705882370471954,test,0.293538898229599,129,11
scenes_carrousel_00004324.jpg,34,23,5,7,0,1,0,0,0,0.6764705777168274,test,0.3053712546825409,133,25
scenes_greenhouse-indoor_00003082.jpg,21,15,7,8,0,0,0,0,2,0.4264705777168274,test,0.4873535633087158,37,3
scenes_soccer_field_00000085.jpg,39,26,6,11,0,0,0,0,0,0.5441176295280457,test,0.2207459062337875,156,15
scenes_stadium-baseball_00003822.jpg,55,39,11,13,0,0,0,0,1,0.6323529481887817,test,0.2196970134973526,148,22
scenes_mountain_00000786.jpg,29,16,7,13,0,0,0,0,2,0.3235294222831726,test,0.391014814376831,21,4
scenes_rock_arch_00002429.jpg,33,22,4,13,0,0,0,0,3,0.4558823406696319,test,0.3849258720874786,48,2
scenes_carrousel_00004608.jpg,43,29,6,14,0,1,0,0,0,0.5588235259056091,test,0.3255974352359772,68,15
scenes_synagogue-outdoor_00001840.jpg,34,20,4,14,0,0,0,0,2,0.4411764740943908,test,0.3593431115150451,38,2
scenes_lock_chamber_00004072.jpg,42,31,7,8,1,0,0,0,0,0.529411792755127,test,0.3286406993865967,124,3
scenes_harbor_00003086.jpg,23,14,6,8,1,0,0,0,1,0.7941176295280457,test,0.4487921595573425,199,21
scenes_cockpit_00004435.jpg,44,30,8,16,0,0,0,0,0,0.7058823704719543,test,0.3125901520252228,118,9
scenes_bus_interior_00004768.jpg,34,23,7,10,1,0,0,0,0,0.529411792755127,test,0.3288813829421997,112,16
scenes_landing_deck_00004177.jpg,45,30,9,12,0,0,0,0,0,0.4705882370471954,test,0.2950285077095032,45,4
scenes_engine_room_00003315.jpg,47,34,7,9,1,1,0,0,3,0.6617646813392639,test,0.3648682236671448,116,1
scenes_gazebo-exterior_00002289.jpg,38,25,3,14,0,0,0,0,0,0.5,test,0.3814129829406738,85,4
scenes_attic_00000489.jpg,52,38,8,11,0,1,0,0,1,0.4852941036224365,test,0.2895213961601257,70,9
scenes_residential_neighborhood_00000985.jpg,20,15,5,5,0,0,0,0,1,0.5147058963775635,test,0.5043725371360779,70,8
scenes_recreation_room_00004159.jpg,45,33,7,13,1,1,0,0,2,0.5588235259056091,test,0.3573476672172546,111,10
scenes_fire_station_00003316.jpg,51,35,7,18,0,0,0,0,0,0.4852941036224365,test,0.3041643500328064,122,6
scenes_airfield_00001633.jpg,35,19,6,11,1,0,0,0,2,0.294117659330368,test,0.4622674286365509,43,2
scenes_ice_shelf_00001493.jpg,22,18,4,7,1,0,0,0,0,0.3970588147640228,test,0.5007262229919434,60,1
scenes_porch_00002750.jpg,58,38,6,16,0,1,0,0,2,0.4558823406696319,test,0.2827934920787811,62,8
scenes_butte_00003286.jpg,33,22,8,11,0,0,0,0,2,0.4264705777168274,test,0.3582606613636017,96,4
scenes_ice_skating_rink-indoor_00000524.jpg,44,32,8,10,0,0,0,0,3,0.5441176295280457,test,0.241136148571968,153,31
scenes_greenhouse-outdoor_00002222.jpg,33,23,7,8,0,0,0,0,2,0.4705882370471954,test,0.3897098302841186,113,7
scenes_music_studio_00002359.jpg,52,35,5,10,1,2,0,0,1,0.5882353186607361,test,0.2679228186607361,130,8
scenes_desert_road_00004125.jpg,33,18,6,11,3,0,0,0,2,0.3235294222831726,test,0.3661161661148071,62,6
scenes_loading_dock_00002746.jpg,40,27,10,12,1,0,0,0,1,0.4558823406696319,test,0.3375203013420105,94,6
scenes_greenhouse-outdoor_00002782.jpg,53,35,12,11,0,0,0,0,1,0.5441176295280457,test,0.2501862049102783,125,14
scenes_repair_shop_00003634.jpg,58,44,4,16,0,1,0,0,1,0.5147058963775635,test,0.3282530307769775,81,6
scenes_conference_center_00002772.jpg,51,36,8,12,0,0,0,0,3,0.5882353186607361,test,0.3540465235710144,214,40
scenes_utility_room_00003575.jpg,33,26,5,7,1,0,0,0,1,0.2794117629528045,test,0.4568918943405151,42,6
scenes_corridor_00000849.jpg,47,33,6,14,0,1,0,0,4,0.3382352888584137,test,0.3611634075641632,65,4
scenes_art_school_00001650.jpg,44,30,8,9,3,0,0,0,0,0.6176470518112183,test,0.2814945578575134,144,24
scenes_trench_00003374.jpg,29,17,3,13,0,0,0,0,0,0.3676470518112182,test,0.4038972854614258,284,1
scenes_classroom_00003170.jpg,49,34,7,15,0,0,0,0,1,0.6029411554336548,test,0.3687785863876343,141,32
scenes_bamboo_forest_00004985.jpg,26,19,4,8,0,0,0,0,0,0.5441176295280457,test,0.4424790143966675,99,3
scenes_volcano_00001350.jpg,34,24,4,10,3,0,0,0,2,0.25,test,0.3499870300292969,39,3
scenes_escalator-indoor_00000036.jpg,44,31,5,10,1,0,0,0,2,0.3676470518112182,test,0.3570342361927032,81,4
scenes_television_studio_00001036.jpg,48,28,8,13,0,0,0,0,3,0.4705882370471954,test,0.2454152107238769,102,12
scenes_playground_00001060.jpg,50,34,7,7,1,1,0,0,2,0.4264705777168274,test,0.2775492370128631,65,4
scenes_airport_terminal_00000942.jpg,44,30,8,11,1,0,0,0,1,0.4852941036224365,test,0.2991655766963959,79,8
scenes_drugstore_00003666.jpg,45,31,10,10,0,1,0,0,0,0.6029411554336548,test,0.2375109642744064,154,16
scenes_playroom_00004736.jpg,47,29,9,12,0,1,0,0,1,0.4852941036224365,test,0.362685889005661,100,11
scenes_balcony-exterior_00002766.jpg,32,24,2,7,0,0,0,0,0,0.5441176295280457,test,0.5470078587532043,148,5
scenes_islet_00003574.jpg,22,11,4,10,0,0,0,0,1,0.2794117629528045,test,0.4254027307033539,24,3
scenes_ice_cream_parlor_00004221.jpg,38,31,7,10,1,1,0,0,0,0.5588235259056091,test,0.3333284258842468,164,21
scenes_jacuzzi-indoor_00000758.jpg,42,33,5,11,0,1,0,0,1,0.4852941036224365,test,0.3373662829399109,76,13
scenes_bus_station-indoor_00003421.jpg,43,28,10,15,1,0,0,0,1,0.4852941036224365,test,0.3234245181083679,123,16
scenes_banquet_hall_00004988.jpg,45,34,4,12,0,1,0,0,1,0.5588235259056091,test,0.325684905052185,130,29
scenes_ice_skating_rink-outdoor_00003316.jpg,38,25,8,12,0,0,0,0,1,0.5147058963775635,test,0.3052919805049896,39,5
scenes_ski_resort_00000530.jpg,26,20,5,9,0,0,0,0,1,0.5735294222831726,test,0.4230418503284454,145,5
scenes_fastfood_restaurant_00000386.jpg,39,22,9,11,0,1,0,0,1,0.5441176295280457,test,0.2420892715454101,132,22
scenes_lawn_00000342.jpg,50,36,6,10,1,0,0,0,1,0.4117647111415863,test,0.3162463009357452,78,5
scenes_ski_resort_00001447.jpg,39,25,8,13,0,0,0,0,2,0.4558823406696319,test,0.4331509470939636,71,4
scenes_throne_room_00003391.jpg,33,22,4,12,0,0,0,0,1,0.5147058963775635,test,0.4421001076698303,70,5
scenes_hunting_lodge-outdoor_00002899.jpg,39,28,7,10,0,0,0,0,0,0.5,test,0.34992116689682,81,4
scenes_playroom_00004897.jpg,44,33,4,8,1,0,0,0,0,0.4117647111415863,test,0.3742733597755432,59,4
scenes_oilrig_00001235.jpg,32,23,5,13,0,0,0,0,1,0.5441176295280457,test,0.3378665149211883,89,5
scenes_fishpond_00004129.jpg,35,22,9,13,1,0,0,0,1,0.4852941036224365,test,0.3732426464557647,87,0
scenes_plaza_00000831.jpg,48,31,9,13,0,0,0,0,1,0.6029411554336548,test,0.3335370123386383,307,16
scenes_doorway-outdoor_00002203.jpg,39,26,3,11,2,0,0,0,0,0.3676470518112182,test,0.4201568365097046,58,3
scenes_underwater-ocean_deep_00004021.jpg,25,18,5,11,0,0,0,0,0,0.5735294222831726,test,0.3798868060111999,95,2
scenes_general_store-indoor_00002603.jpg,35,26,6,10,0,2,0,0,1,0.8235294222831726,test,0.3877105414867401,255,36
scenes_construction_site_00000306.jpg,43,27,10,9,0,1,1,0,0,0.5441176295280457,test,0.2776591777801513,145,21
scenes_movie_theater-indoor_00003934.jpg,36,28,3,11,0,1,0,0,1,0.294117659330368,test,0.411258727312088,42,4
scenes_stable_00000166.jpg,49,32,8,16,0,0,0,0,2,0.3529411852359772,test,0.2835796475410461,52,6
scenes_general_store-indoor_00002612.jpg,39,31,6,10,0,2,0,1,1,0.6176470518112183,test,0.3908683061599731,165,20
scenes_car_interior_00002223.jpg,42,30,6,10,2,0,0,0,0,0.4852941036224365,test,0.3511701226234436,53,1
scenes_bus_interior_00004315.jpg,40,25,6,12,0,1,0,0,1,0.5,test,0.2345660477876663,121,22
scenes_natural_history_museum_00001216.jpg,53,39,6,15,0,1,0,0,2,0.3382352888584137,test,0.3192378282546997,29,2
scenes_amusement_park_00001398.jpg,45,28,11,10,1,0,0,0,0,0.5588235259056091,test,0.2021435797214508,111,23
scenes_dining_hall_00004015.jpg,43,28,4,13,0,0,0,1,0,0.529411792755127,test,0.3718315660953522,127,32
scenes_kennel-outdoor_00000119.jpg,32,27,4,8,0,0,0,0,1,0.5147058963775635,test,0.3428879976272583,12,4
scenes_slum_00000738.jpg,57,41,10,12,0,0,0,0,2,0.5441176295280457,test,0.2387295961380005,101,14
scenes_schoolhouse_00003211.jpg,34,23,5,10,1,0,0,0,1,0.4852941036224365,test,0.3998633623123169,129,5
scenes_pagoda_00002301.jpg,39,24,7,12,1,1,0,0,1,0.5,test,0.3528812229633331,34,2
scenes_landing_deck_00003986.jpg,42,27,9,9,0,0,0,0,1,0.4264705777168274,test,0.2557037770748138,94,13
scenes_stadium-soccer_00000842.jpg,35,21,6,10,0,0,0,0,1,0.6029411554336548,test,0.2799912095069885,129,28
scenes_kennel-outdoor_00004679.jpg,53,36,7,11,0,0,0,0,1,0.5882353186607361,test,0.2391872406005859,63,4
scenes_dining_hall_00002671.jpg,36,28,9,3,0,2,0,0,0,0.5147058963775635,test,0.3788153529167175,137,31
scenes_pond_00003824.jpg,26,19,6,6,0,0,0,0,1,0.529411792755127,test,0.4261130392551422,52,3
scenes_watering_hole_00003622.jpg,43,25,12,8,0,1,0,0,1,0.6323529481887817,test,0.2525185644626617,199,32
scenes_arcade_00000165.jpg,44,29,7,11,1,1,0,0,0,0.529411792755127,test,0.2293158024549484,177,16
scenes_lobby_00002370.jpg,43,31,4,12,0,0,0,0,2,0.5147058963775635,test,0.3121017217636108,67,12
scenes_pharmacy_00002557.jpg,23,18,5,7,0,0,0,0,0,0.720588207244873,test,0.4141697287559509,223,7
scenes_golf_course_00003121.jpg,33,22,10,9,0,1,1,0,1,0.5441176295280457,test,0.2543365955352783,80,7
scenes_drugstore_00002851.jpg,49,36,9,11,0,1,0,0,0,0.779411792755127,test,0.2846445441246032,159,15
scenes_ice_floe_00003912.jpg,38,23,8,11,0,0,0,0,1,0.2352941185235977,test,0.2128084152936935,18,4
scenes_operating_room_00003541.jpg,43,30,4,11,1,1,0,1,0,0.4852941036224365,test,0.3384914100170135,91,9
scenes_pavilion_00004444.jpg,35,24,7,11,0,0,0,0,2,0.3676470518112182,test,0.3618355691432953,42,3
scenes_mosque-outdoor_00002447.jpg,35,24,5,12,0,0,0,0,1,0.3529411852359772,test,0.4086575806140899,77,4
scenes_candy_store_00001183.jpg,35,21,5,12,2,0,0,0,0,0.294117659330368,test,0.4516942799091339,41,2
scenes_stage-outdoor_00001505.jpg,21,13,5,9,0,0,0,0,1,0.4264705777168274,test,0.4150656759738922,63,2
scenes_greenhouse-indoor_00004287.jpg,19,14,7,8,0,0,0,0,0,0.5735294222831726,test,0.4532506465911865,236,1
scenes_ballroom_00003363.jpg,47,31,6,13,1,0,0,0,0,0.3088235259056091,test,0.2414777725934982,37,5
scenes_rice_paddy_00002728.jpg,28,22,2,8,0,0,0,0,1,0.2794117629528045,test,0.4983462691307068,9,1
scenes_jail_cell_00000202.jpg,32,24,4,7,0,0,0,0,2,0.3823529481887817,test,0.4176326990127563,70,4
scenes_market-outdoor_00000421.jpg,36,30,8,9,0,0,0,0,0,0.5735294222831726,test,0.4179917275905609,210,24
scenes_burial_chamber_00004140.jpg,48,34,10,11,0,1,0,0,2,0.4705882370471954,test,0.2685182988643646,70,6
scenes_arena-rodeo_00000756.jpg,46,33,6,16,1,1,0,0,2,0.5441176295280457,test,0.2198743969202041,186,18
scenes_bookstore_00001926.jpg,10,3,4,3,0,2,0,0,0,0.7941176295280457,test,0.8525398373603821,164,15
scenes_arena-rodeo_00001862.jpg,44,24,10,14,1,1,0,0,1,0.5441176295280457,test,0.2436224967241287,143,19
scenes_dining_room_00002733.jpg,43,34,5,9,0,2,0,0,0,0.4411764740943908,test,0.4109216332435608,72,12
scenes_hunting_lodge-outdoor_00003682.jpg,37,26,6,9,0,0,0,0,2,0.4558823406696319,test,0.3693428337574005,68,4
scenes_ball_pit_00003245.jpg,25,20,5,7,0,0,0,1,0,0.5147058963775635,test,0.5193634629249573,176,15
scenes_forest_road_00000651.jpg,32,20,7,9,0,0,0,0,2,0.5588235259056091,test,0.3905377089977264,26,3
scenes_islet_00003112.jpg,37,25,4,13,0,0,0,0,1,0.3529411852359772,test,0.3222628831863403,36,5
scenes_childs_room_00003018.jpg,36,25,5,10,1,1,0,0,0,0.4852941036224365,test,0.3570689558982849,118,10
scenes_vegetable_garden_00002627.jpg,34,20,11,11,0,0,0,0,1,0.4117647111415863,test,0.3838907182216644,79,4
scenes_flea_market-indoor_00001674.jpg,38,27,3,11,1,2,0,0,0,0.7352941036224365,test,0.345185786485672,207,25
scenes_stadium-football_00002566.jpg,39,28,3,10,0,0,0,0,2,0.7058823704719543,test,0.3093198835849762,93,7
scenes_courtyard_00001775.jpg,46,33,7,17,0,0,0,0,0,0.5735294222831726,test,0.3538993895053863,95,8
scenes_pavilion_00004804.jpg,51,33,10,15,0,0,0,0,2,0.5147058963775635,test,0.2734217345714569,63,9
scenes_restaurant_patio_00003573.jpg,38,26,6,10,1,0,0,0,1,0.4411764740943908,test,0.3630587160587311,59,11
scenes_science_museum_00002758.jpg,48,35,5,15,0,1,0,0,0,0.5735294222831726,test,0.3276667594909668,69,3
scenes_baseball_field_00000639.jpg,35,24,5,8,1,1,0,0,0,0.2794117629528045,test,0.3062819838523865,42,8
scenes_pantry_00000410.jpg,41,31,5,8,2,2,0,0,1,0.7058823704719543,test,0.37884321808815,227,27
scenes_amusement_park_00001748.jpg,45,30,8,12,0,1,0,0,1,0.3676470518112182,test,0.2671359777450561,25,1
scenes_locker_room_00004765.jpg,41,31,8,10,1,1,0,0,0,0.5441176295280457,test,0.3387331962585449,116,29
scenes_bedroom_00004895.jpg,30,21,5,8,1,0,0,0,0,0.3676470518112182,test,0.4364967346191406,45,6
scenes_candy_store_00003232.jpg,40,28,5,10,0,0,0,0,1,0.4705882370471954,test,0.4112482964992523,107,15
scenes_barndoor_00000523.jpg,42,30,6,13,0,0,0,0,1,0.4705882370471954,test,0.3749829530715942,76,4
scenes_veterinarians_office_00001768.jpg,31,18,5,14,1,0,0,0,2,0.2205882370471954,test,0.3881372809410095,17,2
scenes_gift_shop_00000523.jpg,54,39,9,14,0,1,0,0,0,0.7941176295280457,test,0.2530298233032226,200,13
scenes_library-indoor_00000918.jpg,28,18,8,8,0,2,0,0,1,0.6764705777168274,test,0.4124237298965454,142,30
scenes_bathroom_00004262.jpg,41,28,5,12,1,0,0,0,0,0.4705882370471954,test,0.4445641934871673,82,7
scenes_discotheque_00003211.jpg,37,26,8,6,0,0,0,0,0,0.529411792755127,test,0.4648113250732422,181,0
scenes_ice_cream_parlor_00003321.jpg,54,36,7,20,0,0,0,0,1,0.294117659330368,test,0.277052104473114,34,4
scenes_water_tower_00002468.jpg,16,11,4,7,0,0,0,0,0,0.25,test,0.6183924078941345,21,3
scenes_shower_00004076.jpg,37,27,6,10,0,1,0,0,0,0.3088235259056091,test,0.4232794642448425,20,6
scenes_park_00000709.jpg,43,29,5,15,0,0,0,0,0,0.5735294222831726,test,0.3241655230522156,117,5
scenes_recreation_room_00000414.jpg,31,27,2,6,0,0,0,0,0,0.3970588147640228,test,0.3936174809932709,43,8
scenes_formal_garden_00000494.jpg,41,23,11,14,0,0,0,0,0,0.6764705777168274,test,0.3728629946708679,84,6
scenes_engine_room_00001508.jpg,44,32,7,10,0,2,0,0,2,0.5882353186607361,test,0.3517837226390838,172,8
scenes_dam_00000988.jpg,33,21,4,13,1,0,0,0,2,0.4411764740943908,test,0.3331504166126251,59,6
scenes_bamboo_forest_00003515.jpg,26,19,3,9,0,0,0,0,1,0.6176470518112183,test,0.483126699924469,71,2
scenes_market-indoor_00004162.jpg,54,35,13,11,0,0,0,0,0,0.75,test,0.2468451559543609,192,18
scenes_street_00002663.jpg,42,26,9,12,0,0,0,0,1,0.5882353186607361,test,0.2269515842199325,138,16
scenes_fastfood_restaurant_00002228.jpg,51,38,8,11,1,1,0,0,2,0.7058823704719543,test,0.3428488969802856,191,19
scenes_orchestra_pit_00003010.jpg,46,29,7,11,0,0,0,0,2,0.5441176295280457,test,0.275043785572052,101,12
scenes_living_room_00002163.jpg,41,30,4,12,1,0,0,0,3,0.5,test,0.3925443589687347,81,12
scenes_sky_00000016.jpg,25,14,7,13,1,0,0,0,1,0.529411792755127,test,0.406856507062912,25,3
scenes_landing_deck_00003598.jpg,39,23,10,14,0,1,0,0,1,0.4411764740943908,test,0.258596658706665,82,5
scenes_slum_00004382.jpg,49,36,6,12,0,0,0,0,1,0.6911764740943909,test,0.3411882519721985,203,2
scenes_golf_course_00002000.jpg,36,27,4,9,0,0,0,0,0,0.2794117629528045,test,0.3652017712593078,8,3
scenes_cabin-outdoor_00003946.jpg,22,17,4,8,0,0,0,0,1,0.4705882370471954,test,0.3966393768787384,44,5
scenes_landfill_00001895.jpg,29,14,7,11,0,1,0,0,1,0.5,test,0.2850760519504547,85,7
scenes_restaurant_00004050.jpg,47,37,9,10,0,3,0,1,2,0.6029411554336548,test,0.3457605242729187,106,32
scenes_pizzeria_00002201.jpg,25,16,6,8,0,0,0,0,0,0.5147058963775635,test,0.5373832583427429,43,4
scenes_hot_spring_00001350.jpg,46,30,4,13,1,0,0,0,2,0.4264705777168274,test,0.3123368620872497,33,4
scenes_parking_garage-indoor_00001264.jpg,35,25,5,11,0,0,0,0,2,0.5,test,0.433806449174881,57,4
scenes_escalator-indoor_00000887.jpg,36,27,5,9,1,0,0,0,0,0.4117647111415863,test,0.3947312533855438,71,4
scenes_aquarium_00004070.jpg,40,24,5,17,0,0,0,0,1,0.2352941185235977,test,0.2451108545064926,11,0
scenes_farm_00004453.jpg,41,23,6,16,1,0,0,0,2,0.4705882370471954,test,0.3700684905052185,40,4
scenes_temple-asia_00004796.jpg,26,18,4,9,0,0,0,0,1,0.3235294222831726,test,0.431394100189209,39,3
scenes_tower_00000219.jpg,34,26,7,9,1,0,0,0,2,0.4411764740943908,test,0.3594271540641784,33,3
scenes_ocean_00000861.jpg,14,8,4,8,0,0,0,0,0,0.2647058963775635,test,0.5452869534492493,30,2
scenes_manufactured_home_00000432.jpg,31,20,10,8,0,0,0,0,1,0.3088235259056091,test,0.4065975248813629,39,5
scenes_rice_paddy_00002820.jpg,24,21,3,6,0,0,0,0,1,0.4117647111415863,test,0.3746442198753357,44,4
scenes_art_gallery_00003397.jpg,41,29,8,11,0,1,1,0,3,0.4852941036224365,test,0.3886946141719818,88,5
scenes_attic_00001348.jpg,42,28,5,15,1,0,0,0,1,0.5588235259056091,test,0.3349829614162445,81,4
scenes_delicatessen_00002381.jpg,58,40,8,15,0,1,0,0,2,0.7647058963775635,test,0.2143661826848983,185,26
scenes_phone_booth_00003480.jpg,32,21,9,7,0,1,0,0,1,0.4411764740943908,test,0.4522339403629303,96,4
scenes_veterinarians_office_00001978.jpg,49,34,5,14,0,0,0,1,2,0.4852941036224365,test,0.2967376112937927,99,5
scenes_bazaar-indoor_00000351.jpg,50,31,11,18,0,1,0,0,2,0.8088235259056091,test,0.2654626071453094,224,27
scenes_rice_paddy_00000342.jpg,14,11,3,5,0,0,0,0,0,0.4705882370471954,test,0.6415632367134094,72,3
scenes_mountain_snowy_00000407.jpg,13,8,6,6,2,0,0,0,0,0.3235294222831726,test,0.4810701906681061,30,4
scenes_army_base_00001711.jpg,40,25,6,9,1,1,0,0,2,0.6323529481887817,test,0.2491374164819717,119,18
scenes_bar_00004723.jpg,36,27,6,12,0,1,0,0,1,0.6911764740943909,test,0.3504587411880493,122,25
scenes_oast_house_00001996.jpg,41,28,9,12,0,0,0,0,2,0.4705882370471954,test,0.3413878381252289,79,7
scenes_stable_00001948.jpg,49,36,5,11,0,0,0,0,1,0.5147058963775635,test,0.2969456613063812,82,7
scenes_bedroom_00002454.jpg,39,24,5,13,1,0,0,0,1,0.4411764740943908,test,0.4008023142814636,37,7
scenes_cafeteria_00003953.jpg,47,30,11,14,0,0,0,1,0,0.8088235259056091,test,0.2155732363462448,234,46
scenes_cemetery_00004678.jpg,44,33,3,13,1,0,0,0,2,0.4264705777168274,test,0.3433009684085846,130,5
scenes_stadium-soccer_00002028.jpg,41,30,7,8,0,0,1,0,0,0.5882353186607361,test,0.2701182663440704,145,12
scenes_fountain_00004801.jpg,37,25,8,10,0,0,0,0,0,0.720588207244873,test,0.2328325361013412,172,32
scenes_cafeteria_00001293.jpg,39,22,8,11,0,2,1,0,1,0.7352941036224365,test,0.2673743069171905,208,42
scenes_burial_chamber_00003537.jpg,39,27,7,7,0,1,0,0,1,0.529411792755127,test,0.3212452530860901,84,19
scenes_watering_hole_00004257.jpg,28,16,7,13,0,0,0,0,2,0.3970588147640228,test,0.3784905076026916,84,4
scenes_water_park_00003551.jpg,36,28,5,10,0,0,0,0,2,0.6470588445663452,test,0.3488782048225403,252,16
scenes_youth_hostel_00003555.jpg,38,30,4,12,0,1,0,0,1,0.5,test,0.3858611583709717,91,16
scenes_arena-rodeo_00004898.jpg,50,31,11,13,0,1,0,0,1,0.5,test,0.2439751625061035,112,9
scenes_park_00001546.jpg,37,26,7,12,0,1,0,0,3,0.4264705777168274,test,0.2898283004760742,58,6
scenes_church-outdoor_00000934.jpg,36,21,8,11,1,0,0,0,0,0.6470588445663452,test,0.2631047368049621,123,26
scenes_hot_spring_00002942.jpg,33,24,5,12,0,0,0,0,1,0.3823529481887817,test,0.3457792699337005,26,3
scenes_chemistry_lab_00002806.jpg,57,38,10,14,1,2,0,0,4,0.6323529481887817,test,0.3002364039421081,141,43
scenes_excavation_00004608.jpg,41,28,5,10,1,0,0,0,2,0.4264705777168274,test,0.357634574174881,118,5
scenes_art_gallery_00000748.jpg,49,36,12,7,0,0,0,0,0,0.6470588445663452,test,0.3927429020404815,112,9
scenes_cabin-outdoor_00000945.jpg,32,21,6,9,0,0,0,0,1,0.5,test,0.3843751549720764,55,3
scenes_heliport_00004689.jpg,43,30,7,11,0,0,0,0,2,0.4558823406696319,test,0.291009783744812,106,5
scenes_office_building_00003208.jpg,49,36,3,15,0,0,0,0,2,0.6323529481887817,test,0.3424071669578552,160,3
scenes_badlands_00003674.jpg,22,14,6,10,1,0,0,0,1,0.4852941036224365,test,0.4267370998859405,65,2
scenes_ticket_booth_00002135.jpg,49,35,4,13,1,0,0,0,1,0.4852941036224365,test,0.3023431599140167,73,7
scenes_mausoleum_00001539.jpg,41,30,7,10,0,1,0,0,0,0.5,test,0.2917646467685699,52,5
scenes_yard_00003547.jpg,43,33,5,14,0,0,0,0,1,0.4852941036224365,test,0.3504451811313629,81,10
scenes_house_00004313.jpg,32,23,6,9,0,0,0,0,2,0.5,test,0.4066671133041382,52,7
scenes_hunting_lodge-outdoor_00001543.jpg,41,29,7,12,0,0,0,0,2,0.5735294222831726,test,0.3494410812854767,87,3
scenes_crevasse_00003441.jpg,26,17,2,10,2,0,0,0,0,0.3235294222831726,test,0.5587074160575867,42,2
scenes_fishpond_00000724.jpg,32,25,4,9,0,2,0,0,0,0.4264705777168274,test,0.343303382396698,59,6
scenes_galley_00004036.jpg,55,43,4,14,0,1,0,0,1,0.529411792755127,test,0.3896773755550384,80,14
scenes_jacuzzi-indoor_00000207.jpg,48,38,6,11,0,0,0,0,4,0.4558823406696319,test,0.3269510865211487,48,11
scenes_airfield_00001566.jpg,40,24,7,12,1,0,0,0,2,0.5147058963775635,test,0.3434733152389526,100,6
scenes_playground_00003976.jpg,42,32,6,13,0,0,0,0,2,0.529411792755127,test,0.3341662287712097,105,7
scenes_beauty_salon_00001196.jpg,46,27,5,13,1,0,0,0,3,0.4852941036224365,test,0.2841560244560241,88,11
scenes_baseball_field_00002586.jpg,40,28,9,8,0,0,0,0,3,0.8529411554336548,test,0.2977966964244842,158,18
scenes_synagogue-outdoor_00004745.jpg,37,24,7,11,1,0,0,0,0,0.5588235259056091,test,0.5052260756492615,84,7
scenes_embassy_00000491.jpg,39,31,4,9,1,0,0,0,0,0.5441176295280457,test,0.3975640535354614,139,8
scenes_art_studio_00001670.jpg,53,34,10,11,0,0,0,0,1,0.5147058963775635,test,0.3049627244472503,84,9
scenes_shopping_mall-indoor_00004708.jpg,51,35,9,12,0,0,0,0,0,0.6323529481887817,test,0.3355169892311096,100,9
scenes_alcove_00001548.jpg,38,23,8,14,0,1,0,0,3,0.4852941036224365,test,0.2788093388080597,166,2
scenes_car_interior_00000425.jpg,49,31,5,14,1,1,0,0,2,0.4264705777168274,test,0.2873020470142364,73,4
scenes_bamboo_forest_00004675.jpg,40,28,5,8,2,0,0,0,2,0.5588235259056091,test,0.3120343089103699,20,5
scenes_landing_deck_00004748.jpg,54,33,9,13,0,1,0,0,2,0.3970588147640228,test,0.2805562913417816,46,5
scenes_pizzeria_00004624.jpg,36,27,8,10,1,0,0,0,0,0.6176470518112183,test,0.4318026900291443,148,6
scenes_butchers_shop_00004527.jpg,33,26,5,9,1,0,0,1,2,0.4852941036224365,test,0.3678427934646606,72,5
scenes_plaza_00001558.jpg,33,24,7,9,0,0,0,0,0,0.5441176295280457,test,0.2933245003223419,140,13
scenes_downtown_00004093.jpg,28,19,5,10,0,0,0,0,1,0.529411792755127,test,0.536303699016571,181,2
scenes_clean_room_00003747.jpg,42,28,5,12,1,1,0,0,0,0.5147058963775635,test,0.3026213347911834,82,14
scenes_archive_00000034.jpg,37,25,6,7,1,0,0,0,0,0.6323529481887817,test,0.2510196566581726,194,17
scenes_street_00004407.jpg,32,22,5,8,1,1,0,0,0,0.5147058963775635,test,0.3304961919784546,117,14
scenes_bullring_00001418.jpg,44,28,9,20,0,1,0,0,2,0.3088235259056091,test,0.2345385998487472,20,4
scenes_badlands_00004794.jpg,26,19,6,9,1,0,0,0,1,0.4411764740943908,test,0.4482350051403045,48,2
scenes_butte_00001818.jpg,40,28,8,16,0,0,0,0,2,0.4852941036224365,test,0.3190139532089233,94,7
scenes_auditorium_00004392.jpg,50,36,9,10,0,0,0,0,2,0.75,test,0.2390206456184387,218,44
scenes_football_field_00002385.jpg,47,33,9,10,0,1,0,0,2,0.3823529481887817,test,0.2322520762681961,69,6
scenes_crevasse_00003852.jpg,40,27,6,13,0,0,0,0,0,0.3823529481887817,test,0.3156907856464386,21,3
scenes_restaurant_patio_00004131.jpg,62,45,10,13,0,1,0,0,0,0.6617646813392639,test,0.2720246315002441,187,19
scenes_slum_00001720.jpg,34,22,10,12,0,0,0,0,1,0.4558823406696319,test,0.301010251045227,122,16
scenes_bus_interior_00004485.jpg,36,28,4,7,1,1,0,0,1,0.4852941036224365,test,0.4196554124355316,78,8
scenes_playroom_00001912.jpg,47,36,2,14,0,1,0,0,1,0.4705882370471954,test,0.3723667860031128,91,13
scenes_dining_room_00003276.jpg,43,31,2,12,2,3,0,0,1,0.720588207244873,test,0.4202822148799896,112,13
scenes_oast_house_00001736.jpg,34,25,5,9,1,0,0,0,3,0.529411792755127,test,0.3774398267269134,184,6
scenes_carrousel_00004246.jpg,25,18,7,5,0,1,0,0,1,0.5147058963775635,test,0.3076711595058441,79,8
scenes_pet_shop_00000743.jpg,53,31,9,14,0,1,0,0,2,0.6029411554336548,test,0.2293346971273422,82,14
scenes_basement_00004249.jpg,50,37,10,10,0,1,0,0,1,0.4705882370471954,test,0.2844772636890411,68,6
scenes_loading_dock_00001966.jpg,34,23,5,9,1,0,0,0,1,0.4852941036224365,test,0.3616864085197449,62,10
scenes_cockpit_00000114.jpg,40,29,5,12,0,0,0,0,2,0.3676470518112182,test,0.3592777550220489,46,1
scenes_stable_00000644.jpg,34,27,5,6,0,2,0,0,2,0.3382352888584137,test,0.3049722909927368,41,3
scenes_underwater-ocean_deep_00003129.jpg,37,24,6,13,0,0,1,0,1,0.4117647111415863,test,0.2603232264518738,8,2
scenes_bullring_00004544.jpg,55,30,12,17,1,1,0,0,1,0.5147058963775635,test,0.2445847392082214,76,7
scenes_booth-indoor_00003388.jpg,59,47,6,13,1,1,0,0,1,0.6323529481887817,test,0.2603628039360046,154,19
scenes_rock_arch_00002669.jpg,32,21,6,13,0,0,0,0,2,0.4558823406696319,test,0.3933758735656738,91,5
scenes_creek_00000491.jpg,35,22,8,11,0,0,0,0,2,0.6176470518112183,test,0.3100365698337555,136,5
scenes_auditorium_00003928.jpg,50,31,9,16,0,1,0,0,1,0.5882353186607361,test,0.2142138481140136,130,30
scenes_bedchamber_00004776.jpg,53,39,3,13,1,1,0,0,1,0.7058823704719543,test,0.3518482744693756,144,18
scenes_bridge_00000649.jpg,40,25,10,11,1,0,0,0,1,0.5882353186607361,test,0.2905779778957367,146,16
scenes_lawn_00003285.jpg,25,14,5,10,0,0,0,0,0,0.4558823406696319,test,0.5205146670341492,57,3
scenes_train_station-platform_00001476.jpg,36,25,9,11,1,0,0,0,0,0.4264705777168274,test,0.3124375641345978,89,5
scenes_industrial_area_00004970.jpg,36,26,5,10,0,0,0,0,0,0.4852941036224365,test,0.3590498566627502,93,6
scenes_biology_laboratory_00001507.jpg,45,32,5,11,1,0,0,0,2,0.4852941036224365,test,0.3013940155506134,94,7
scenes_wet_bar_00003099.jpg,51,37,8,12,1,1,0,0,0,0.5147058963775635,test,0.3749199509620666,93,13
scenes_fountain_00002191.jpg,37,28,6,10,0,0,0,0,1,0.529411792755127,test,0.3049240708351135,41,6
scenes_clean_room_00003270.jpg,44,31,6,10,1,1,0,0,2,0.4117647111415863,test,0.3536159098148346,56,4
scenes_arcade_00003253.jpg,32,15,8,11,1,0,0,0,1,0.6617646813392639,test,0.3310737311840057,107,12
scenes_berth_00000164.jpg,55,38,11,10,0,1,0,0,0,0.4705882370471954,test,0.3538646101951599,60,10
scenes_berth_00002591.jpg,45,31,4,14,2,0,0,0,1,0.3529411852359772,test,0.3252407014369964,81,5
scenes_restaurant_patio_00000435.jpg,50,33,9,13,0,0,0,0,2,0.5735294222831726,test,0.2742593884468078,90,12
scenes_beach_house_00000170.jpg,42,27,5,14,1,0,0,0,3,0.5,test,0.3331306874752044,117,8
scenes_restaurant_kitchen_00000301.jpg,50,33,6,12,0,1,0,0,0,0.4705882370471954,test,0.261175274848938,74,10
scenes_lock_chamber_00002917.jpg,41,30,7,9,1,1,0,0,1,0.6470588445663452,test,0.2645564377307892,157,27
scenes_soccer_field_00003717.jpg,48,31,10,9,2,0,0,0,0,0.5882353186607361,test,0.2723355293273926,148,9
scenes_bridge_00002355.jpg,53,36,10,13,2,0,0,0,1,0.5441176295280457,test,0.3216426968574524,85,8
scenes_ice_skating_rink-indoor_00000412.jpg,49,33,8,13,2,0,0,0,1,0.4117647111415863,test,0.2546303868293762,101,20
scenes_parking_garage-outdoor_00002008.jpg,38,24,8,15,0,0,0,0,2,0.5441176295280457,test,0.339885264635086,199,12
scenes_gift_shop_00002308.jpg,64,40,13,17,1,1,0,0,1,0.6470588445663452,test,0.2706375420093536,170,16
scenes_iceberg_00004628.jpg,26,16,3,11,0,0,0,0,1,0.4411764740943908,test,0.4134153127670288,35,7
scenes_reception_00001805.jpg,57,42,6,12,0,1,0,0,0,0.4117647111415863,test,0.3017871677875519,49,7
scenes_excavation_00002297.jpg,44,29,11,11,0,0,0,0,2,0.4411764740943908,test,0.2847162783145904,118,5
scenes_field-cultivated_00001110.jpg,21,12,6,14,0,0,0,0,0,0.6029411554336548,test,0.4968835711479187,295,1
scenes_boathouse_00002905.jpg,41,33,5,12,0,0,0,0,1,0.5588235259056091,test,0.302760899066925,72,7
scenes_tree_farm_00000436.jpg,41,31,4,12,0,0,0,0,4,0.5588235259056091,test,0.3716633319854736,100,5
scenes_archaelogical_excavation_00001602.jpg,42,29,5,14,0,0,0,0,2,0.4411764740943908,test,0.3123813271522522,91,4
scenes_department_store_00004245.jpg,35,25,8,8,0,0,0,0,0,0.720588207244873,test,0.3161708414554596,139,12
scenes_volleyball_court-outdoor_00003737.jpg,46,32,8,17,0,1,0,0,2,0.779411792755127,test,0.2429766505956649,152,22
scenes_beach_house_00004228.jpg,33,22,8,11,0,0,0,0,2,0.4117647111415863,test,0.3774387240409851,79,6
scenes_apartment_building-outdoor_00000549.jpg,18,14,3,6,0,0,0,0,0,0.4558823406696319,test,0.720660388469696,133,2
scenes_butchers_shop_00004299.jpg,53,40,6,11,0,2,0,1,0,0.4705882370471954,test,0.289092481136322,99,8
scenes_forest_road_00004713.jpg,31,19,7,13,0,0,0,0,2,0.4117647111415863,test,0.3135068118572235,33,6
scenes_physics_laboratory_00001191.jpg,52,42,3,12,0,0,0,0,0,0.3676470518112182,test,0.3316854536533355,32,3
scenes_building_facade_00002693.jpg,31,22,8,11,0,0,0,0,1,0.6764705777168274,test,0.378763735294342,175,12
scenes_castle_00001496.jpg,42,28,9,16,0,0,0,0,2,0.5147058963775635,test,0.34719118475914,81,7
scenes_museum-outdoor_00001627.jpg,33,24,4,9,0,0,0,0,1,0.6176470518112183,test,0.5430803298950195,133,7
scenes_inn-outdoor_00004511.jpg,39,29,8,8,0,0,0,0,1,0.4852941036224365,test,0.3248083889484405,48,5
scenes_tower_00001506.jpg,30,19,4,12,0,0,0,0,1,0.4558823406696319,test,0.5038884878158569,72,4
scenes_racecourse_00004588.jpg,50,36,10,10,1,0,0,0,1,0.5147058963775635,test,0.2714602053165436,108,21
scenes_pagoda_00002403.jpg,43,30,7,9,0,1,0,0,1,0.4705882370471954,test,0.301488995552063,131,11
scenes_operating_room_00000830.jpg,45,28,10,12,0,1,0,0,1,0.5882353186607361,test,0.2708221673965454,114,11
scenes_farm_00000362.jpg,19,11,2,10,0,0,0,0,1,0.4705882370471954,test,0.6234933733940125,130,1
scenes_inn-outdoor_00003969.jpg,48,32,8,16,0,0,0,0,1,0.5147058963775635,test,0.297766774892807,141,5
scenes_village_00004570.jpg,33,23,6,10,0,0,0,0,1,0.6176470518112183,test,0.4000358283519745,139,9
scenes_hot_spring_00001732.jpg,31,19,7,11,0,0,0,0,1,0.25,test,0.343046635389328,31,1
scenes_excavation_00000469.jpg,39,26,6,12,0,0,0,0,2,0.6911764740943909,test,0.3779250085353851,153,4
scenes_yard_00002980.jpg,35,23,3,13,0,0,0,0,2,0.4852941036224365,test,0.4002460837364197,34,5
scenes_conference_center_00000768.jpg,43,32,5,14,0,0,0,1,2,0.3823529481887817,test,0.3372852206230163,43,11
scenes_watering_hole_00001948.jpg,45,32,9,14,1,0,0,0,2,0.5147058963775635,test,0.2971702516078949,85,7
scenes_lobby_00004988.jpg,38,28,3,9,0,0,0,0,3,0.4411764740943908,test,0.372621476650238,77,13
scenes_museum-indoor_00000586.jpg,58,38,6,16,0,1,0,0,2,0.529411792755127,test,0.2521505653858185,72,4
scenes_stable_00001680.jpg,50,38,5,12,1,0,0,0,3,0.5147058963775635,test,0.3805919289588928,67,5
scenes_nursing_home_00001982.jpg,52,38,5,11,0,1,0,0,1,0.5147058963775635,test,0.3067144751548767,91,16
scenes_fastfood_restaurant_00001227.jpg,44,25,7,12,0,2,0,0,1,0.5735294222831726,test,0.2474784553050995,146,22
scenes_vineyard_00004670.jpg,26,17,6,10,0,0,0,0,1,0.4411764740943908,test,0.4647745788097381,56,4
scenes_hot_spring_00004277.jpg,25,14,8,14,0,0,0,0,2,0.3823529481887817,test,0.4183803498744964,21,3
scenes_bus_interior_00003741.jpg,49,33,7,12,0,0,0,0,2,0.5147058963775635,test,0.340754747390747,82,22
scenes_wheat_field_00001696.jpg,30,19,7,10,0,0,0,0,1,0.5,test,0.3861673772335052,52,3
scenes_waterfall_00004491.jpg,42,24,9,13,0,1,0,0,1,0.4558823406696319,test,0.3080611228942871,36,3
scenes_laundromat_00002673.jpg,37,25,5,13,1,0,0,0,0,0.4558823406696319,test,0.376211017370224,64,5
scenes_artists_loft_00000001.jpg,36,28,6,10,0,1,0,0,2,0.2647058963775635,test,0.4355085492134094,34,4
scenes_bridge_00002931.jpg,42,27,8,12,0,1,0,0,1,0.6470588445663452,test,0.2651582360267639,132,24
scenes_butchers_shop_00003388.jpg,37,26,4,11,0,0,0,0,0,0.4705882370471954,test,0.3972915709018707,97,6
scenes_alley_00004311.jpg,30,24,5,4,0,0,0,0,2,0.4411764740943908,test,0.4377253949642181,83,4
scenes_galley_00004206.jpg,48,30,11,16,0,0,0,0,0,0.5,test,0.3202632665634155,86,9
scenes_raft_00004840.jpg,47,29,6,16,2,1,0,0,1,0.6029411554336548,test,0.2343931794166565,183,8
scenes_department_store_00002219.jpg,33,26,6,8,0,2,0,0,1,0.6323529481887817,test,0.3609641492366791,211,24
scenes_banquet_hall_00004987.jpg,46,31,7,14,1,1,0,0,1,0.5735294222831726,test,0.3074823915958404,178,44
scenes_department_store_00001049.jpg,49,34,7,10,1,0,0,0,3,0.6764705777168274,test,0.2679098844528198,216,18
scenes_butte_00002331.jpg,40,29,4,13,1,0,0,0,2,0.294117659330368,test,0.2974132001399994,53,3
scenes_train_station-platform_00003831.jpg,34,25,10,11,0,0,0,0,1,0.5588235259056091,test,0.4023816287517547,103,6
scenes_crevasse_00000786.jpg,35,24,4,8,0,0,0,0,1,0.3235294222831726,test,0.2553848326206207,23,1
scenes_inn-outdoor_00000780.jpg,32,22,6,8,0,0,0,0,1,0.5588235259056091,test,0.5420657992362976,102,5
scenes_bow_window-indoor_00000307.jpg,35,26,4,11,0,0,0,0,1,0.3823529481887817,test,0.4350208342075348,26,5
scenes_bazaar-indoor_00002592.jpg,38,24,8,10,0,1,0,0,1,0.7647058963775635,test,0.2625644505023956,159,28
scenes_cockpit_00003513.jpg,47,39,6,7,0,0,0,0,1,0.3970588147640228,test,0.2774495184421539,83,2
scenes_galley_00002989.jpg,49,38,8,12,3,0,0,0,0,0.5147058963775635,test,0.3873014450073242,76,12
scenes_tower_00000938.jpg,19,14,6,3,0,0,0,0,0,0.5,test,0.6926130652427673,176,2
scenes_golf_course_00003835.jpg,21,15,5,8,0,0,0,0,1,0.3676470518112182,test,0.5088894963264465,22,6
scenes_office_cubicles_00002429.jpg,46,31,5,12,0,0,0,0,1,0.5,test,0.3043460547924042,100,27
scenes_kindergarden_classroom_00002653.jpg,44,26,7,11,0,0,0,0,2,0.7352941036224365,test,0.3138273358345032,183,31
scenes_bus_station-indoor_00001802.jpg,34,23,5,13,1,0,0,0,2,0.4705882370471954,test,0.3581627309322357,74,5
scenes_fire_station_00004500.jpg,33,23,7,8,0,0,0,0,0,0.5588235259056091,test,0.5085064172744751,145,3
scenes_nursery_00004659.jpg,41,23,8,16,1,2,0,0,2,0.25,test,0.3870101571083069,66,6
scenes_ski_resort_00000545.jpg,29,18,5,9,0,0,0,0,1,0.4852941036224365,test,0.4640371799468994,78,7
scenes_residential_neighborhood_00004531.jpg,40,31,5,11,0,0,0,0,1,0.5147058963775635,test,0.3767164051532745,99,6
scenes_bowling_alley_00000978.jpg,42,29,6,9,1,0,0,0,0,0.3970588147640228,test,0.2801790535449981,53,4
scenes_fire_station_00000316.jpg,47,31,4,16,0,0,0,0,1,0.5,test,0.3372552990913391,90,16
scenes_fountain_00000499.jpg,47,29,6,16,1,0,0,0,3,0.4705882370471954,test,0.3058333992958069,42,1
scenes_office_00000844.jpg,59,40,6,17,0,1,0,0,2,0.5588235259056091,test,0.3557553887367248,106,19
scenes_kindergarden_classroom_00000368.jpg,17,9,4,8,0,0,0,0,2,0.5147058963775635,test,0.6365856528282166,66,5
scenes_picnic_area_00001434.jpg,30,20,4,11,0,0,0,0,2,0.5441176295280457,test,0.4133368134498596,166,2
scenes_courthouse_00003307.jpg,37,26,6,11,0,0,0,0,0,0.4264705777168274,test,0.4510592222213745,80,8
scenes_oilrig_00003030.jpg,33,22,6,9,0,0,0,0,2,0.4558823406696319,test,0.3791039586067199,71,4
scenes_bazaar-indoor_00003170.jpg,47,37,4,11,0,0,0,1,0,0.6911764740943909,test,0.2924697697162628,168,24
scenes_embassy_00001901.jpg,21,15,3,9,0,0,0,0,0,0.4558823406696319,test,0.5112676620483398,62,2
scenes_dining_room_00002398.jpg,40,27,7,11,0,0,0,0,2,0.5147058963775635,test,0.395238310098648,116,12
scenes_creek_00004816.jpg,49,35,7,12,1,0,0,0,1,0.5147058963775635,test,0.3258054554462433,112,6
scenes_beach_house_00001864.jpg,52,38,10,12,0,0,0,0,2,0.5,test,0.3022524118423462,102,7
scenes_greenhouse-outdoor_00002328.jpg,40,28,7,9,0,0,0,0,1,0.529411792755127,test,0.3922546207904815,77,7
scenes_crevasse_00004101.jpg,37,22,7,12,1,1,0,0,0,0.4705882370471954,test,0.3259235620498657,35,6
scenes_inn-outdoor_00001748.jpg,35,24,4,10,0,0,0,0,2,0.5,test,0.3677355051040649,82,8
scenes_kitchen_00003316.jpg,34,28,4,6,0,1,0,0,1,0.4264705777168274,test,0.4224029779434204,74,6
scenes_driveway_00002411.jpg,33,26,7,7,0,0,0,0,1,0.5147058963775635,test,0.4016731977462768,81,5
scenes_shopping_mall-indoor_00001996.jpg,38,26,9,5,0,1,0,0,1,0.6764705777168274,test,0.2700614631175995,128,15
scenes_locker_room_00000106.jpg,41,30,6,13,0,0,0,0,0,0.4411764740943908,test,0.394654631614685,69,6
scenes_dining_hall_00004011.jpg,35,25,6,7,0,2,0,0,0,0.6470588445663452,test,0.3992534279823303,158,8
scenes_stage-outdoor_00003193.jpg,42,34,2,9,0,1,0,0,2,0.3235294222831726,test,0.2640430629253387,18,3
scenes_dining_hall_00000991.jpg,45,35,9,11,0,1,0,0,1,0.6470588445663452,test,0.3510085940361023,137,35
scenes_vegetable_garden_00003234.jpg,37,25,6,15,0,0,0,0,2,0.5147058963775635,test,0.3615058064460754,64,5
scenes_temple-asia_00003154.jpg,42,28,8,11,0,0,0,0,2,0.529411792755127,test,0.3140962123870849,109,7
scenes_temple-asia_00002679.jpg,39,28,5,10,1,1,0,0,0,0.5441176295280457,test,0.3463727533817291,120,4
scenes_assembly_line_00002316.jpg,42,27,5,8,3,1,0,0,3,0.5882353186607361,test,0.2890401482582092,122,9
scenes_boathouse_00003576.jpg,34,25,8,9,0,0,0,0,1,0.5,test,0.3025615513324737,74,6
scenes_balcony-exterior_00000139.jpg,29,23,4,7,0,0,0,0,1,0.4411764740943908,test,0.4834013283252716,75,9
scenes_stadium-football_00003767.jpg,45,29,10,9,0,1,0,0,0,0.4705882370471954,test,0.2619432508945465,172,8
scenes_art_studio_00004726.jpg,44,35,4,10,0,1,0,0,0,0.5,test,0.2876246869564056,62,9
scenes_hospital_room_00002244.jpg,38,25,5,9,1,0,0,0,2,0.5441176295280457,test,0.2855886220932007,121,19
scenes_hospital_room_00004679.jpg,45,29,5,15,0,0,0,0,1,0.5147058963775635,test,0.3107946813106537,47,6
scenes_alley_00001377.jpg,40,27,6,12,0,0,0,0,2,0.529411792755127,test,0.3433432281017303,135,10
scenes_mansion_00002689.jpg,30,22,8,6,0,0,0,0,2,0.4558823406696319,test,0.4062222838401794,66,5
scenes_bus_station-indoor_00003964.jpg,46,30,7,16,0,0,0,0,2,0.5882353186607361,test,0.260533332824707,124,19
scenes_ballroom_00004092.jpg,38,28,8,13,0,0,0,0,2,0.6029411554336548,test,0.3458773195743561,65,7
scenes_bowling_alley_00003193.jpg,44,35,7,9,0,0,0,1,1,0.6470588445663452,test,0.2482791095972061,215,31
scenes_elevator_shaft_00003462.jpg,42,30,8,11,0,0,0,0,1,0.5882353186607361,test,0.3591377437114715,63,5
scenes_pet_shop_00002664.jpg,39,25,6,11,0,0,0,0,2,0.4558823406696319,test,0.3620635867118835,35,1
scenes_rope_bridge_00003140.jpg,35,25,5,6,0,1,0,0,2,0.5147058963775635,test,0.2930924892425537,89,21
scenes_amusement_park_00004580.jpg,23,16,6,6,0,0,0,0,1,0.4117647111415863,test,0.4085969924926758,52,5
scenes_cemetery_00003897.jpg,46,33,6,12,1,0,0,0,1,0.529411792755127,test,0.324776142835617,113,4
scenes_ice_floe_00003638.jpg,43,27,11,13,0,0,0,0,0,0.3970588147640228,test,0.2942232489585876,39,3
scenes_formal_garden_00001015.jpg,48,38,4,9,1,0,0,0,0,0.4264705777168274,test,0.3505238890647888,71,3
scenes_locker_room_00003468.jpg,50,34,6,13,0,1,0,0,1,0.4852941036224365,test,0.3105367720127105,145,13
scenes_bazaar-outdoor_00003392.jpg,63,41,3,18,0,0,0,0,2,0.7941176295280457,test,0.2071928530931472,149,23
scenes_rice_paddy_00001684.jpg,31,21,4,9,0,0,0,0,1,0.3676470518112182,test,0.3069800734519958,25,4
scenes_lock_chamber_00003874.jpg,35,25,7,10,0,0,0,0,1,0.4411764740943908,test,0.368868350982666,65,6
scenes_desert_road_00002733.jpg,40,27,6,14,0,1,0,0,2,0.4117647111415863,test,0.2677292823791504,95,11
scenes_alcove_00000742.jpg,40,27,2,11,1,2,0,0,2,0.5147058963775635,test,0.424566388130188,100,11
scenes_lobby_00002396.jpg,45,31,10,12,0,1,0,0,1,0.5441176295280457,test,0.3402276635169983,136,14
scenes_arch_00002372.jpg,43,36,6,13,0,0,0,0,1,0.4558823406696319,test,0.3532951176166534,60,7
scenes_mosque-outdoor_00002529.jpg,40,29,6,14,0,0,0,0,1,0.4852941036224365,test,0.3286435604095459,52,4
scenes_mansion_00003586.jpg,45,34,5,12,0,0,0,0,3,0.4411764740943908,test,0.3261347413063049,50,7
scenes_excavation_00003014.jpg,46,30,9,13,0,1,0,0,2,0.4705882370471954,test,0.2598616182804107,90,8
scenes_ski_resort_00000212.jpg,38,28,7,12,0,0,0,0,0,0.4411764740943908,test,0.3432130813598633,49,4
scenes_porch_00003278.jpg,31,21,6,10,0,0,0,0,2,0.5441176295280457,test,0.3112467527389526,86,10
scenes_library-indoor_00003566.jpg,30,20,8,7,0,2,0,0,0,0.75,test,0.3540902435779571,146,31
scenes_wind_farm_00003023.jpg,32,25,6,15,1,0,0,0,1,0.3823529481887817,test,0.3125709295272827,14,3
scenes_jewelry_shop_00002395.jpg,36,26,7,10,1,0,0,0,0,0.5147058963775635,test,0.4059726595878601,107,9
scenes_barndoor_00001853.jpg,48,38,4,11,0,0,0,0,1,0.4117647111415863,test,0.3531416058540344,42,8
scenes_hunting_lodge-outdoor_00002329.jpg,46,35,7,12,0,1,0,0,1,0.529411792755127,test,0.2669371664524078,151,11
scenes_hot_spring_00002706.jpg,30,19,6,11,1,0,0,0,2,0.4852941036224365,test,0.3008721768856048,102,5
scenes_elevator-door_00000888.jpg,36,23,4,9,0,0,0,0,2,0.4117647111415863,test,0.3156718313694,31,8
scenes_manufactured_home_00001479.jpg,35,24,6,8,0,0,0,0,2,0.5,test,0.3634901046752929,59,8
scenes_football_field_00002118.jpg,37,26,5,9,2,0,0,0,1,0.529411792755127,test,0.3201354742050171,104,10
scenes_corral_00003802.jpg,38,24,6,8,0,1,0,0,1,0.5588235259056091,test,0.2761985957622528,126,19
scenes_beach_house_00000021.jpg,31,24,4,6,0,0,0,0,2,0.5147058963775635,test,0.4522448480129242,83,6
scenes_sandbox_00004472.jpg,34,24,5,10,0,0,0,0,1,0.529411792755127,test,0.3292506337165832,63,12
scenes_balcony-interior_00003761.jpg,51,36,3,15,1,0,0,0,2,0.4705882370471954,test,0.2465382814407348,57,6
scenes_balcony-interior_00004023.jpg,26,20,2,9,0,0,0,0,1,0.6617646813392639,test,0.4339551329612732,177,6
scenes_food_court_00001524.jpg,52,35,7,12,0,0,0,1,1,0.5147058963775635,test,0.2397385239601135,102,24
scenes_drugstore_00001192.jpg,37,25,9,14,2,2,0,0,0,0.6323529481887817,test,0.4101729989051819,141,14
scenes_sky_00000629.jpg,21,12,5,8,1,0,0,0,1,0.4705882370471954,test,0.4227368533611297,65,2
scenes_corn_field_00002150.jpg,40,26,11,14,2,0,0,0,1,0.3823529481887817,test,0.3114424645900726,52,8
scenes_beer_hall_00003385.jpg,37,25,8,9,0,0,0,0,0,0.6764705777168274,test,0.3133467435836792,108,30
scenes_playground_00001414.jpg,44,31,6,11,1,0,0,0,1,0.5,test,0.2894443273544311,105,11
scenes_wind_farm_00001813.jpg,48,30,10,16,0,0,0,0,1,0.5,test,0.2609066963195801,78,8
scenes_alley_00001493.jpg,43,29,10,9,0,0,0,0,2,0.4705882370471954,test,0.36348357796669,279,4
scenes_gymnasium-indoor_00000977.jpg,38,25,5,13,0,0,0,0,2,0.4852941036224365,test,0.3407524526119232,60,16
scenes_train_interior_00003591.jpg,46,31,6,12,1,0,0,0,1,0.4558823406696319,test,0.2793610095977783,77,8
scenes_desert-sand_00004187.jpg,39,29,5,12,0,0,0,0,2,0.294117659330368,test,0.3273645639419555,33,5
scenes_industrial_area_00001999.jpg,39,26,8,10,0,0,0,0,2,0.4558823406696319,test,0.3570824563503265,68,7
scenes_lighthouse_00003733.jpg,30,22,6,9,0,0,0,0,1,0.4558823406696319,test,0.4401030838489532,50,3
scenes_airport_terminal_00004269.jpg,50,34,7,10,1,0,0,0,1,0.4705882370471954,test,0.2241546958684921,107,15
scenes_amphitheater_00002569.jpg,38,28,8,12,0,0,0,0,1,0.6029411554336548,test,0.3630888164043426,88,4
scenes_hunting_lodge-outdoor_00001729.jpg,35,25,4,10,0,0,0,0,4,0.529411792755127,test,0.3768773674964905,85,5
scenes_coast_00001740.jpg,33,19,7,11,0,0,0,0,1,0.3676470518112182,test,0.3418999910354614,34,4
scenes_shower_00002300.jpg,32,24,5,7,0,1,0,0,2,0.3823529481887817,test,0.4319329559803009,34,4
scenes_raft_00001215.jpg,40,25,10,10,1,0,0,0,0,0.4117647111415863,test,0.2388920783996582,63,8
scenes_library-indoor_00001715.jpg,35,25,4,8,1,2,0,0,1,0.5588235259056091,test,0.4337263703346252,167,41
scenes_junkyard_00000461.jpg,50,34,10,14,1,0,0,0,5,0.4264705777168274,test,0.2455550730228424,57,1
scenes_stage-indoor_00000346.jpg,29,21,6,7,0,1,0,0,0,0.3970588147640228,test,0.3256543576717376,26,2
scenes_ballroom_00000051.jpg,48,32,4,11,0,0,0,0,1,0.3823529481887817,test,0.2948170304298401,48,5
scenes_patio_00001066.jpg,38,25,9,10,0,0,0,0,3,0.4852941036224365,test,0.3664445579051971,79,10
scenes_lobby_00003546.jpg,47,37,4,9,0,1,0,1,1,0.6029411554336548,test,0.379450261592865,164,31
scenes_discotheque_00002334.jpg,46,31,8,11,2,1,0,0,1,0.529411792755127,test,0.2351895272731781,77,6
scenes_courthouse_00001949.jpg,38,30,3,14,0,0,0,0,2,0.4852941036224365,test,0.4125332534313202,98,6
scenes_forest_road_00000171.jpg,31,18,8,13,0,0,0,0,1,0.4264705777168274,test,0.3505595028400421,60,4
scenes_japanese_garden_00003171.jpg,39,25,9,14,0,0,0,0,1,0.6029411554336548,test,0.3494175672531128,132,15
scenes_ice_shelf_00003473.jpg,30,19,9,11,0,0,0,0,1,0.3970588147640228,test,0.4076202511787414,115,3
scenes_restaurant_00001319.jpg,38,30,4,9,0,2,0,1,0,0.6470588445663452,test,0.4095692634582519,120,34
scenes_stadium-soccer_00003975.jpg,42,33,7,10,0,0,0,0,1,0.5441176295280457,test,0.3260715007781982,177,17
scenes_train_station-platform_00004709.jpg,29,20,7,8,3,0,0,0,0,0.4411764740943908,test,0.441081702709198,100,6
scenes_tree_farm_00000849.jpg,31,21,6,10,0,0,0,0,1,0.5735294222831726,test,0.4287410378456116,85,4
scenes_courthouse_00002860.jpg,23,18,4,7,0,0,0,0,0,0.4705882370471954,test,0.5462365746498108,91,3
scenes_shoe_shop_00004297.jpg,46,33,4,9,0,1,0,0,3,0.5441176295280457,test,0.2538580596446991,121,10
scenes_water_park_00004090.jpg,43,27,5,11,0,0,0,1,1,0.6764705777168274,test,0.2282231599092483,171,22
scenes_butte_00003275.jpg,35,24,7,11,0,0,0,0,1,0.3970588147640228,test,0.3461529314517975,79,3
scenes_garage-outdoor_00002888.jpg,48,32,10,12,1,0,0,0,2,0.4852941036224365,test,0.365841805934906,78,7
scenes_fire_escape_00003700.jpg,31,24,3,8,0,0,0,0,1,0.529411792755127,test,0.4151425063610077,73,5
scenes_courtyard_00004673.jpg,39,30,4,11,0,0,0,0,1,0.5588235259056091,test,0.3501503765583038,173,9
scenes_jewelry_shop_00000731.jpg,54,38,5,10,0,1,0,0,0,0.529411792755127,test,0.279940128326416,143,9
scenes_assembly_line_00002938.jpg,47,34,5,13,0,1,0,0,3,0.4411764740943908,test,0.2542552053928375,67,4
scenes_field-wild_00000425.jpg,25,16,2,8,0,0,0,0,2,0.4117647111415863,test,0.4194368720054626,27,4
scenes_amusement_park_00003253.jpg,38,28,9,13,0,0,0,0,1,0.4558823406696319,test,0.2885568141937256,39,3
scenes_television_studio_00004560.jpg,39,25,5,11,1,0,0,0,1,0.3382352888584137,test,0.323133111000061,71,3
scenes_mezzanine_00004404.jpg,45,32,8,8,0,0,0,0,1,0.4558823406696319,test,0.2828162014484405,59,12
scenes_boxing_ring_00002776.jpg,42,30,6,7,0,2,0,0,0,0.5,test,0.2528151571750641,68,10
scenes_beauty_salon_00002638.jpg,50,34,7,15,0,0,0,0,1,0.4411764740943908,test,0.3594005107879638,46,4
scenes_mountain_snowy_00002020.jpg,28,16,10,10,0,0,0,0,1,0.4558823406696319,test,0.4024641215801239,46,3
scenes_candy_store_00001228.jpg,40,30,9,9,1,2,0,0,1,0.5588235259056091,test,0.3339087069034576,82,14
scenes_clean_room_00001373.jpg,47,32,5,13,0,1,0,1,2,0.5882353186607361,test,0.2674553692340851,135,13
scenes_recreation_room_00001504.jpg,39,27,5,10,0,1,0,0,1,0.5,test,0.3454472124576568,94,5
scenes_art_gallery_00004566.jpg,41,24,11,12,0,1,0,0,0,0.720588207244873,test,0.2542444169521332,146,22
scenes_windmill_00004720.jpg,44,27,5,18,2,0,0,0,1,0.4117647111415863,test,0.3286876678466797,54,4
scenes_waiting_room_00001788.jpg,46,36,4,10,0,0,0,0,0,0.6029411554336548,test,0.3776223361492157,149,26
scenes_picnic_area_00001710.jpg,48,32,5,14,0,0,0,0,2,0.5735294222831726,test,0.3474467396736145,103,4
scenes_islet_00001925.jpg,31,23,6,9,0,0,0,0,2,0.3970588147640228,test,0.3445720970630646,73,12
scenes_parking_garage-indoor_00000639.jpg,32,26,5,7,0,0,0,0,0,0.5147058963775635,test,0.3813989758491516,109,8
scenes_excavation_00000013.jpg,53,40,4,15,1,0,0,0,2,0.4411764740943908,test,0.2660617530345917,62,2
scenes_pond_00000599.jpg,19,14,3,7,0,0,0,0,0,0.4705882370471954,test,0.3978378474712372,21,2
scenes_moat-water_00000336.jpg,38,25,4,10,0,0,0,0,2,0.4705882370471954,test,0.3466357588768005,103,12
scenes_waiting_room_00004953.jpg,47,36,9,6,1,1,0,0,2,0.529411792755127,test,0.3459921479225158,69,14
scenes_utility_room_00002745.jpg,45,31,8,11,0,2,0,0,1,0.529411792755127,test,0.2952511310577392,78,8
scenes_subway_station-platform_00004741.jpg,32,23,8,10,1,0,0,0,2,0.4852941036224365,test,0.3829708993434906,126,5
scenes_inn-outdoor_00002023.jpg,41,26,9,11,0,0,0,0,1,0.529411792755127,test,0.4206820130348205,74,4
scenes_gas_station_00002806.jpg,51,35,9,15,0,0,0,0,1,0.4264705777168274,test,0.3142865598201751,70,6
scenes_corn_field_00001382.jpg,20,12,4,9,0,0,0,0,0,0.3970588147640228,test,0.4410468637943268,84,2
scenes_archaelogical_excavation_00003561.jpg,41,28,6,12,2,0,0,0,2,0.3088235259056091,test,0.2771939635276794,18,1
scenes_ballroom_00002750.jpg,56,38,8,13,0,1,0,0,1,0.4558823406696319,test,0.2307613641023636,71,5
scenes_promenade_00001302.jpg,35,23,6,13,0,1,0,0,2,0.5,test,0.3123906254768371,96,16
scenes_landfill_00004495.jpg,46,33,2,15,0,1,0,0,1,0.6911764740943909,test,0.3331083953380584,193,10
scenes_harbor_00000079.jpg,39,23,9,12,1,1,0,0,2,0.4117647111415863,test,0.2611985206604004,79,20
scenes_garage-indoor_00002652.jpg,52,38,6,10,0,0,0,0,1,0.5147058963775635,test,0.3149161338806152,91,6
scenes_parking_garage-indoor_00004522.jpg,40,29,7,7,0,0,0,0,2,0.529411792755127,test,0.3771042227745056,110,2
scenes_bus_interior_00000238.jpg,36,20,6,11,0,1,0,0,0,0.75,test,0.2610068619251251,145,31
scenes_stadium-soccer_00000334.jpg,45,28,6,12,0,0,0,0,4,0.5147058963775635,test,0.2344715148210525,147,27
scenes_veterinarians_office_00004368.jpg,43,30,6,12,0,0,0,0,0,0.529411792755127,test,0.295626699924469,80,9
scenes_picnic_area_00002956.jpg,37,22,9,13,0,0,0,0,1,0.529411792755127,test,0.4030678570270538,161,10
scenes_barn_00001256.jpg,40,24,10,12,0,0,0,0,1,0.3970588147640228,test,0.3776552379131317,42,5
scenes_bamboo_forest_00003551.jpg,36,27,5,9,0,0,0,0,2,0.5882353186607361,test,0.3910351395606994,67,3
scenes_conference_room_00000687.jpg,49,36,8,8,1,1,0,0,1,0.6764705777168274,test,0.2742222249507904,210,39
scenes_pier_00004605.jpg,47,33,4,13,0,0,0,0,2,0.5147058963775635,test,0.2187524884939193,107,13
scenes_storage_room_00003560.jpg,47,33,9,14,0,1,0,0,1,0.720588207244873,test,0.3510490953922272,179,24
scenes_trench_00002165.jpg,51,33,6,16,0,0,0,0,1,0.4852941036224365,test,0.2707137763500213,98,2
scenes_manufactured_home_00003389.jpg,32,24,10,7,1,0,0,0,1,0.4705882370471954,test,0.3412024080753326,79,8
scenes_badlands_00000354.jpg,41,22,10,14,1,0,0,0,2,0.4264705777168274,test,0.3292409777641296,66,5
scenes_landing_deck_00003601.jpg,42,27,10,14,0,0,0,0,1,0.3970588147640228,test,0.2691144645214081,57,7
scenes_rice_paddy_00004342.jpg,23,14,4,12,0,0,0,0,0,0.3235294222831726,test,0.4334185719490051,24,2
scenes_museum-indoor_00003055.jpg,57,40,9,14,0,0,0,0,2,0.4411764740943908,test,0.2604960501194,57,6
scenes_jewelry_shop_00002084.jpg,48,33,3,14,0,0,0,0,2,0.3970588147640228,test,0.3602914810180664,46,4
scenes_gymnasium-indoor_00003958.jpg,48,36,2,16,1,0,0,0,1,0.5,test,0.3742983639240265,107,8
scenes_butte_00003216.jpg,53,38,7,14,0,0,0,0,1,0.294117659330368,test,0.2416419684886932,16,2
scenes_ice_floe_00003580.jpg,46,30,10,11,2,0,0,0,4,0.5147058963775635,test,0.251958817243576,126,4
scenes_museum-outdoor_00001197.jpg,33,21,8,9,1,0,0,0,1,0.4558823406696319,test,0.3153211176395416,53,7
scenes_tree_house_00000236.jpg,28,17,7,8,1,0,0,0,2,0.5735294222831726,test,0.4849687218666076,104,4
scenes_courtyard_00000248.jpg,31,26,5,10,0,0,0,0,1,0.4264705777168274,test,0.5218677520751953,50,4
