image_id,number_of_unique_words,number_of_unique_nouns,number_of_unique_verbs,number_of_unique_adjectives,number_of_unique_adverbs,number_of_unique_pronouns,number_of_unique_determiners,number_of_unique_conjunctions,number_of_unique_prepositions,complexity,category,avg_region_similarity,# of SAM segmentations,# of FC-CLIP classes
abstract_35310.jpg,45,31,3,13,0,0,0,0,2,0.4411764740943908,test,0.2843304872512817,66,3
abstract_462135.jpg,13,9,1,7,0,0,0,0,0,0.073529414832592,test,0.6072551012039185,13,1
abstract_227654.jpg,23,13,4,10,3,0,0,0,3,0.3823529481887817,test,0.4683137238025665,41,1
abstract_109391.jpg,39,29,4,13,0,1,0,0,1,0.1617647111415863,test,0.3576030731201172,21,1
abstract_280205.jpg,30,22,2,11,0,0,0,0,1,0.5735294222831726,test,0.3975936770439148,42,2
abstract_251849.jpg,38,27,6,8,0,0,0,0,2,0.6323529481887817,test,0.3887460231781006,153,3
abstract_98901.jpg,40,28,7,11,0,0,0,0,0,0.1764705926179886,test,0.3108841180801391,13,1
abstract_941763.jpg,28,22,1,8,0,0,0,0,0,0.6911764740943909,test,0.5689581036567688,235,0
abstract_430221.jpg,41,30,5,13,1,0,0,0,0,0.2352941185235977,test,0.2667437791824341,31,2
abstract_776316.jpg,47,35,5,12,1,0,0,0,0,0.3676470518112182,test,0.3635368645191192,35,0
abstract_706654.jpg,50,37,5,13,0,0,0,0,3,0.3382352888584137,test,0.3063832223415375,23,6
abstract_368112.jpg,46,35,8,13,1,0,0,0,0,0.2794117629528045,test,0.2710616290569305,67,3
abstract_40640.jpg,26,17,5,9,0,0,0,0,1,0.4117647111415863,test,0.4754646122455597,144,2
abstract_364449.jpg,39,27,8,10,0,0,0,0,1,0.25,test,0.30158531665802,35,1
abstract_29192.jpg,30,22,1,8,0,1,0,0,0,0.1911764740943908,test,0.3453745245933532,17,3
abstract_945063.jpg,6,3,1,4,0,0,0,0,0,0.0147058824077248,test,0.7517850399017334,8,2
abstract_228123.jpg,41,30,6,12,0,0,0,0,2,0.2205882370471954,test,0.2499991804361343,17,1
abstract_94233.jpg,45,33,4,11,0,0,0,0,2,0.2205882370471954,test,0.3014836311340332,18,2
abstract_644420.jpg,39,25,8,12,0,0,0,0,2,0.529411792755127,test,0.3340233266353607,63,2
abstract_364473.jpg,25,17,4,10,0,0,0,0,0,0.2794117629528045,test,0.4254457950592041,83,1
abstract_449295.jpg,47,32,7,8,1,1,0,0,1,0.25,test,0.2907049655914306,19,3
abstract_122005.jpg,41,25,10,12,0,0,0,0,0,0.5,test,0.3030959665775299,35,2
abstract_245263.jpg,36,24,9,12,1,0,0,0,1,0.3676470518112182,test,0.3435764610767364,51,1
abstract_936855.jpg,42,29,6,13,0,0,0,0,0,0.4705882370471954,test,0.2753295302391052,70,0
abstract_440339.jpg,29,21,7,9,1,0,0,0,0,0.25,test,0.4342547357082367,55,2
abstract_33857.jpg,28,21,4,6,0,0,0,0,1,0.1176470592617988,test,0.446135938167572,13,2
abstract_319598.jpg,26,23,4,5,0,0,0,0,0,0.2205882370471954,test,0.3557703197002411,22,5
abstract_49950.jpg,38,27,5,10,2,0,0,0,2,0.3676470518112182,test,0.2750273942947387,23,0
abstract_400096.jpg,35,21,7,12,1,0,0,0,1,0.4264705777168274,test,0.404170960187912,131,1
abstract_295161.jpg,39,25,7,12,0,0,0,0,1,0.3088235259056091,test,0.3728937208652496,21,1
abstract_905074.jpg,31,22,8,10,2,0,0,0,1,0.5,test,0.3788317739963531,116,6
abstract_740008.jpg,42,33,8,9,0,0,0,0,1,0.3235294222831726,test,0.3308808505535126,39,0
abstract_256686.jpg,26,17,7,9,1,0,0,0,0,0.5441176295280457,test,0.5911766886711121,229,1
abstract_141631.jpg,21,16,0,8,0,0,0,0,1,0.294117659330368,test,0.3964475989341736,68,2
abstract_640068.jpg,43,32,9,9,0,0,0,0,0,0.5882353186607361,test,0.3843843340873718,341,1
abstract_213577.jpg,24,15,3,11,0,0,0,0,3,0.2352941185235977,test,0.4051936864852905,6,2
abstract_60480.jpg,30,20,7,9,0,0,0,0,1,0.4117647111415863,test,0.3417817056179046,519,1
abstract_144286.jpg,42,28,5,11,0,0,0,0,2,0.3235294222831726,test,0.3376773595809936,85,2
abstract_735531.jpg,53,37,6,15,0,0,0,0,2,0.4117647111415863,test,0.2547639310359955,50,3
abstract_653107.jpg,37,31,4,5,0,0,0,0,1,0.3970588147640228,test,0.4492538869380951,70,0
abstract_17861.jpg,28,21,3,10,0,0,0,0,0,0.2647058963775635,test,0.3808856606483459,53,2
abstract_842136.jpg,48,31,4,20,1,0,0,0,0,0.2352941185235977,test,0.280931293964386,18,2
abstract_133122.jpg,32,19,4,14,0,0,0,0,1,0.529411792755127,test,0.3076946139335632,41,2
abstract_653337.jpg,40,28,3,14,0,0,0,0,0,0.5,test,0.3686921000480652,46,3
abstract_400318.jpg,28,21,2,9,1,0,0,0,2,0.4558823406696319,test,0.4109812080860138,108,18
abstract_10604.jpg,47,33,6,17,0,0,0,0,3,0.4117647111415863,test,0.3218949437141418,21,1
abstract_837436.jpg,38,27,6,13,0,0,0,0,1,0.529411792755127,test,0.2822586596012115,75,1
abstract_292611.jpg,41,29,5,11,1,0,0,0,2,0.3823529481887817,test,0.3495373427867889,48,1
abstract_952929.jpg,27,21,5,8,0,0,0,0,1,0.3676470518112182,test,0.4588582813739776,49,3
abstract_767770.jpg,28,20,3,13,2,0,0,0,0,0.4411764740943908,test,0.4728514552116394,77,4
abstract_739633.jpg,32,28,4,6,1,0,0,0,1,0.25,test,0.4083829522132873,49,10
abstract_61095.jpg,39,29,4,9,1,0,0,0,2,0.1764705926179886,test,0.3298643827438354,16,3
abstract_196829.jpg,46,33,5,13,1,0,0,0,2,0.2205882370471954,test,0.3016486167907715,38,1
abstract_313976.jpg,34,23,7,9,0,0,0,0,1,0.073529414832592,test,0.424093633890152,3,0
abstract_70268.jpg,35,22,7,11,0,1,0,0,0,0.2058823555707931,test,0.285175085067749,27,5
abstract_743193.jpg,32,23,2,11,0,0,0,1,0,0.3529411852359772,test,0.4752777218818664,67,1
abstract_367209.jpg,23,18,0,5,1,0,0,0,1,0.3823529481887817,test,0.6449683904647827,130,2
abstract_73624.jpg,40,31,8,8,2,0,0,0,0,0.2352941185235977,test,0.3051140606403351,25,2
abstract_289596.jpg,38,21,8,15,1,0,0,0,2,0.2647058963775635,test,0.3574582040309906,12,2
abstract_106769.jpg,33,25,8,6,1,0,0,0,2,0.1176470592617988,test,0.3527742624282837,18,2
abstract_271812.jpg,32,23,6,10,0,0,0,0,1,0.4558823406696319,test,0.4415349960327148,100,2
abstract_920400.jpg,27,21,2,10,1,0,0,0,1,0.6323529481887817,test,0.387088805437088,115,2
abstract_830128.jpg,35,23,7,12,0,0,0,0,1,0.2205882370471954,test,0.2711702883243561,51,3
abstract_206268.jpg,27,20,4,8,0,0,0,0,2,0.4117647111415863,test,0.3513500094413757,124,1
abstract_55056.jpg,36,26,6,13,3,0,0,0,1,0.4852941036224365,test,0.3885368406772613,86,3
abstract_367630.jpg,18,14,6,6,0,0,0,0,0,0.1911764740943908,test,0.5618256330490112,9,2
abstract_25092.jpg,33,24,3,13,1,0,0,0,2,0.3235294222831726,test,0.3732240498065948,24,1
abstract_110439.jpg,26,14,2,16,0,0,0,0,1,0.3382352888584137,test,0.3693516850471496,83,1
abstract_954998.jpg,25,19,1,5,0,1,0,0,1,0.4117647111415863,test,0.4683054685592651,52,10
abstract_270212.jpg,29,20,7,11,2,0,0,0,1,0.3382352888584137,test,0.4374913275241852,77,8
abstract_904687.jpg,31,23,5,12,0,0,0,0,1,0.3676470518112182,test,0.3751008808612823,54,0
abstract_13672.jpg,30,19,7,11,0,1,0,0,2,0.1617647111415863,test,0.3308735191822052,5,2
abstract_28938.jpg,40,32,4,9,1,0,0,0,1,0.1176470592617988,test,0.2705166935920715,10,1
abstract_860742.jpg,25,18,4,9,1,0,0,0,1,0.4705882370471954,test,0.4997594952583313,122,3
abstract_527160.jpg,44,32,5,10,0,0,0,0,1,0.5441176295280457,test,0.3238457441329956,141,1
abstract_271181.jpg,46,35,1,13,0,0,0,0,0,0.2352941185235977,test,0.3988702297210693,27,2
abstract_742389.jpg,47,35,6,10,1,1,0,0,1,0.5147058963775635,test,0.4225867986679077,149,10
abstract_377717.jpg,34,26,8,9,1,0,0,0,1,0.0147058824077248,test,0.2849770784378052,49,1
abstract_136765.jpg,45,32,9,13,0,0,0,0,1,0.2647058963775635,test,0.3141219913959503,11,0
abstract_696700.jpg,36,25,5,11,0,0,0,0,0,0.1911764740943908,test,0.3745936453342438,14,2
abstract_413275.jpg,39,31,1,10,0,0,0,0,1,0.1176470592617988,test,0.3793248236179352,31,6
abstract_910114.jpg,15,11,5,4,0,0,0,0,2,0.6617646813392639,test,0.5250419974327087,60,0
abstract_372752.jpg,43,31,5,14,1,1,0,0,0,0.1764705926179886,test,0.28377366065979,49,2
abstract_650364.jpg,31,22,5,11,0,0,0,0,0,0.2794117629528045,test,0.4106990396976471,46,3
abstract_921956.jpg,24,15,6,10,1,0,0,0,1,0.3823529481887817,test,0.4381798207759857,115,1
abstract_20691.jpg,39,26,3,12,3,1,0,0,1,0.2205882370471954,test,0.2487515211105346,8,2
abstract_77322.jpg,33,25,2,9,0,0,0,0,1,0.3823529481887817,test,0.4217607080936432,93,19
abstract_315404.jpg,37,27,3,10,0,0,0,0,0,0.3382352888584137,test,0.3661499917507171,42,1
abstract_126231.jpg,26,18,5,9,1,0,0,0,0,0.0441176481544971,test,0.4269803166389465,10,1
abstract_395078.jpg,47,37,7,7,1,0,0,0,0,0.4411764740943908,test,0.3334277272224426,75,3
abstract_250434.jpg,25,15,3,8,0,0,0,0,0,0.2794117629528045,test,0.5485520362854004,60,4
abstract_16754.jpg,45,29,9,12,0,1,0,0,1,0.3088235259056091,test,0.3098715245723724,40,1
abstract_45608.jpg,28,18,3,10,0,0,0,0,0,0.1617647111415863,test,0.3490627706050873,7,2
abstract_137477.jpg,26,17,3,12,0,0,0,0,2,0.3235294222831726,test,0.3864250779151916,31,0
abstract_210448.jpg,42,27,9,7,1,1,0,0,2,0.4852941036224365,test,0.2641748487949371,70,4
abstract_931224.jpg,38,24,4,16,0,0,0,0,1,0.3970588147640228,test,0.2777551114559173,36,1
abstract_72720.jpg,14,9,5,7,0,0,0,0,0,0.5588235259056091,test,0.5300553441047668,67,2
abstract_63215.jpg,26,18,4,8,1,0,0,0,2,0.0882352963089943,test,0.3924475908279419,23,2
abstract_67378.jpg,47,33,6,18,1,0,0,1,0,0.5,test,0.3641569316387176,125,5
abstract_93206.jpg,37,20,6,11,2,0,1,0,2,0.294117659330368,test,0.2787882089614868,6,2
abstract_310383.jpg,37,24,6,12,1,0,0,0,1,0.5,test,0.3210523426532745,85,1
abstract_164622.jpg,42,29,3,14,1,1,0,0,0,0.3088235259056091,test,0.3426219522953033,38,2
abstract_739718.jpg,31,25,2,8,0,0,0,0,0,0.5,test,0.4294542670249939,91,3
abstract_270497.jpg,49,37,7,12,1,0,0,0,0,0.6029411554336548,test,0.2836956679821014,106,1
abstract_291491.jpg,43,30,3,11,2,0,0,0,2,0.073529414832592,test,0.2917846143245697,8,1
abstract_2164.jpg,47,26,7,14,1,1,0,0,1,0.6764705777168274,test,0.2602100074291229,148,15
abstract_363180.jpg,27,15,7,14,0,0,0,0,0,0.529411792755127,test,0.3525906801223755,6,1
abstract_5479.jpg,24,16,6,9,2,0,0,0,0,0.3529411852359772,test,0.5775251388549805,92,9
abstract_455363.jpg,28,19,4,9,0,0,0,0,0,0.294117659330368,test,0.4284028708934784,67,2
abstract_310499.jpg,29,16,4,13,0,0,0,0,2,0.5882353186607361,test,0.3900614976882934,44,1
abstract_365220.jpg,43,33,5,12,0,0,0,0,0,0.529411792755127,test,0.3248834908008575,121,2
abstract_353286.jpg,52,35,7,15,2,0,0,0,0,0.4411764740943908,test,0.2853748202323913,50,9
abstract_27010.jpg,39,22,11,15,0,0,0,0,1,0.5147058963775635,test,0.2635624706745147,54,1
abstract_243784.jpg,52,38,5,15,1,0,0,0,0,0.4558823406696319,test,0.2806600332260132,68,3
abstract_343031.jpg,31,20,6,8,1,0,0,0,3,0.25,test,0.4405861794948578,9,2
abstract_110349.jpg,47,34,5,10,0,0,0,0,2,0.3823529481887817,test,0.2465508729219436,74,4
abstract_68008.jpg,30,19,4,13,1,0,0,0,0,0.3970588147640228,test,0.4742211997509002,36,3
abstract_291700.jpg,40,26,4,14,0,0,0,0,2,0.2794117629528045,test,0.2994335293769836,36,1
abstract_807154.jpg,30,19,5,7,1,0,0,0,2,0.3970588147640228,test,0.4389638602733612,95,2
abstract_522597.jpg,45,36,4,8,0,0,0,0,0,0.2058823555707931,test,0.3558158576488495,65,1
abstract_119852.jpg,37,29,6,6,1,0,1,0,0,0.1911764740943908,test,0.3249649107456207,11,2
abstract_299029.jpg,43,30,5,13,0,0,0,0,2,0.3529411852359772,test,0.437576025724411,51,5
abstract_785709.jpg,41,24,12,19,0,0,0,0,3,0.6617646813392639,test,0.3496902287006378,61,1
abstract_954066.jpg,44,29,5,18,0,0,0,0,3,0.1911764740943908,test,0.2489147186279297,14,0
abstract_626626.jpg,49,28,9,18,0,0,0,0,1,0.1764705926179886,test,0.2989997565746307,6,1
abstract_60700.jpg,33,19,8,11,1,0,0,0,1,0.4852941036224365,test,0.393962413072586,19,0
abstract_840923.jpg,21,12,4,9,0,0,0,0,0,0.2794117629528045,test,0.3787473738193512,6,0
abstract_126696.jpg,34,21,7,11,0,0,1,0,1,0.147058829665184,test,0.2872429192066192,16,1
abstract_197602.jpg,43,24,9,14,2,0,0,0,2,0.2352941185235977,test,0.29523366689682,24,2
abstract_400265.jpg,42,29,4,13,0,0,0,0,3,0.2205882370471954,test,0.2880388796329498,19,1
abstract_358703.jpg,38,23,5,15,1,0,0,0,0,0.1911764740943908,test,0.2827968895435333,21,2
abstract_559279.jpg,27,19,4,12,0,0,0,0,0,0.3823529481887817,test,0.4908866286277771,80,1
abstract_302283.jpg,6,5,1,1,0,0,0,0,0,0.2058823555707931,test,0.8275450468063354,19,1
abstract_472533.jpg,43,27,5,15,0,1,0,0,1,0.2352941185235977,test,0.3063713312149048,15,2
abstract_97167.jpg,45,30,7,12,2,0,0,0,2,0.3382352888584137,test,0.2894980609416961,37,3
abstract_538482.jpg,41,28,7,14,4,0,0,0,2,0.4117647111415863,test,0.3893093764781952,41,1
abstract_714469.jpg,18,14,1,7,0,0,0,0,1,0.0,test,0.3265296816825866,3,0
abstract_10027.jpg,37,30,2,11,1,0,0,0,0,0.3088235259056091,test,0.3659905195236206,105,1
abstract_73383.jpg,46,34,2,14,0,0,0,0,2,0.3823529481887817,test,0.3504886627197265,41,2
abstract_65633.jpg,28,20,1,8,2,0,0,0,0,0.1323529481887817,test,0.4187080562114715,5,2
abstract_352772.jpg,45,37,4,8,1,1,0,0,1,0.5147058963775635,test,0.3797462284564972,86,2
abstract_324983.jpg,40,32,4,11,0,0,0,0,1,0.3382352888584137,test,0.3462830185890198,25,1
abstract_821094.jpg,52,38,6,11,0,0,0,1,2,0.5588235259056091,test,0.3361299633979797,93,4
abstract_758288.jpg,52,34,10,12,1,1,0,0,2,0.3088235259056091,test,0.2595530450344085,49,4
abstract_540137.jpg,22,15,2,10,0,0,0,0,0,0.2058823555707931,test,0.4294207394123077,11,2
abstract_107962.jpg,26,20,2,10,0,0,0,0,0,0.147058829665184,test,0.4566289782524109,31,4
abstract_388162.jpg,29,19,7,12,1,0,0,0,0,0.0441176481544971,test,0.3714219927787781,27,0
abstract_651128.jpg,31,20,5,11,0,0,0,0,1,0.0882352963089943,test,0.3637705147266388,37,2
abstract_12439.jpg,43,31,9,10,1,0,0,0,0,0.2205882370471954,test,0.2872182130813598,25,0
abstract_726988.jpg,56,39,8,11,2,0,0,0,0,0.6029411554336548,test,0.2972342669963836,164,1
abstract_72844.jpg,47,34,7,11,1,0,0,0,0,0.25,test,0.3786125481128692,29,1
abstract_173028.jpg,35,23,7,10,1,1,0,0,1,0.3676470518112182,test,0.3489156365394592,46,1
abstract_74204.jpg,44,30,8,15,0,0,0,0,2,0.4411764740943908,test,0.3252013623714447,86,1
abstract_55958.jpg,42,27,5,15,0,0,0,0,1,0.294117659330368,test,0.352054238319397,31,2
abstract_127564.jpg,49,34,6,15,1,0,0,0,1,0.2352941185235977,test,0.3074522912502289,26,3
abstract_424359.jpg,44,32,6,11,2,0,0,0,1,0.2058823555707931,test,0.2824911773204803,9,0
abstract_123656.jpg,37,24,1,15,0,0,0,0,0,0.2794117629528045,test,0.3897446393966675,32,4
abstract_117916.jpg,26,17,9,11,1,0,0,0,0,0.5441176295280457,test,0.4592801332473755,45,1
abstract_69951.jpg,40,31,3,10,1,0,0,1,0,0.4558823406696319,test,0.3594333827495575,68,1
abstract_167195.jpg,35,26,8,11,1,0,0,0,0,0.2352941185235977,test,0.4030505418777466,15,2
abstract_32943.jpg,23,15,6,10,0,0,0,0,1,0.294117659330368,test,0.4633747339248657,29,1
abstract_23497.jpg,12,6,1,7,0,0,0,0,0,0.0147058824077248,test,0.6221848130226135,2,2
abstract_581514.jpg,37,27,1,11,0,0,0,0,0,0.2352941185235977,test,0.3840367794036865,14,2
abstract_815622.jpg,52,39,5,12,1,0,0,0,1,0.3529411852359772,test,0.28638556599617,21,1
abstract_587746.jpg,42,30,3,10,1,0,0,0,2,0.4411764740943908,test,0.2985210120677948,31,2
abstract_453761.jpg,48,37,6,8,0,0,0,0,3,0.4117647111415863,test,0.3466997742652893,63,2
abstract_639914.jpg,27,20,3,14,0,1,0,0,0,0.2647058963775635,test,0.3879399597644806,37,2
abstract_887962.jpg,36,26,6,11,1,0,0,0,0,0.3529411852359772,test,0.3652544915676117,63,4
abstract_778395.jpg,16,11,4,7,0,0,0,1,0,0.6029411554336548,test,0.556501030921936,74,1
abstract_290187.jpg,31,25,5,7,0,0,0,0,2,0.0147058824077248,test,0.3104394078254699,5,1
abstract_317615.jpg,31,22,7,12,2,0,0,0,1,0.4558823406696319,test,0.3707693815231323,87,7
abstract_79888.jpg,37,24,3,11,0,0,0,0,1,0.4264705777168274,test,0.4084267914295196,66,1
abstract_660878.jpg,28,18,6,9,0,0,0,0,1,0.147058829665184,test,0.3410583734512329,21,1
abstract_30556.jpg,49,32,6,17,0,0,0,0,1,0.3676470518112182,test,0.2736289501190185,41,1
abstract_232645.jpg,43,34,3,8,0,0,0,0,1,0.3088235259056091,test,0.3601151406764984,26,3
abstract_522602.jpg,45,31,8,14,0,0,0,0,1,0.5,test,0.3202101588249206,180,6
abstract_682840.jpg,37,27,7,11,0,1,0,0,2,0.4117647111415863,test,0.298772782087326,36,3
abstract_916882.jpg,44,26,8,18,1,0,0,0,2,0.3235294222831726,test,0.3043188452720642,45,4
abstract_206084.jpg,28,19,5,11,0,0,0,0,2,0.5147058963775635,test,0.3682962357997894,763,3
abstract_725988.jpg,33,23,6,9,1,0,0,0,1,0.3823529481887817,test,0.3640617132186889,224,2
abstract_742667.jpg,41,26,7,16,0,0,0,0,1,0.4264705777168274,test,0.3514892160892486,47,2
abstract_209838.jpg,45,37,2,9,1,0,0,0,0,0.2794117629528045,test,0.3494976162910461,14,2
abstract_921875.jpg,35,25,10,13,0,0,0,0,1,0.5147058963775635,test,0.266100138425827,116,11
abstract_61020.jpg,42,28,4,15,1,0,0,0,1,0.4117647111415863,test,0.2996929883956909,66,2
abstract_479297.jpg,35,16,8,14,1,0,0,0,0,0.2794117629528045,test,0.4247463941574096,42,2
abstract_375726.jpg,37,25,4,13,0,0,0,0,1,0.1323529481887817,test,0.3879053890705108,31,2
abstract_108872.jpg,36,26,4,12,0,0,0,0,1,0.147058829665184,test,0.3179107904434204,25,2
abstract_406052.jpg,37,25,8,10,0,0,0,0,1,0.1176470592617988,test,0.3466596603393554,345,1
abstract_500041.jpg,44,30,9,11,2,1,0,0,1,0.4705882370471954,test,0.2544251382350921,31,4
abstract_178382.jpg,38,27,7,7,0,0,0,0,0,0.2058823555707931,test,0.3004907369613647,21,0
abstract_582313.jpg,42,33,6,7,0,0,0,0,0,0.073529414832592,test,0.3113051950931549,12,0
abstract_97238.jpg,18,14,1,5,0,0,0,0,0,0.1617647111415863,test,0.526394784450531,5,1
abstract_289313.jpg,39,29,7,14,1,0,0,0,0,0.147058829665184,test,0.3606806397438049,15,1
abstract_487383.jpg,32,21,5,9,0,1,0,0,0,0.2794117629528045,test,0.2891507744789123,26,1
abstract_946561.jpg,38,27,5,9,1,0,0,0,0,0.147058829665184,test,0.3300426602363586,14,3
abstract_581849.jpg,44,34,4,11,0,0,0,0,1,0.3823529481887817,test,0.3040264844894409,142,2
abstract_719146.jpg,36,29,5,9,0,1,0,0,1,0.294117659330368,test,0.3255736231803894,67,1
abstract_122816.jpg,36,25,6,9,0,0,0,0,0,0.4264705777168274,test,0.2991792857646942,133,2
abstract_63644.jpg,54,40,6,13,0,0,0,0,2,0.529411792755127,test,0.3333974480628967,142,1
abstract_364895.jpg,21,8,5,11,0,0,0,0,1,0.7941176295280457,test,0.4681703448295593,2225,1
abstract_22657.jpg,27,18,4,8,0,0,0,0,1,0.5588235259056091,test,0.4320507347583771,68,1
abstract_7549.jpg,32,23,6,7,1,0,0,0,2,0.2352941185235977,test,0.2551594972610473,73,1
abstract_58361.jpg,37,26,7,14,0,0,0,0,1,0.3823529481887817,test,0.3192448914051056,70,2
abstract_114021.jpg,34,25,3,10,0,0,0,0,1,0.3823529481887817,test,0.4082629680633545,126,0
abstract_49609.jpg,36,25,2,10,1,0,0,0,0,0.147058829665184,test,0.2738887071609497,88,2
abstract_432442.jpg,16,13,3,4,1,0,0,0,0,0.0441176481544971,test,0.5880444049835205,7,1
abstract_152122.jpg,45,29,6,14,0,0,0,0,1,0.4705882370471954,test,0.3237716853618622,76,4
abstract_246374.jpg,31,23,4,7,0,0,0,0,1,0.3970588147640228,test,0.378802478313446,81,2
abstract_408867.jpg,48,35,7,12,2,0,0,0,1,0.2647058963775635,test,0.3071261644363403,18,3
abstract_352759.jpg,30,20,6,11,0,0,0,0,0,0.3529411852359772,test,0.3755570948123932,57,2
abstract_713960.jpg,53,38,5,17,0,0,0,0,0,0.2647058963775635,test,0.2477311640977859,76,2
abstract_444070.jpg,45,33,7,11,0,0,0,0,1,0.529411792755127,test,0.303404688835144,167,1
abstract_518754.jpg,48,37,4,12,1,0,0,0,0,0.3970588147640228,test,0.3565517663955688,108,8
abstract_21927.jpg,56,37,7,16,0,0,0,0,4,0.4117647111415863,test,0.2885563671588897,44,0
abstract_354970.jpg,30,21,2,9,0,0,0,0,1,0.2647058963775635,test,0.3744422495365143,71,0
abstract_776391.jpg,26,16,3,11,1,0,0,0,1,0.25,test,0.3372166752815246,13,1
abstract_714675.jpg,22,14,2,9,2,0,0,0,0,0.2205882370471954,test,0.4296519160270691,8,1
abstract_353325.jpg,38,23,5,20,1,0,0,0,1,0.25,test,0.3682266473770141,27,6
abstract_52382.jpg,46,33,9,13,0,0,0,0,1,0.5441176295280457,test,0.3693031072616577,168,11
abstract_252460.jpg,34,27,3,7,1,0,0,0,0,0.0882352963089943,test,0.3485354483127594,2,0
abstract_899262.jpg,42,32,6,10,0,0,0,0,0,0.2794117629528045,test,0.3730462789535522,54,1
abstract_73307.jpg,26,16,8,7,0,0,0,0,0,0.5882353186607361,test,0.384473592042923,113,1
abstract_261981.jpg,35,24,7,13,0,0,0,0,2,0.2352941185235977,test,0.3332604467868805,22,2
abstract_297607.jpg,29,20,3,8,0,0,0,0,0,0.1764705926179886,test,0.4653896391391754,62,1
abstract_528875.jpg,39,30,4,12,0,0,0,0,1,0.3382352888584137,test,0.3518821895122528,27,3
abstract_743707.jpg,25,15,5,10,0,0,0,0,0,0.3823529481887817,test,0.4657343029975891,42,1
abstract_601086.jpg,49,34,9,14,2,0,0,0,2,0.3088235259056091,test,0.3115051686763763,39,7
abstract_64801.jpg,40,27,7,14,0,0,0,0,0,0.3676470518112182,test,0.3357560336589813,47,2
abstract_21854.jpg,31,22,6,8,0,0,0,0,0,0.4411764740943908,test,0.413162887096405,59,3
abstract_147277.jpg,54,38,7,15,1,0,0,0,2,0.3676470518112182,test,0.2603617906570434,52,3
abstract_20997.jpg,37,27,8,11,1,0,0,0,0,0.3382352888584137,test,0.3901669383049011,22,1
abstract_103678.jpg,42,24,8,12,1,1,0,0,2,0.2058823555707931,test,0.2691100835800171,37,1
abstract_349979.jpg,36,24,7,13,0,0,0,1,2,0.4411764740943908,test,0.3424250483512878,20,2
abstract_68402.jpg,50,37,4,17,0,0,0,0,0,0.6617646813392639,test,0.3547682464122772,102,1
abstract_481970.jpg,44,29,6,13,0,0,0,0,2,0.25,test,0.3314157128334045,52,3
abstract_653875.jpg,29,17,8,8,0,0,0,0,0,0.147058829665184,test,0.3978725373744964,7,1
abstract_212329.jpg,35,24,3,13,0,0,0,0,1,0.3676470518112182,test,0.3410661518573761,39,3
abstract_34001.jpg,20,13,2,12,1,0,0,0,0,0.294117659330368,test,0.3841230869293213,36,2
abstract_667861.jpg,36,23,7,12,0,0,0,0,1,0.2352941185235977,test,0.3702591955661773,21,3
abstract_199526.jpg,54,34,9,16,1,0,0,0,1,0.4705882370471954,test,0.3297695517539978,57,7
abstract_582041.jpg,45,32,4,14,0,0,0,0,1,0.1323529481887817,test,0.3001417815685272,6,1
abstract_9972.jpg,54,42,5,13,1,0,0,0,2,0.5147058963775635,test,0.2812933325767517,76,11
abstract_697940.jpg,41,29,2,14,0,0,0,0,2,0.5147058963775635,test,0.348302960395813,278,2
abstract_315784.jpg,29,18,4,9,1,0,0,0,4,0.1764705926179886,test,0.3681905567646026,48,4
abstract_49850.jpg,30,14,5,16,2,0,0,0,1,0.3235294222831726,test,0.3577148020267486,6,1
abstract_311580.jpg,38,27,6,8,0,0,0,0,2,0.2205882370471954,test,0.3173528015613556,21,3
abstract_840761.jpg,47,31,5,18,1,0,0,0,1,0.5,test,0.2461943179368972,201,2
abstract_88529.jpg,27,17,5,12,1,0,0,0,0,0.3676470518112182,test,0.3619765937328338,12,1
abstract_714481.jpg,39,25,5,14,1,0,0,0,0,0.5588235259056091,test,0.3154813647270202,390,3
abstract_77104.jpg,35,25,5,12,0,0,0,0,1,0.5588235259056091,test,0.4068578481674194,183,2
abstract_28282.jpg,54,32,6,16,1,0,0,0,1,0.3823529481887817,test,0.2486251443624496,49,3
abstract_17562.jpg,58,41,6,19,0,1,0,0,2,0.4411764740943908,test,0.2818627655506134,72,1
abstract_173499.jpg,25,17,4,12,0,0,0,0,0,0.4411764740943908,test,0.4725447297096252,60,3
abstract_18031.jpg,36,28,7,9,2,0,0,0,2,0.6617646813392639,test,0.4221682548522949,318,8
abstract_62651.jpg,23,15,6,8,0,0,0,0,0,0.2352941185235977,test,0.3762909471988678,8,3
abstract_17990.jpg,18,13,3,9,0,0,0,0,0,0.1029411777853965,test,0.43213951587677,5,1
abstract_714407.jpg,46,34,6,10,0,0,0,0,2,0.2794117629528045,test,0.3250201940536499,40,3
abstract_539487.jpg,19,17,2,3,0,0,0,0,0,0.3970588147640228,test,0.5879172086715698,275,2
abstract_14888.jpg,41,27,3,14,0,0,0,0,1,0.2205882370471954,test,0.405841052532196,16,4
abstract_299961.jpg,21,13,4,9,0,0,0,0,0,0.3970588147640228,test,0.4304705560207367,30,1
abstract_21317.jpg,27,18,8,8,1,0,0,0,1,0.2794117629528045,test,0.4727869033813476,25,3
abstract_738592.jpg,37,28,10,7,0,0,0,0,0,0.1323529481887817,test,0.3678020238876343,14,0
abstract_930862.jpg,42,34,4,9,0,0,0,0,0,0.3088235259056091,test,0.3306137025356293,27,1
abstract_776246.jpg,20,10,6,7,0,0,0,0,1,0.1911764740943908,test,0.5192313194274902,10,3
abstract_625691.jpg,41,30,7,13,0,0,0,0,0,0.5147058963775635,test,0.3240181505680084,58,2
abstract_815221.jpg,41,23,9,13,0,0,0,0,0,0.1911764740943908,test,0.287024974822998,48,1
abstract_272788.jpg,24,19,5,9,0,0,0,0,0,0.294117659330368,test,0.439269870519638,8,1
abstract_770508.jpg,34,25,5,6,0,0,0,0,0,0.3382352888584137,test,0.4361977875232696,60,2
abstract_28309.jpg,48,35,5,13,0,0,0,0,0,0.1764705926179886,test,0.259677529335022,8,3
abstract_692744.jpg,55,42,6,13,0,1,0,0,1,0.5,test,0.2892188429832458,77,2
abstract_227538.jpg,23,11,6,10,0,0,0,0,0,0.5588235259056091,test,0.4718427062034607,214,2
abstract_314635.jpg,37,27,6,7,0,0,0,0,2,0.3088235259056091,test,0.366150438785553,7,2
abstract_152325.jpg,39,29,4,12,0,1,0,0,2,0.5147058963775635,test,0.4305176734924316,84,9
abstract_518314.jpg,32,26,4,8,0,0,0,0,0,0.25,test,0.3797838985919952,64,1
abstract_699728.jpg,32,24,6,10,0,0,0,0,1,0.0441176481544971,test,0.3567078113555908,2,1
abstract_289823.jpg,34,23,5,11,1,0,0,0,1,0.0588235296308994,test,0.3165790736675262,4,0
abstract_396324.jpg,28,17,6,12,1,0,0,0,2,0.3088235259056091,test,0.3183312118053436,67,1
abstract_511335.jpg,26,19,2,11,0,0,0,0,1,0.1764705926179886,test,0.3981428742408752,12,1
abstract_712808.jpg,38,23,9,10,0,0,0,0,1,0.5735294222831726,test,0.4190748929977417,105,1
abstract_16440.jpg,20,17,3,5,1,0,0,0,1,0.4264705777168274,test,0.5605373382568359,194,18
abstract_824542.jpg,21,15,1,8,0,0,0,0,0,0.1617647111415863,test,0.6260489225387573,25,4
abstract_9962.jpg,33,18,6,12,0,0,0,0,1,0.1764705926179886,test,0.4350641369819641,11,1
abstract_664778.jpg,25,19,5,6,0,0,0,0,0,0.6911764740943909,test,0.518513560295105,434,0
abstract_77157.jpg,43,29,6,12,3,0,0,0,2,0.294117659330368,test,0.2954177856445312,33,1
abstract_740336.jpg,34,25,3,11,0,0,0,0,1,0.25,test,0.4172006547451019,18,2
abstract_63606.jpg,57,41,2,15,1,0,0,0,1,0.5735294222831726,test,0.3355242609977722,130,1
abstract_282054.jpg,19,14,5,7,0,0,0,0,0,0.0,test,0.4497784674167633,5,2
abstract_418962.jpg,33,25,6,12,0,0,0,0,1,0.720588207244873,test,0.3688803911209106,313,1
abstract_504054.jpg,46,32,7,12,0,0,0,0,1,0.2352941185235977,test,0.2472965717315673,34,0
abstract_161461.jpg,44,28,8,10,0,0,0,0,2,0.4264705777168274,test,0.3000249564647674,36,2
abstract_458153.jpg,36,25,2,13,0,0,0,0,1,0.2058823555707931,test,0.3240801692008972,15,2
abstract_504161.jpg,39,30,2,13,0,0,0,0,0,0.2647058963775635,test,0.368459403514862,21,2
abstract_804946.jpg,39,28,3,10,0,1,0,0,1,0.3382352888584137,test,0.3915162980556488,54,3
abstract_770409.jpg,60,44,7,17,1,0,0,0,3,0.3088235259056091,test,0.2731274962425232,62,2
abstract_636068.jpg,35,23,9,12,3,0,0,0,1,0.1176470592617988,test,0.2939721941947937,7,2
abstract_400350.jpg,32,19,6,10,3,0,0,0,0,0.3235294222831726,test,0.346287727355957,28,1
abstract_192591.jpg,44,28,6,14,0,1,0,0,0,0.4558823406696319,test,0.2650685906410217,64,4
abstract_432116.jpg,42,33,5,9,0,0,0,0,0,0.3823529481887817,test,0.3287951648235321,24,1
abstract_60649.jpg,35,24,4,12,0,0,0,0,0,0.2058823555707931,test,0.3722260892391205,30,0
abstract_454262.jpg,38,29,7,7,0,0,0,0,0,0.2058823555707931,test,0.3329125344753265,20,0
abstract_740350.jpg,36,23,4,13,2,0,0,0,0,0.1176470592617988,test,0.3496194779872894,11,2
abstract_106095.jpg,42,28,8,15,0,0,0,0,1,0.3235294222831726,test,0.2722508609294891,15,3
abstract_154105.jpg,52,36,6,16,1,0,0,0,2,0.3235294222831726,test,0.2658612132072449,12,2
abstract_759270.jpg,47,31,5,17,0,0,0,0,0,0.25,test,0.3335795104503631,28,1
abstract_931986.jpg,36,29,3,10,0,0,0,0,0,0.3970588147640228,test,0.3055022358894348,53,3
abstract_860346.jpg,45,32,5,12,1,0,0,0,2,0.1617647111415863,test,0.3223469257354736,29,4
abstract_668284.jpg,42,29,7,13,0,0,0,0,0,0.5,test,0.3885014951229095,147,1
abstract_726051.jpg,26,17,6,10,3,0,0,0,0,0.294117659330368,test,0.3683578968048095,54,0
abstract_66442.jpg,31,23,2,9,1,0,0,0,1,0.3676470518112182,test,0.4421148002147674,65,4
abstract_878491.jpg,33,19,9,12,1,1,0,0,0,0.529411792755127,test,0.3699238896369934,61,3
abstract_65472.jpg,27,18,6,9,2,0,0,0,1,0.0294117648154497,test,0.2900900244712829,4,0
abstract_50714.jpg,45,31,8,10,0,0,0,0,0,0.3676470518112182,test,0.3053267896175384,39,7
abstract_282977.jpg,42,30,6,12,0,0,0,0,1,0.5588235259056091,test,0.3537357449531555,136,6
abstract_921329.jpg,28,18,6,10,0,0,0,0,2,0.0588235296308994,test,0.3559780716896057,28,2
abstract_30293.jpg,34,28,3,7,0,0,0,0,0,0.3676470518112182,test,0.3731858134269714,82,2
abstract_500906.jpg,47,32,10,13,0,0,0,0,3,0.2794117629528045,test,0.2631741166114807,160,2
abstract_8175.jpg,45,35,5,9,1,0,0,0,0,0.4558823406696319,test,0.3488898277282715,56,4
abstract_627820.jpg,38,23,11,9,1,0,0,0,1,0.4117647111415863,test,0.3502785861492157,74,6
abstract_840816.jpg,39,26,4,12,0,1,0,0,1,0.294117659330368,test,0.3453075885772705,26,3
abstract_495871.jpg,29,23,8,9,0,0,0,0,1,0.3676470518112182,test,0.387516051530838,95,6
abstract_410665.jpg,29,22,1,8,0,0,0,0,0,0.25,test,0.336981862783432,64,1
abstract_312774.jpg,50,34,7,15,1,0,0,0,1,0.147058829665184,test,0.3093389868736267,13,1
abstract_908171.jpg,33,20,4,10,0,0,0,0,1,0.1176470592617988,test,0.325777143239975,5,1
abstract_579615.jpg,34,19,9,10,1,0,0,0,1,0.4411764740943908,test,0.4392457902431488,57,2
abstract_57988.jpg,52,38,5,12,0,0,0,0,1,0.3235294222831726,test,0.301761269569397,40,5
abstract_906512.jpg,48,32,7,13,0,0,0,0,0,0.4852941036224365,test,0.2193874567747116,104,6
abstract_502673.jpg,39,32,3,7,0,0,0,0,1,0.2647058963775635,test,0.3546707928180694,124,1
abstract_896743.jpg,29,19,3,11,0,0,0,0,1,0.3676470518112182,test,0.5254513621330261,180,4
abstract_214251.jpg,20,13,5,8,0,0,0,0,2,0.5735294222831726,test,0.4876155853271484,210,2
abstract_68189.jpg,47,38,3,9,2,0,0,0,0,0.3529411852359772,test,0.2949489951133728,34,4
abstract_663831.jpg,32,24,6,8,0,0,0,0,2,0.2352941185235977,test,0.3779782354831695,111,0
abstract_65232.jpg,51,40,5,11,1,0,0,0,0,0.5882353186607361,test,0.3778758645057678,146,6
abstract_61795.jpg,31,24,3,8,1,0,0,0,1,0.3970588147640228,test,0.4977836608886719,188,2
abstract_119812.jpg,45,32,5,16,2,0,0,0,2,0.4705882370471954,test,0.2789466679096222,45,2
abstract_301759.jpg,48,39,1,10,0,0,0,1,2,0.3088235259056091,test,0.3272526264190674,26,2
abstract_938216.jpg,23,13,7,9,2,0,0,0,0,0.1029411777853965,test,0.4431079030036926,4,1
abstract_628727.jpg,22,14,4,8,2,0,0,0,0,0.3088235259056091,test,0.4732072055339813,21,3
abstract_281752.jpg,53,42,4,11,2,0,0,0,2,0.3382352888584137,test,0.2813414633274078,55,1
abstract_372267.jpg,22,12,6,10,0,0,0,0,0,0.1617647111415863,test,0.48765429854393,15,3
abstract_386374.jpg,33,21,6,9,1,0,0,0,3,0.6029411554336548,test,0.3877004086971283,138,0
abstract_660602.jpg,45,35,4,9,0,0,0,0,1,0.5735294222831726,test,0.3876635134220123,208,5
abstract_278234.jpg,40,29,7,11,0,0,0,0,0,0.529411792755127,test,0.3423037528991699,28,0
abstract_246582.jpg,40,31,4,9,0,0,0,0,2,0.4117647111415863,test,0.3774574100971222,43,3
abstract_205767.jpg,31,18,6,11,0,0,0,0,0,0.3970588147640228,test,0.364513486623764,74,8
abstract_74764.jpg,38,28,3,10,0,1,0,0,0,0.4411764740943908,test,0.3900420665740967,64,1
abstract_585176.jpg,23,18,2,9,0,0,0,0,1,0.4117647111415863,test,0.4299687147140503,189,2
abstract_258006.jpg,50,35,5,15,3,0,0,0,1,0.1176470592617988,test,0.2817105054855346,16,0
abstract_74440.jpg,41,27,8,12,0,0,0,0,2,0.294117659330368,test,0.2665808498859405,20,0
abstract_21106.jpg,37,30,6,9,0,0,0,0,0,0.4558823406696319,test,0.3500318527221679,81,1
abstract_500437.jpg,38,26,6,13,0,0,0,0,1,0.4411764740943908,test,0.4393573701381683,74,3
abstract_12570.jpg,45,30,5,16,3,0,0,0,3,0.25,test,0.286346822977066,15,4
abstract_9154.jpg,37,28,2,13,0,0,0,0,0,0.2205882370471954,test,0.3278568983078003,22,2
abstract_146834.jpg,24,18,2,7,0,0,0,0,1,0.3382352888584137,test,0.3921829462051391,31,3
abstract_345842.jpg,37,27,8,12,0,0,0,0,0,0.1176470592617988,test,0.3208410739898681,12,4
abstract_615113.jpg,27,16,9,10,0,0,0,0,1,0.7058823704719543,test,0.3440099954605102,187,1
abstract_840304.jpg,29,22,3,8,0,0,0,0,0,0.4411764740943908,test,0.3901302814483642,80,0
abstract_206310.jpg,39,28,6,12,1,0,0,0,2,0.5,test,0.390722781419754,176,0
abstract_475847.jpg,35,29,3,7,0,0,0,0,0,0.4411764740943908,test,0.4335232377052307,76,3
abstract_747975.jpg,45,34,2,13,0,0,0,0,0,0.2058823555707931,test,0.2494030743837356,20,2
abstract_603877.jpg,33,22,8,8,0,0,0,0,1,0.3823529481887817,test,0.3744218349456787,193,2
abstract_383739.jpg,36,23,8,13,0,0,0,0,1,0.4264705777168274,test,0.3578270077705383,15,1
abstract_660182.jpg,29,21,2,8,0,0,0,0,1,0.3970588147640228,test,0.3332791924476623,91,1
abstract_24142.jpg,36,27,4,8,0,0,0,0,1,0.147058829665184,test,0.3859325051307678,11,0
abstract_609318.jpg,46,32,4,10,2,0,0,0,1,0.3235294222831726,test,0.2592020034790039,7,2
abstract_442556.jpg,47,35,5,12,0,1,0,0,0,0.3676470518112182,test,0.3097679615020752,106,5
abstract_460202.jpg,19,12,3,9,1,0,0,0,0,0.5441176295280457,test,0.4826987385749817,40,2
abstract_730815.jpg,36,26,4,8,1,0,0,0,1,0.4117647111415863,test,0.4313312768936157,63,6
abstract_809750.jpg,16,12,4,4,0,0,0,0,1,0.1911764740943908,test,0.6382405161857605,41,1
abstract_290129.jpg,34,23,3,10,1,1,0,0,0,0.1323529481887817,test,0.3246839940547943,19,4
abstract_936743.jpg,25,17,4,9,0,0,0,0,0,0.3676470518112182,test,0.4536070525646209,49,1
abstract_14761.jpg,49,35,3,11,1,0,0,0,1,0.3970588147640228,test,0.3657458126544952,65,6
abstract_664446.jpg,44,31,5,17,1,0,0,0,1,0.3235294222831726,test,0.2546462416648865,23,1
abstract_73261.jpg,45,38,4,9,1,0,0,0,2,0.3235294222831726,test,0.3410760760307312,94,4
abstract_58389.jpg,26,18,5,8,0,0,0,0,0,0.294117659330368,test,0.4269317984580993,56,3
abstract_33347.jpg,36,26,6,11,0,1,0,0,0,0.3823529481887817,test,0.3782297670841217,136,6
abstract_291782.jpg,28,19,9,8,0,1,0,0,1,0.25,test,0.2649205327033996,146,10
abstract_440630.jpg,31,19,3,12,0,0,0,0,1,0.25,test,0.3706676959991455,19,3
abstract_920210.jpg,38,26,5,11,0,0,0,0,3,0.3676470518112182,test,0.3075572848320007,73,3
abstract_821605.jpg,41,31,5,11,0,0,0,0,1,0.3382352888584137,test,0.3309282660484314,59,2
abstract_103985.jpg,33,23,6,11,2,1,0,0,0,0.0441176481544971,test,0.3605318665504455,6,1
abstract_685129.jpg,31,24,3,8,0,0,0,0,4,0.6911764740943909,test,0.4047446846961975,835,1
abstract_49424.jpg,36,25,5,7,0,0,1,0,2,0.4117647111415863,test,0.3600572049617767,70,0
abstract_583003.jpg,52,40,6,12,0,0,0,0,2,0.5882353186607361,test,0.3129831850528717,83,3
abstract_177986.jpg,37,28,3,11,0,0,0,0,1,0.147058829665184,test,0.3675900101661682,40,1
abstract_176547.jpg,31,24,4,10,1,0,0,0,1,0.2794117629528045,test,0.4164115786552429,16,0
abstract_397613.jpg,50,35,7,14,1,0,0,0,3,0.2352941185235977,test,0.3055291771888733,26,2
abstract_365946.jpg,28,22,3,9,0,0,0,0,1,0.1911764740943908,test,0.3560978770256042,5,1
abstract_423056.jpg,42,27,8,14,1,1,0,0,1,0.1911764740943908,test,0.2577541172504425,12,2
abstract_103828.jpg,51,38,7,11,1,1,0,0,2,0.4411764740943908,test,0.293447732925415,60,2
abstract_98237.jpg,40,27,4,17,0,0,0,0,0,0.2058823555707931,test,0.3570083379745483,35,1
abstract_735464.jpg,51,33,6,13,0,0,0,0,2,0.4117647111415863,test,0.2996967136859894,40,3
abstract_130262.jpg,42,33,5,8,0,0,0,0,0,0.4264705777168274,test,0.3660717308521271,58,2
abstract_221821.jpg,38,27,4,13,2,0,1,0,0,0.1617647111415863,test,0.3048562407493591,15,3
abstract_3758.jpg,48,33,6,13,1,0,0,0,1,0.6323529481887817,test,0.2755639255046844,105,1
abstract_102677.jpg,51,32,8,21,1,0,0,0,2,0.3529411852359772,test,0.3312201797962188,84,5
abstract_126024.jpg,34,19,4,14,1,0,1,0,1,0.2058823555707931,test,0.3199795186519623,14,0
abstract_825710.jpg,52,43,3,10,2,0,0,0,0,0.4705882370471954,test,0.3332893848419189,68,1
abstract_735260.jpg,45,33,6,11,4,0,0,0,0,0.3676470518112182,test,0.375668853521347,51,2
abstract_442396.jpg,30,19,8,15,2,0,0,0,3,0.4558823406696319,test,0.4432527124881744,203,11
abstract_502670.jpg,32,21,3,15,1,0,0,0,1,0.3823529481887817,test,0.4499443471431732,71,2
abstract_140547.jpg,27,18,2,11,2,0,0,0,0,0.1029411777853965,test,0.3389626741409302,3,2
abstract_276001.jpg,45,35,2,9,0,0,0,0,1,0.2352941185235977,test,0.2905198335647583,16,4
abstract_669269.jpg,54,37,9,16,0,0,0,0,2,0.4852941036224365,test,0.299609512090683,44,3
abstract_534680.jpg,44,31,6,10,0,0,0,0,2,0.3529411852359772,test,0.3293478488922119,62,5
abstract_11491.jpg,23,17,4,4,0,0,0,0,0,0.4705882370471954,test,0.5951859951019287,45,1
abstract_757914.jpg,46,34,4,11,0,1,0,0,1,0.5588235259056091,test,0.3683463931083679,61,2
abstract_291563.jpg,40,26,8,15,2,0,0,0,0,0.294117659330368,test,0.3292438387870788,125,2
abstract_824381.jpg,32,20,5,13,3,0,0,0,0,0.2058823555707931,test,0.4250850081443786,29,5
abstract_956163.jpg,54,37,8,14,1,1,0,0,0,0.3529411852359772,test,0.2377972304821014,28,5
abstract_501116.jpg,41,33,5,5,1,0,0,0,1,0.3529411852359772,test,0.308706670999527,147,1
abstract_75245.jpg,48,33,9,12,0,1,0,0,0,0.0588235296308994,test,0.2691561579704284,8,2
abstract_721313.jpg,29,22,1,7,0,0,0,0,0,0.4705882370471954,test,0.5903866291046143,133,3
abstract_945981.jpg,22,15,1,8,0,0,0,0,0,0.5882353186607361,test,0.4778383672237396,215,0
abstract_73518.jpg,36,25,5,13,1,0,0,0,2,0.5588235259056091,test,0.3050233125686645,283,3
abstract_170781.jpg,39,26,7,9,2,1,0,0,1,0.1176470592617988,test,0.3326312005519867,18,2
abstract_864825.jpg,46,28,7,15,0,1,0,0,0,0.4852941036224365,test,0.2377396821975708,46,4
abstract_756700.jpg,32,25,3,10,0,0,0,0,1,0.1617647111415863,test,0.3076026439666748,3,0
abstract_712958.jpg,36,24,7,10,0,0,0,0,2,0.4852941036224365,test,0.4245773255825043,184,1
abstract_246037.jpg,38,27,4,8,1,0,0,0,1,0.25,test,0.3001652657985687,7,1
abstract_313221.jpg,45,37,6,11,0,0,0,0,0,0.4411764740943908,test,0.3534044027328491,243,3
abstract_850390.jpg,39,22,7,15,1,0,0,0,3,0.4558823406696319,test,0.2342689782381057,24,2
abstract_56541.jpg,12,7,3,5,0,0,0,0,0,0.25,test,0.690082311630249,9,1
abstract_825559.jpg,32,20,10,10,1,0,0,0,0,0.3382352888584137,test,0.4879035353660583,27,2
abstract_255231.jpg,48,33,5,13,0,0,0,0,3,0.4705882370471954,test,0.2384942471981048,95,4
abstract_817375.jpg,25,17,5,9,0,0,0,0,1,0.3088235259056091,test,0.5019474625587463,40,3
abstract_641899.jpg,33,20,7,12,0,0,0,0,0,0.4411764740943908,test,0.3088923394680023,28,2
abstract_282739.jpg,36,23,2,12,0,0,0,0,0,0.3676470518112182,test,0.3946162164211273,20,1
abstract_920239.jpg,21,11,4,12,1,0,0,0,1,0.6764705777168274,test,0.5033813714981079,24,1
abstract_825952.jpg,35,27,4,8,0,0,0,0,0,0.1911764740943908,test,0.3582130968570709,16,0
abstract_12629.jpg,34,21,7,14,1,0,0,0,2,0.3382352888584137,test,0.3252130150794983,68,2
abstract_896976.jpg,25,20,3,6,0,0,0,0,1,0.5441176295280457,test,0.3596251308917999,190,1
abstract_8425.jpg,35,22,4,11,0,0,0,0,0,0.8088235259056091,test,0.4142040908336639,239,7
abstract_107382.jpg,36,24,5,12,0,0,0,0,2,0.294117659330368,test,0.3387964963912964,33,3
abstract_21677.jpg,45,33,4,13,1,1,0,0,0,0.2205882370471954,test,0.3171914219856262,30,1
abstract_811895.jpg,56,37,8,15,0,1,0,0,1,0.6323529481887817,test,0.267664760351181,121,10
abstract_16304.jpg,35,28,3,8,0,1,0,0,0,0.3235294222831726,test,0.4391916394233703,59,1
abstract_650461.jpg,49,35,5,12,0,0,0,0,0,0.2058823555707931,test,0.3356775641441345,14,2
abstract_908197.jpg,28,20,5,8,0,0,0,0,0,0.3676470518112182,test,0.4374227225780487,47,1
abstract_645505.jpg,47,31,8,15,0,0,0,0,1,0.4558823406696319,test,0.2562964856624603,46,1
abstract_13610.jpg,37,29,6,12,1,0,0,0,3,0.2058823555707931,test,0.3811877071857452,17,1
abstract_16701.jpg,27,21,3,5,1,0,0,0,0,0.2352941185235977,test,0.5518310070037842,50,1
abstract_244974.jpg,37,21,8,14,1,0,0,0,0,0.3970588147640228,test,0.3176852166652679,29,5
abstract_920872.jpg,39,22,5,13,0,0,0,0,1,0.2794117629528045,test,0.2908183336257934,22,1
abstract_936797.jpg,41,32,5,6,0,0,0,0,2,0.3382352888584137,test,0.3888690173625946,91,5
abstract_180773.jpg,37,26,4,14,1,1,0,0,0,0.2794117629528045,test,0.3603104948997497,59,4
abstract_340180.jpg,44,23,9,12,0,1,0,0,1,0.3235294222831726,test,0.2636467516422272,55,3
abstract_24190.jpg,21,17,5,8,0,0,0,0,1,0.6029411554336548,test,0.5946043133735657,82,1
abstract_901091.jpg,21,14,3,9,0,0,0,0,0,0.073529414832592,test,0.5232941508293152,5,1
abstract_698901.jpg,40,27,6,13,0,0,0,0,0,0.4117647111415863,test,0.2973769307136535,24,1
abstract_311680.jpg,30,17,9,9,3,0,0,0,0,0.4411764740943908,test,0.3426808416843414,23,2
abstract_26454.jpg,25,20,4,7,0,0,0,0,1,0.3382352888584137,test,0.3678670823574066,95,1
abstract_904373.jpg,35,27,4,11,0,0,0,0,1,0.3823529481887817,test,0.3667953908443451,102,2
abstract_230738.jpg,24,17,4,9,0,0,0,0,0,0.6176470518112183,test,0.4992821812629699,57,3
abstract_50354.jpg,40,29,9,8,0,0,0,0,0,0.2058823555707931,test,0.3122113049030304,21,2
abstract_290251.jpg,46,36,6,8,0,0,0,0,1,0.4852941036224365,test,0.261430948972702,157,0
abstract_774109.jpg,50,32,11,13,0,0,0,0,0,0.3088235259056091,test,0.2913489937782287,31,3
abstract_140405.jpg,30,24,5,10,0,0,0,0,0,0.2058823555707931,test,0.2785429060459137,18,2
abstract_391261.jpg,40,26,1,14,0,0,0,0,0,0.3823529481887817,test,0.3531459867954254,61,3
abstract_781795.jpg,28,22,3,9,0,0,0,0,1,0.1764705926179886,test,0.3669995367527008,23,0
abstract_68686.jpg,43,32,4,11,0,0,0,0,1,0.5588235259056091,test,0.3667300641536712,164,5
abstract_103108.jpg,47,33,6,12,0,0,0,0,0,0.4264705777168274,test,0.3065276145935058,56,3
abstract_215311.jpg,45,37,3,9,0,0,0,0,1,0.5,test,0.382800817489624,92,2
abstract_640198.jpg,39,27,5,13,1,0,0,0,1,0.2794117629528045,test,0.3369203507900238,16,1
abstract_815671.jpg,41,29,7,11,0,0,0,0,3,0.25,test,0.314368188381195,68,1
abstract_358756.jpg,46,35,6,16,0,0,0,0,3,0.25,test,0.2845517098903656,14,2
abstract_77561.jpg,46,32,6,14,1,0,0,0,2,0.6323529481887817,test,0.2264016717672348,5,0
abstract_693080.jpg,45,34,7,11,0,0,0,0,1,0.0441176481544971,test,0.3382989764213562,15,1
abstract_714540.jpg,32,25,2,6,0,1,0,0,0,0.4705882370471954,test,0.4209138751029968,95,2
abstract_28678.jpg,42,33,5,8,0,1,0,0,1,0.1176470592617988,test,0.2982324659824371,62,0
abstract_151275.jpg,41,30,6,12,0,0,0,0,0,0.294117659330368,test,0.2754615247249603,9,1
abstract_518107.jpg,33,24,5,11,1,0,0,0,0,0.1176470592617988,test,0.3315451741218567,10,2
abstract_364916.jpg,43,31,5,15,0,0,0,0,1,0.2794117629528045,test,0.3729161322116852,16,0
abstract_835236.jpg,52,36,8,14,1,0,0,0,0,0.2205882370471954,test,0.2819471657276153,30,1
abstract_73850.jpg,28,14,8,11,0,0,0,0,2,0.529411792755127,test,0.3964211344718933,88,1
abstract_712852.jpg,42,30,7,7,0,0,0,0,2,0.294117659330368,test,0.3848815858364105,25,1
abstract_506079.jpg,43,28,7,14,1,0,0,0,2,0.294117659330368,test,0.3299223482608795,6,2
abstract_166972.jpg,35,25,8,10,1,0,0,0,2,0.1911764740943908,test,0.3643494546413421,27,6
abstract_392876.jpg,48,32,8,13,0,0,0,0,1,0.25,test,0.2844239175319671,39,2
abstract_742849.jpg,40,35,3,7,0,0,0,0,0,0.1911764740943908,test,0.3928848803043365,36,1
abstract_111685.jpg,42,33,3,9,1,0,0,0,1,0.3088235259056091,test,0.3597816824913025,27,5
abstract_175748.jpg,38,27,6,7,1,0,0,0,0,0.3676470518112182,test,0.4074467420578003,43,12
abstract_58411.jpg,39,28,6,8,0,0,0,0,2,0.147058829665184,test,0.3938261866569519,59,0
abstract_875213.jpg,46,33,7,12,1,0,0,0,2,0.5147058963775635,test,0.2940461337566376,73,0
abstract_655020.jpg,33,19,10,10,0,0,0,0,1,0.4411764740943908,test,0.3635636866092682,15,1
abstract_192808.jpg,47,31,11,11,2,0,1,0,1,0.4705882370471954,test,0.2831053733825683,137,6
abstract_834076.jpg,19,14,4,5,0,0,0,0,1,0.3529411852359772,test,0.65566486120224,108,3
abstract_457277.jpg,27,14,11,10,1,0,0,0,1,0.0294117648154497,test,0.3951788544654846,47,1
abstract_386831.jpg,32,22,5,12,1,0,1,0,0,0.2205882370471954,test,0.3837405741214752,21,1
abstract_135280.jpg,37,25,5,15,1,0,0,0,1,0.3970588147640228,test,0.3432856798171997,57,12
abstract_621886.jpg,51,33,10,12,1,1,0,0,3,0.2647058963775635,test,0.2747665345668793,35,1
abstract_200096.jpg,30,22,4,14,1,0,0,0,1,0.1764705926179886,test,0.2815728187561035,69,1
abstract_766013.jpg,27,16,7,9,1,0,0,0,0,0.294117659330368,test,0.4055773615837097,37,3
abstract_9531.jpg,28,18,7,8,0,0,0,0,3,0.6323529481887817,test,0.4241346418857574,179,1
abstract_83978.jpg,27,19,5,11,0,0,0,0,0,0.2058823555707931,test,0.3244634866714477,33,2
abstract_271072.jpg,18,12,4,7,1,0,0,0,0,0.3235294222831726,test,0.5353294014930725,6,1
abstract_734494.jpg,39,26,4,13,1,1,0,0,1,0.529411792755127,test,0.3456250727176666,114,12
abstract_291780.jpg,32,24,4,9,0,0,0,0,1,0.2794117629528045,test,0.3568199574947357,16,0
abstract_932972.jpg,36,21,5,14,1,0,0,0,1,0.4117647111415863,test,0.4055980145931244,35,0
abstract_96378.jpg,36,25,6,12,0,0,0,0,2,0.25,test,0.3983941078186035,19,2
abstract_42087.jpg,35,22,7,11,0,0,0,0,2,0.147058829665184,test,0.3892115354537964,11,1
abstract_151629.jpg,34,23,4,10,1,0,0,0,1,0.1323529481887817,test,0.3400004208087921,4,1
abstract_867928.jpg,47,35,7,9,0,0,0,0,2,0.3529411852359772,test,0.3114841282367706,58,6
abstract_701299.jpg,42,33,3,9,0,0,0,0,1,0.2647058963775635,test,0.3627371191978454,18,3
abstract_733183.jpg,22,19,3,3,0,0,0,0,0,0.4705882370471954,test,0.48255455493927,187,3
abstract_313172.jpg,32,22,4,11,1,0,0,0,0,0.0441176481544971,test,0.3807903826236725,7,2
abstract_491917.jpg,28,17,3,8,0,1,0,0,1,0.3382352888584137,test,0.3492580950260162,22,5
abstract_17303.jpg,41,32,3,11,0,1,0,0,0,0.4558823406696319,test,0.346583753824234,60,2
abstract_198923.jpg,36,27,6,9,0,0,0,0,1,0.294117659330368,test,0.3619204759597778,82,4
abstract_915632.jpg,37,27,6,9,0,0,0,0,2,0.3235294222831726,test,0.2572913467884063,12,2
abstract_927455.jpg,44,29,6,8,1,1,0,0,2,0.147058829665184,test,0.2742667496204376,23,3
abstract_20594.jpg,27,16,6,14,0,0,0,0,1,0.3235294222831726,test,0.4434593319892883,54,2
abstract_632014.jpg,31,18,7,10,0,0,0,0,1,0.2647058963775635,test,0.4522503912448883,10,2
abstract_13290.jpg,43,29,5,10,0,0,0,0,0,0.25,test,0.239446222782135,9,1
abstract_743606.jpg,47,33,6,15,1,0,0,0,1,0.5,test,0.3293299376964569,229,4
abstract_832905.jpg,46,32,9,10,0,0,0,0,1,0.4852941036224365,test,0.3485387563705444,250,1
abstract_90101.jpg,30,22,4,7,0,0,0,0,0,0.2794117629528045,test,0.4133658409118652,53,1
abstract_890971.jpg,63,41,11,14,1,1,0,0,2,0.3676470518112182,test,0.2144525796175003,64,9
abstract_442839.jpg,41,24,6,16,0,0,0,0,1,0.2794117629528045,test,0.3459919393062591,29,0
abstract_748029.jpg,35,29,2,9,0,0,0,0,1,0.3970588147640228,test,0.4345971643924713,112,1
abstract_517669.jpg,33,26,4,9,0,0,0,0,2,0.5588235259056091,test,0.3834877908229828,220,1
abstract_137150.jpg,41,31,6,13,0,0,0,0,0,0.3529411852359772,test,0.2989734709262848,47,1
abstract_836473.jpg,25,20,2,9,0,0,0,0,1,0.1176470592617988,test,0.4444803297519684,53,2
abstract_258061.jpg,34,23,7,9,0,1,0,0,0,0.1764705926179886,test,0.333141952753067,10,1
abstract_33835.jpg,33,28,2,8,3,0,0,0,0,0.073529414832592,test,0.3756394386291504,15,2
abstract_73612.jpg,60,45,6,13,0,0,1,0,0,0.6470588445663452,test,0.2620193064212799,234,1
abstract_689999.jpg,46,32,7,15,1,0,1,0,1,0.5147058963775635,test,0.3003790974617004,77,2
abstract_790072.jpg,45,31,6,9,1,0,0,0,4,0.147058829665184,test,0.2867867946624756,15,0
abstract_304983.jpg,43,36,1,7,0,0,0,0,0,0.6617646813392639,test,0.417453408241272,107,6
abstract_9561.jpg,30,22,6,12,0,0,0,0,0,0.5882353186607361,test,0.5008378028869629,265,15
abstract_177770.jpg,36,25,5,10,0,0,0,0,0,0.2058823555707931,test,0.2884600758552551,29,3
abstract_824630.jpg,30,23,5,10,2,0,0,0,1,0.2205882370471954,test,0.3255529105663299,72,7
abstract_518275.jpg,29,23,2,12,3,0,0,0,1,0.2058823555707931,test,0.3390862941741943,21,6
abstract_739591.jpg,41,25,7,14,0,0,0,0,0,0.3823529481887817,test,0.3384380638599396,268,1
abstract_17193.jpg,34,25,6,9,2,0,0,0,0,0.6029411554336548,test,0.3960812985897064,252,4
abstract_673545.jpg,40,29,6,9,0,1,0,0,0,0.4411764740943908,test,0.4105165302753448,67,7
abstract_609057.jpg,33,25,4,9,0,0,0,0,0,0.2352941185235977,test,0.4004372656345367,53,3
abstract_539738.jpg,40,28,5,12,1,0,0,0,4,0.2647058963775635,test,0.3668503761291504,31,1
abstract_325487.jpg,42,29,5,14,1,0,0,0,2,0.2205882370471954,test,0.277217835187912,41,3
abstract_912405.jpg,59,39,13,15,0,0,0,0,3,0.4117647111415863,test,0.2107191234827041,30,1
abstract_386046.jpg,51,39,6,11,1,0,0,0,1,0.3970588147640228,test,0.2882688343524933,56,1
abstract_5920.jpg,50,36,7,13,0,0,0,0,2,0.0,test,0.2641788125038147,4,2
abstract_393648.jpg,41,30,6,10,0,0,0,0,0,0.3529411852359772,test,0.3688279390335083,58,18
abstract_770117.jpg,42,35,3,11,0,0,0,0,1,0.2352941185235977,test,0.3254607915878296,29,2
abstract_559370.jpg,30,23,2,7,0,0,0,0,1,0.2058823555707931,test,0.4230269491672516,35,2
abstract_167065.jpg,47,33,8,11,0,0,1,0,0,0.3382352888584137,test,0.2593072056770324,34,2
abstract_829708.jpg,24,16,6,10,2,0,0,0,1,0.1323529481887817,test,0.5012879967689514,14,2
abstract_928136.jpg,44,34,6,13,0,0,0,0,3,0.0882352963089943,test,0.2740378081798553,11,0
abstract_311868.jpg,41,29,6,11,0,0,0,0,1,0.2647058963775635,test,0.2636531591415405,52,0
abstract_53113.jpg,30,18,9,13,2,0,0,0,0,0.4411764740943908,test,0.3865599930286407,79,2
abstract_71809.jpg,36,22,5,10,0,0,0,0,1,0.2352941185235977,test,0.3221325278282165,27,2
abstract_75937.jpg,27,19,5,13,1,0,0,0,1,0.073529414832592,test,0.3998581171035766,28,1
abstract_781673.jpg,45,35,6,9,0,1,0,0,0,0.2794117629528045,test,0.3151183128356933,108,0
abstract_945203.jpg,27,22,3,9,0,0,0,0,1,0.1764705926179886,test,0.3832597136497497,10,1
abstract_400602.jpg,47,34,7,13,0,0,0,0,0,0.2205882370471954,test,0.3245391845703125,22,3
abstract_291794.jpg,30,21,6,8,0,0,0,0,1,0.0588235296308994,test,0.3589124381542206,2,0
abstract_712604.jpg,43,31,3,10,1,0,0,0,2,0.2647058963775635,test,0.3588167726993561,34,2
abstract_912613.jpg,39,22,7,16,0,0,0,0,2,0.3382352888584137,test,0.2797673046588897,30,1
abstract_332474.jpg,26,17,5,9,0,0,0,0,0,0.6029411554336548,test,0.4603292047977447,295,3
abstract_115419.jpg,41,34,6,7,0,0,0,0,0,0.3529411852359772,test,0.2972375154495239,58,5
abstract_892695.jpg,38,28,8,12,1,0,0,0,0,0.1176470592617988,test,0.2990951240062713,9,1
abstract_442320.jpg,36,22,8,9,0,0,1,1,2,0.3676470518112182,test,0.4174087345600128,83,2
abstract_539025.jpg,37,22,8,13,1,0,0,0,1,0.4411764740943908,test,0.3029750883579254,11,1
abstract_74007.jpg,35,25,8,11,0,0,0,0,3,0.3529411852359772,test,0.4017298221588135,135,2
abstract_482255.jpg,45,33,7,13,0,0,0,0,1,0.3088235259056091,test,0.2854597270488739,49,3
abstract_252067.jpg,39,29,9,13,0,0,0,0,2,0.2205882370471954,test,0.2935540080070495,49,4
abstract_679928.jpg,22,13,5,9,1,0,0,0,1,0.4264705777168274,test,0.5191526412963867,203,1
abstract_400929.jpg,39,26,5,12,1,0,0,0,2,0.3970588147640228,test,0.3078861236572265,37,2
abstract_325161.jpg,39,25,6,8,1,1,0,0,2,0.3970588147640228,test,0.3778176009654999,69,9
abstract_454129.jpg,29,19,8,8,0,1,0,0,0,0.2647058963775635,test,0.2546028792858124,106,7
abstract_64572.jpg,31,22,6,4,0,0,0,0,0,0.3088235259056091,test,0.3898909389972687,65,1
abstract_775580.jpg,35,21,6,12,0,1,0,0,1,0.294117659330368,test,0.3301221430301666,24,4
abstract_58192.jpg,46,33,5,14,0,0,0,0,4,0.294117659330368,test,0.2978096306324005,237,3
abstract_95763.jpg,48,34,4,12,0,0,0,0,2,0.294117659330368,test,0.263638824224472,56,4
abstract_390124.jpg,34,16,9,13,1,0,0,0,1,0.4117647111415863,test,0.3917075395584106,118,1
abstract_127986.jpg,30,20,6,11,0,0,0,0,1,0.5441176295280457,test,0.4273222684860229,55,2
abstract_198145.jpg,45,29,5,15,0,0,0,0,0,0.25,test,0.3208571970462799,37,2
abstract_49953.jpg,34,20,8,11,0,0,0,0,3,0.1029411777853965,test,0.3631496131420135,18,2
abstract_42130.jpg,41,36,4,9,0,0,0,0,0,0.1911764740943908,test,0.3507519960403442,20,1
abstract_34619.jpg,40,27,3,13,0,0,0,0,2,0.5,test,0.4011723697185516,78,5
abstract_739427.jpg,9,5,1,6,0,0,0,0,0,0.3823529481887817,test,0.5508539080619812,10,1
abstract_120014.jpg,39,23,5,16,0,0,0,0,1,0.2647058963775635,test,0.3450372815132141,185,2
abstract_656781.jpg,23,15,5,7,2,0,0,0,2,0.0294117648154497,test,0.4223918914794922,6,1
abstract_714271.jpg,48,32,5,8,0,0,0,0,3,0.147058829665184,test,0.296880304813385,43,2
abstract_382653.jpg,37,29,3,10,0,0,0,0,1,0.3676470518112182,test,0.4849622249603271,63,1
abstract_603232.jpg,43,29,7,11,2,1,0,0,1,0.2058823555707931,test,0.2688185572624206,19,0
abstract_105796.jpg,28,14,8,13,0,0,0,0,0,0.529411792755127,test,0.3639787137508392,450,1
abstract_539883.jpg,42,29,6,13,0,1,0,0,0,0.1911764740943908,test,0.3328623175621032,55,2
abstract_521992.jpg,48,32,7,12,0,0,0,0,3,0.25,test,0.2521430253982544,37,2
abstract_359235.jpg,44,28,10,15,1,0,0,0,0,0.1029411777853965,test,0.2618981301784515,6,2
abstract_295795.jpg,28,20,6,6,0,0,0,0,1,0.4264705777168274,test,0.4059789180755615,432,1
abstract_317681.jpg,31,23,6,6,0,0,0,0,1,0.25,test,0.3114703595638275,6,0
abstract_238071.jpg,42,27,9,16,0,0,0,0,1,0.2647058963775635,test,0.2897297143936157,19,2
abstract_432880.jpg,47,34,5,12,0,0,0,0,1,0.1617647111415863,test,0.2973629534244537,31,0
abstract_200447.jpg,37,26,5,10,1,0,0,0,1,0.3529411852359772,test,0.3001956045627594,74,2
abstract_274702.jpg,30,24,3,10,0,0,0,0,2,0.0441176481544971,test,0.3406023979187011,8,2
abstract_289207.jpg,41,31,3,12,1,0,0,0,1,0.1323529481887817,test,0.3243156373500824,36,1
abstract_676747.jpg,21,12,2,9,1,0,0,0,0,0.3970588147640228,test,0.5232442021369934,55,2
abstract_51340.jpg,34,26,5,9,0,0,0,0,3,0.3235294222831726,test,0.2801525890827179,25,2
abstract_457598.jpg,43,29,5,14,0,0,0,0,1,0.3529411852359772,test,0.3275633752346039,26,1
abstract_741413.jpg,39,29,7,9,0,0,0,0,1,0.4705882370471954,test,0.3237204253673553,75,4
abstract_135329.jpg,34,28,4,7,0,0,0,0,1,0.1764705926179886,test,0.3304169476032257,8,0
abstract_287270.jpg,39,25,7,11,0,0,0,0,3,0.147058829665184,test,0.3701601326465606,16,2
abstract_441793.jpg,50,28,6,19,0,0,0,0,2,0.3676470518112182,test,0.2796192169189453,34,2
abstract_79809.jpg,21,12,7,5,0,0,0,0,2,0.4264705777168274,test,0.545403003692627,136,3
abstract_908029.jpg,40,30,6,10,0,0,0,0,2,0.147058829665184,test,0.2949325740337372,14,1
abstract_857967.jpg,28,18,3,12,0,0,0,0,0,0.1029411777853965,test,0.4156225025653839,11,2
abstract_61857.jpg,40,30,8,14,0,0,0,0,1,0.5,test,0.3726430237293243,45,6
abstract_13457.jpg,42,31,4,13,2,0,0,0,1,0.1911764740943908,test,0.342212975025177,9,4
abstract_296578.jpg,27,19,5,8,0,0,0,0,0,0.3382352888584137,test,0.4314465522766113,50,3
abstract_840799.jpg,38,28,8,9,3,1,0,0,2,0.4558823406696319,test,0.3588291704654693,120,1
abstract_948965.jpg,31,18,8,12,1,0,0,0,2,0.3088235259056091,test,0.355928510427475,12,4
abstract_284122.jpg,38,26,5,11,0,1,0,0,0,0.1617647111415863,test,0.3114547431468963,9,2
abstract_148069.jpg,48,34,6,13,1,0,0,1,0,0.2794117629528045,test,0.4260541796684265,58,3
abstract_11667.jpg,36,26,6,11,2,0,0,0,3,0.4705882370471954,test,0.4817191362380981,231,3
abstract_915685.jpg,30,23,4,8,0,0,0,0,1,0.0294117648154497,test,0.331993043422699,4,1
abstract_429159.jpg,36,28,4,9,0,0,0,0,0,0.073529414832592,test,0.3140278458595276,14,2
abstract_28954.jpg,27,21,3,8,0,1,0,0,0,0.3235294222831726,test,0.4944102764129638,76,2
abstract_35538.jpg,27,19,8,7,1,0,0,0,1,0.3235294222831726,test,0.4745493829250335,60,4
abstract_13222.jpg,61,44,5,15,0,0,0,0,6,0.1911764740943908,test,0.3016143143177032,36,5
abstract_76402.jpg,36,26,6,11,0,0,0,0,0,0.4117647111415863,test,0.2967986464500427,81,1
abstract_304224.jpg,42,31,3,13,0,0,0,0,1,0.6911764740943909,test,0.4226368069648742,85,1
abstract_34853.jpg,47,35,5,12,1,0,0,1,1,0.3382352888584137,test,0.2806028425693512,59,1
abstract_398281.jpg,43,31,6,11,3,0,0,0,1,0.3823529481887817,test,0.3375661671161651,53,2
abstract_21353.jpg,36,29,5,10,2,0,0,0,0,0.2205882370471954,test,0.3213048279285431,37,4
abstract_163688.jpg,30,19,8,7,0,0,0,0,0,0.5,test,0.4056119918823242,135,1
abstract_936500.jpg,31,23,8,10,0,0,0,0,0,0.0147058824077248,test,0.3137085735797882,3,2
abstract_58479.jpg,29,22,4,8,1,0,1,0,2,0.1323529481887817,test,0.3490044176578522,22,2
abstract_726089.jpg,39,32,4,5,0,0,0,0,2,0.3676470518112182,test,0.3363731205463409,43,1
abstract_15809.jpg,34,26,1,9,1,0,0,0,0,0.4117647111415863,test,0.4741254150867462,139,6
abstract_281228.jpg,15,12,3,6,0,0,0,0,0,0.720588207244873,test,0.4832044243812561,341,1
abstract_342369.jpg,29,22,1,5,1,0,0,0,1,0.1764705926179886,test,0.4886043071746826,54,4
abstract_633207.jpg,47,32,3,15,0,0,0,0,2,0.4852941036224365,test,0.2918924987316131,44,5
abstract_11367.jpg,30,24,4,5,0,1,0,0,1,0.5588235259056091,test,0.4485094547271728,122,2
abstract_282638.jpg,51,36,8,13,0,0,0,0,1,0.25,test,0.2016406208276748,21,2
abstract_54956.jpg,56,33,11,17,0,1,0,0,0,0.5441176295280457,test,0.2286514043807983,119,2
abstract_151312.jpg,57,42,6,13,1,0,0,0,1,0.1176470592617988,test,0.3037756681442261,82,1
abstract_486.jpg,43,34,3,8,3,1,0,0,2,0.1176470592617988,test,0.2969962656497955,17,2
abstract_73765.jpg,38,28,8,8,1,0,0,0,1,0.5441176295280457,test,0.2814586758613586,20,1
abstract_829113.jpg,32,23,2,8,1,0,0,0,1,0.1323529481887817,test,0.3783647119998932,8,0
abstract_939150.jpg,20,13,5,9,0,0,0,0,0,0.1176470592617988,test,0.4005466401576996,8,2
abstract_290690.jpg,32,23,4,8,0,0,0,0,0,0.4852941036224365,test,0.3355077803134918,56,1
abstract_944384.jpg,42,32,7,10,0,1,0,0,0,0.25,test,0.2633991539478302,19,4
abstract_861153.jpg,44,30,6,14,0,0,0,0,2,0.4705882370471954,test,0.2660713195800781,28,3
abstract_141793.jpg,39,23,5,10,1,1,0,0,1,0.5441176295280457,test,0.3840801119804382,113,0
abstract_199102.jpg,38,22,8,14,1,0,0,0,2,0.4852941036224365,test,0.3477303981781006,216,5
abstract_126725.jpg,30,19,6,6,1,0,0,0,1,0.1029411777853965,test,0.3266876339912414,3,1
abstract_245493.jpg,19,13,5,8,0,0,0,0,0,0.1029411777853965,test,0.4491662979125976,12,0
abstract_858095.jpg,39,31,5,9,0,0,0,0,2,0.0882352963089943,test,0.339088499546051,17,2
abstract_927951.jpg,44,29,8,19,0,0,0,0,2,0.25,test,0.3106264770030975,45,2
abstract_429058.jpg,16,10,5,8,0,0,0,0,1,0.5882353186607361,test,0.4784436225891113,95,1
abstract_633063.jpg,49,37,7,14,0,0,0,0,1,0.2205882370471954,test,0.3024242520332336,150,1
abstract_553257.jpg,34,28,3,5,0,0,0,0,1,0.0294117648154497,test,0.4122603237628937,14,1
abstract_110386.jpg,32,26,3,6,0,0,0,0,0,0.2205882370471954,test,0.3530540764331817,20,1
abstract_55126.jpg,30,25,5,8,1,1,0,0,1,0.5441176295280457,test,0.3697411715984344,57,0
abstract_691584.jpg,28,21,2,5,0,0,0,0,0,0.6323529481887817,test,0.4438825249671936,137,11
abstract_59916.jpg,28,17,5,10,0,0,0,0,1,0.5441176295280457,test,0.4710050523281097,115,1
abstract_412394.jpg,22,17,2,7,0,0,0,0,0,0.1617647111415863,test,0.5713222026824951,72,0
abstract_119931.jpg,34,19,7,11,0,0,0,0,2,0.6029411554336548,test,0.3731734752655029,384,1
abstract_710876.jpg,41,30,8,9,1,0,0,0,1,0.3529411852359772,test,0.3213821649551391,102,2
abstract_301848.jpg,37,22,9,13,1,0,1,0,2,0.3088235259056091,test,0.3400633633136749,20,2
abstract_2545.jpg,37,27,6,8,0,0,0,0,0,0.2058823555707931,test,0.2951630353927612,35,1
abstract_221999.jpg,17,11,4,4,0,0,0,0,0,0.0882352963089943,test,0.4249230623245239,3,2
abstract_769031.jpg,29,19,5,12,1,0,0,0,1,0.25,test,0.3805786371231079,34,4
abstract_291182.jpg,44,36,5,7,0,1,0,0,1,0.4852941036224365,test,0.3008591830730438,104,1
abstract_822328.jpg,15,13,4,3,0,0,0,0,0,0.1911764740943908,test,0.5478149652481079,24,1
abstract_290127.jpg,57,38,10,15,0,1,0,0,0,0.3970588147640228,test,0.2582539916038513,33,2
abstract_14933.jpg,45,29,5,18,1,0,0,0,1,0.3088235259056091,test,0.3166930079460144,22,4
abstract_73325.jpg,48,34,5,19,1,0,0,0,2,0.147058829665184,test,0.2927842736244201,21,1
abstract_358770.jpg,28,17,8,13,0,0,0,0,2,0.6470588445663452,test,0.3340262770652771,32,1
abstract_83871.jpg,40,25,7,10,1,1,0,0,2,0.3823529481887817,test,0.2755831480026245,41,8
abstract_933739.jpg,52,41,6,10,0,0,0,0,1,0.5147058963775635,test,0.3346207737922668,92,17
abstract_670114.jpg,50,29,13,13,1,0,0,0,3,0.2794117629528045,test,0.2885838150978088,36,2
abstract_897021.jpg,40,27,8,12,1,0,0,0,1,0.294117659330368,test,0.4139085710048675,38,2
abstract_853964.jpg,52,35,6,15,0,0,0,0,3,0.3529411852359772,test,0.2871099412441253,65,2
abstract_460656.jpg,48,32,6,13,0,1,0,0,0,0.3235294222831726,test,0.2435340881347656,29,3
abstract_257114.jpg,19,14,1,11,0,0,0,0,0,0.2205882370471954,test,0.366639494895935,20,2
abstract_744135.jpg,35,25,6,13,0,0,0,0,2,0.073529414832592,test,0.3382762670516968,11,1
abstract_73143.jpg,38,26,5,15,0,0,0,0,1,0.3529411852359772,test,0.358267068862915,48,1
abstract_775784.jpg,40,30,4,13,0,0,1,0,2,0.1176470592617988,test,0.3213536739349365,20,2
abstract_291814.jpg,49,32,9,13,0,0,0,0,0,0.4852941036224365,test,0.2195254266262054,63,10
abstract_441182.jpg,49,33,10,12,1,0,0,0,0,0.3823529481887817,test,0.2595854103565216,60,3
abstract_313295.jpg,51,38,7,10,0,0,0,0,3,0.3970588147640228,test,0.3529894351959228,48,2
abstract_24737.jpg,51,28,8,20,1,0,0,0,2,0.5441176295280457,test,0.3465701341629028,111,10
abstract_297882.jpg,30,23,4,6,0,0,0,0,0,0.5147058963775635,test,0.4427164494991302,93,3
abstract_38924.jpg,28,19,8,9,1,0,0,0,1,0.3823529481887817,test,0.2783488631248474,55,1
abstract_400818.jpg,35,28,4,9,3,0,0,0,0,0.4411764740943908,test,0.3398852050304413,55,0
abstract_59955.jpg,28,20,4,7,0,0,0,0,0,0.529411792755127,test,0.3994564414024353,21,0
abstract_334809.jpg,26,19,4,9,0,0,0,0,0,0.2647058963775635,test,0.478071928024292,38,4
abstract_229946.jpg,28,19,7,12,1,0,0,0,0,0.0294117648154497,test,0.3619019091129303,35,2
abstract_445257.jpg,46,29,9,13,0,1,0,0,0,0.3382352888584137,test,0.2874679267406463,64,3
abstract_141366.jpg,36,27,6,10,0,0,0,0,0,0.3529411852359772,test,0.3428099751472473,43,1
abstract_72834.jpg,35,22,8,10,0,0,0,0,2,0.5588235259056091,test,0.4032600224018097,1528,1
abstract_287597.jpg,34,24,8,6,1,0,0,0,1,0.3088235259056091,test,0.4046478569507599,45,4
abstract_938140.jpg,40,28,4,9,1,0,0,0,2,0.4264705777168274,test,0.4181660413742065,25,0
abstract_187475.jpg,43,30,6,12,1,1,0,0,0,0.3676470518112182,test,0.3492873013019562,80,7
abstract_192313.jpg,41,25,5,16,1,0,0,0,2,0.6764705777168274,test,0.2764163613319397,253,3
abstract_879044.jpg,37,24,8,15,0,0,0,0,1,0.4852941036224365,test,0.2694368362426758,9,2
abstract_287522.jpg,41,33,4,11,0,0,0,0,3,0.2205882370471954,test,0.3175499439239502,22,4
abstract_63387.jpg,43,33,4,11,0,1,0,0,2,0.3529411852359772,test,0.3261737823486328,89,2
abstract_901689.jpg,47,38,9,7,1,0,0,0,2,0.4264705777168274,test,0.2497370243072509,70,6
abstract_55957.jpg,35,28,3,9,2,0,0,0,0,0.3235294222831726,test,0.4027509987354278,24,0
abstract_369780.jpg,47,36,4,16,0,0,0,0,0,0.2794117629528045,test,0.3074566423892975,27,1
abstract_949274.jpg,45,32,6,12,0,1,0,0,1,0.5,test,0.2404126971960067,59,8
abstract_73872.jpg,43,32,4,13,0,0,0,0,0,0.4705882370471954,test,0.228070393204689,36,1
abstract_476838.jpg,44,24,8,17,1,0,0,0,0,0.2058823555707931,test,0.261270523071289,11,1
abstract_934153.jpg,15,12,2,4,0,0,0,0,1,0.4411764740943908,test,0.6132202744483948,67,1
abstract_368874.jpg,12,8,3,5,0,0,0,0,1,0.2647058963775635,test,0.5205850601196289,9,2
abstract_216903.jpg,25,16,7,9,0,0,0,0,0,0.4558823406696319,test,0.4387960731983185,173,1
abstract_225978.jpg,41,29,8,12,0,1,0,0,0,0.2794117629528045,test,0.3490350842475891,22,1
abstract_109910.jpg,51,34,8,12,2,0,0,0,1,0.3676470518112182,test,0.2849414050579071,22,1
abstract_751123.jpg,34,21,8,11,0,0,0,0,2,0.3676470518112182,test,0.3175431191921234,23,1
abstract_65617.jpg,35,26,4,10,1,0,0,0,1,0.2794117629528045,test,0.3558930158615112,43,2
abstract_251926.jpg,41,29,6,10,1,0,0,0,2,0.25,test,0.3834171593189239,22,1
abstract_739595.jpg,43,27,9,19,4,0,1,0,1,0.3676470518112182,test,0.3082170188426971,30,1
abstract_38904.jpg,41,29,6,15,0,0,0,0,1,0.6323529481887817,test,0.3105671405792236,200,2
abstract_690518.jpg,28,15,5,9,1,0,0,0,1,0.1176470592617988,test,0.3775018751621246,13,1
abstract_383928.jpg,38,26,10,14,1,0,0,0,3,0.3823529481887817,test,0.3377119302749634,15,2
abstract_203538.jpg,40,24,6,18,2,0,0,0,1,0.1617647111415863,test,0.3018010854721069,13,2
abstract_362202.jpg,41,25,7,14,0,0,0,0,3,0.3676470518112182,test,0.3806102871894836,51,5
abstract_20389.jpg,39,28,6,9,0,0,0,0,0,0.4852941036224365,test,0.39531010389328,77,3
abstract_738049.jpg,37,24,7,11,0,0,0,0,2,0.3382352888584137,test,0.3708027303218841,51,4
abstract_155649.jpg,42,34,5,10,1,0,0,0,0,0.3235294222831726,test,0.3116282224655151,23,1
abstract_812036.jpg,49,36,2,14,0,0,0,0,3,0.2794117629528045,test,0.3074233829975128,93,3
abstract_9307.jpg,39,26,7,13,1,0,0,0,0,0.294117659330368,test,0.4270899891853332,53,1
abstract_394732.jpg,21,12,5,10,1,0,0,0,1,0.3235294222831726,test,0.4555879831314087,37,3
abstract_237248.jpg,47,34,4,12,1,0,0,0,2,0.3088235259056091,test,0.2986870110034942,45,3
abstract_550431.jpg,40,28,7,10,0,1,0,0,0,0.2647058963775635,test,0.3048924803733825,20,6
abstract_897624.jpg,45,32,7,9,1,0,0,0,1,0.4852941036224365,test,0.3447214365005493,183,2
abstract_656967.jpg,33,20,6,10,0,0,0,0,0,0.3088235259056091,test,0.4066135883331299,20,3
abstract_257689.jpg,50,35,6,15,1,1,0,0,2,0.4411764740943908,test,0.3734557628631592,60,5
abstract_21052.jpg,32,24,10,9,1,0,0,0,1,0.2647058963775635,test,0.3583407700061798,165,1
abstract_223995.jpg,48,35,6,11,2,0,0,0,0,0.3382352888584137,test,0.247976005077362,151,1
abstract_363691.jpg,40,20,7,18,3,0,0,0,1,0.1323529481887817,test,0.4570192992687225,13,1
abstract_112007.jpg,33,22,10,11,1,0,0,0,1,0.2647058963775635,test,0.3755325675010681,43,2
abstract_706670.jpg,36,23,9,10,0,0,0,0,1,0.3970588147640228,test,0.3973882794380188,66,3
abstract_50215.jpg,27,18,5,9,1,1,0,0,1,0.0294117648154497,test,0.3418017923831939,8,1
abstract_908758.jpg,34,26,3,12,0,0,0,0,1,0.2647058963775635,test,0.4065082669258117,42,6
abstract_66321.jpg,31,23,5,10,0,0,0,0,2,0.3088235259056091,test,0.405122846364975,36,4
abstract_291413.jpg,39,34,3,4,0,0,0,0,0,0.4558823406696319,test,0.4465892910957336,71,1
abstract_599777.jpg,53,37,6,13,0,0,0,0,2,0.5441176295280457,test,0.2890498638153076,57,1
abstract_364638.jpg,29,21,5,10,1,0,0,0,1,0.6323529481887817,test,0.581815779209137,130,0
abstract_350130.jpg,24,18,4,8,2,0,0,0,0,0.3088235259056091,test,0.5173689723014832,38,1
abstract_539505.jpg,39,30,2,13,0,0,0,0,2,0.2352941185235977,test,0.3266278207302093,34,7
abstract_824664.jpg,41,29,4,9,1,0,0,0,1,0.4852941036224365,test,0.349707692861557,27,3
abstract_127361.jpg,23,17,6,5,0,0,0,0,1,0.3235294222831726,test,0.3672285079956054,3,1
abstract_258087.jpg,22,19,0,8,0,0,0,0,1,0.0441176481544971,test,0.3852685093879699,12,1
abstract_50154.jpg,16,8,4,5,2,0,0,0,0,0.3235294222831726,test,0.6655758619308472,20,0
abstract_726050.jpg,26,13,9,13,2,0,0,0,1,0.6911764740943909,test,0.4182578325271606,215,1
abstract_69318.jpg,38,27,5,10,0,0,0,0,2,0.4852941036224365,test,0.3396203815937042,109,14
abstract_200079.jpg,46,34,8,14,0,0,0,0,1,0.2647058963775635,test,0.2886727750301361,24,1
abstract_480905.jpg,30,22,5,11,0,0,0,0,0,0.073529414832592,test,0.2844589650630951,11,1
abstract_20076.jpg,45,33,7,14,0,1,0,0,1,0.4411764740943908,test,0.2266433387994766,75,1
abstract_10526.jpg,18,13,3,5,0,0,0,0,0,0.5,test,0.5645952820777893,169,5
abstract_49601.jpg,42,25,6,15,1,1,0,0,3,0.073529414832592,test,0.2859311103820801,27,2
abstract_64954.jpg,47,33,7,12,0,0,0,0,1,0.4264705777168274,test,0.3171791434288025,138,0
abstract_533536.jpg,46,27,9,16,0,0,0,0,3,0.25,test,0.291674941778183,14,1
abstract_956548.jpg,18,13,4,8,0,0,0,0,0,0.3676470518112182,test,0.4334031641483307,21,2
abstract_671199.jpg,31,24,8,11,2,0,0,0,2,0.3970588147640228,test,0.4859356582164764,242,1
abstract_53993.jpg,35,26,2,8,0,0,0,0,1,0.2058823555707931,test,0.3357598781585693,40,1
abstract_109097.jpg,49,30,8,19,1,0,0,0,2,0.529411792755127,test,0.2659387588500976,42,2
abstract_275088.jpg,44,30,9,12,0,0,0,0,1,0.2352941185235977,test,0.2663538753986358,7,1
abstract_384109.jpg,30,20,7,13,1,0,0,0,2,0.0588235296308994,test,0.3833712339401245,74,0
abstract_199397.jpg,14,11,3,5,0,0,0,0,0,0.6323529481887817,test,0.6516447067260742,282,1
abstract_20242.jpg,22,15,3,9,1,0,0,0,1,0.294117659330368,test,0.4041154086589813,493,1
abstract_11407.jpg,42,29,7,12,0,0,0,0,0,0.3235294222831726,test,0.3116945624351501,73,1
abstract_897571.jpg,35,27,4,11,1,0,0,0,0,0.3529411852359772,test,0.319206178188324,67,3
abstract_493289.jpg,47,31,10,10,0,1,0,0,0,0.4852941036224365,test,0.3082320392131805,38,2
abstract_776396.jpg,44,33,7,9,1,0,0,0,0,0.3823529481887817,test,0.2799365818500519,44,3
abstract_931887.jpg,48,29,7,17,0,0,0,0,2,0.5882353186607361,test,0.2610120177268982,111,6
abstract_68747.jpg,38,31,3,9,0,0,0,0,2,0.3088235259056091,test,0.3822077810764313,50,1
abstract_914276.jpg,45,30,7,13,2,1,0,0,2,0.3382352888584137,test,0.3038572371006012,113,0
abstract_574534.jpg,24,18,3,6,1,0,0,0,0,0.3088235259056091,test,0.465729296207428,42,2
abstract_203969.jpg,33,25,6,6,0,1,0,0,3,0.3529411852359772,test,0.3742433190345764,13,1
abstract_782122.jpg,12,8,1,5,0,0,0,0,1,0.1176470592617988,test,0.648260235786438,20,2
abstract_51828.jpg,39,28,4,10,0,0,0,0,2,0.2058823555707931,test,0.2877756357192993,25,1
abstract_459882.jpg,14,10,5,6,0,0,0,0,0,0.3382352888584137,test,0.6698105931282043,86,1
abstract_32241.jpg,22,12,6,9,0,0,0,0,2,0.3235294222831726,test,0.4676430523395538,324,1
abstract_252278.jpg,44,30,5,14,0,0,0,0,2,0.2647058963775635,test,0.381885290145874,110,1
abstract_403685.jpg,28,18,4,15,2,0,0,0,2,0.3970588147640228,test,0.3849462568759918,78,2
abstract_313316.jpg,39,29,7,9,1,0,0,0,0,0.3676470518112182,test,0.3098772168159485,29,0
abstract_439971.jpg,43,29,11,14,1,0,0,0,1,0.3823529481887817,test,0.3571206927299499,71,11
abstract_815232.jpg,22,17,3,8,0,0,0,0,0,0.1323529481887817,test,0.4343608915805816,8,1
abstract_442757.jpg,46,32,6,14,1,0,0,0,1,0.2058823555707931,test,0.2885792255401611,44,2
abstract_261118.jpg,26,17,5,9,1,0,0,0,1,0.5,test,0.5378610491752625,70,14
abstract_324847.jpg,46,32,10,8,0,0,0,0,0,0.5441176295280457,test,0.324560672044754,69,3
abstract_3292.jpg,8,8,2,2,0,0,0,0,0,0.3529411852359772,test,0.695134162902832,91,2
abstract_66437.jpg,34,25,5,8,0,0,0,0,1,0.294117659330368,test,0.4128105938434601,65,3
abstract_617322.jpg,30,23,4,8,0,0,0,0,0,0.6323529481887817,test,0.3955487906932831,131,1
abstract_529340.jpg,44,34,6,11,0,0,0,0,2,0.5,test,0.2383788526058197,35,1
abstract_94905.jpg,47,33,7,13,0,0,0,0,1,0.25,test,0.2668209373950958,33,1
abstract_635821.jpg,47,38,2,12,1,0,0,0,1,0.2647058963775635,test,0.3286994695663452,48,6
abstract_495306.jpg,33,20,5,14,1,0,0,0,1,0.3823529481887817,test,0.2935845255851745,141,2
abstract_893500.jpg,35,27,5,6,1,0,0,0,1,0.294117659330368,test,0.3761535286903381,21,1
abstract_325912.jpg,47,32,10,15,1,1,0,0,2,0.3235294222831726,test,0.246163785457611,53,3
abstract_836938.jpg,52,37,6,13,1,1,0,0,1,0.4705882370471954,test,0.2756009697914123,114,1
abstract_740330.jpg,36,25,6,9,2,0,0,0,0,0.3235294222831726,test,0.3670040369033813,29,2
abstract_44725.jpg,55,43,6,12,2,1,0,0,1,0.5588235259056091,test,0.2841029763221741,98,5
abstract_819871.jpg,41,33,6,9,3,0,0,0,1,0.2794117629528045,test,0.3793504536151886,52,0
abstract_30176.jpg,40,27,5,12,2,0,0,0,1,0.3676470518112182,test,0.2794612944126129,25,1
abstract_679328.jpg,36,24,5,15,1,0,0,0,4,0.2352941185235977,test,0.2719854116439819,74,2
abstract_249467.jpg,39,28,3,11,0,0,0,1,3,0.3088235259056091,test,0.3754531443119049,97,2
abstract_818635.jpg,38,29,8,10,0,0,0,0,0,0.4264705777168274,test,0.2911846041679382,43,1
abstract_76122.jpg,36,23,9,11,1,0,1,0,0,0.2058823555707931,test,0.35240438580513,49,2
abstract_199017.jpg,14,11,4,7,1,0,0,0,0,0.75,test,0.5216819047927856,30,1
abstract_714326.jpg,31,22,7,10,1,0,0,0,0,0.2352941185235977,test,0.3025248050689697,21,1
abstract_49929.jpg,46,34,4,12,0,0,0,0,0,0.1176470592617988,test,0.3312704861164093,34,7
abstract_746186.jpg,48,37,2,11,1,0,0,0,0,0.3970588147640228,test,0.3389059007167816,32,2
abstract_400203.jpg,52,37,7,10,1,0,0,0,2,0.3235294222831726,test,0.2883982956409454,21,3
abstract_736612.jpg,26,21,2,10,0,0,0,0,2,0.1176470592617988,test,0.3547916710376739,18,1
abstract_312648.jpg,30,19,6,11,3,0,0,0,0,0.4411764740943908,test,0.3961063921451568,266,14
abstract_73349.jpg,30,20,3,8,0,0,0,1,0,0.4264705777168274,test,0.5054993629455566,73,0
abstract_834157.jpg,51,33,9,10,0,0,0,0,0,0.3088235259056091,test,0.3234215676784515,15,0
abstract_60656.jpg,27,25,2,6,0,0,0,0,1,0.1176470592617988,test,0.4333195090293884,7,1
abstract_64111.jpg,16,12,3,4,0,0,0,0,1,0.3382352888584137,test,0.6633901596069336,166,1
abstract_494629.jpg,30,20,5,9,0,0,0,0,0,0.2205882370471954,test,0.3331706523895263,17,2
abstract_401101.jpg,20,12,3,8,3,0,0,0,0,0.4411764740943908,test,0.6962995529174805,169,1
abstract_251971.jpg,45,32,6,11,1,0,0,0,0,0.3235294222831726,test,0.3234412372112274,17,0
abstract_922543.jpg,45,35,5,8,1,0,0,0,1,0.2794117629528045,test,0.2763808667659759,118,2
abstract_83241.jpg,26,19,3,5,3,0,0,0,2,0.3088235259056091,test,0.5321111083030701,26,1
abstract_175551.jpg,42,33,7,10,1,1,0,0,0,0.294117659330368,test,0.3555811643600464,32,1
abstract_505500.jpg,39,21,10,13,2,0,0,0,2,0.25,test,0.2687268257141113,32,1
abstract_237664.jpg,48,31,9,17,2,0,0,0,1,0.3235294222831726,test,0.3192757666110992,38,3
abstract_110553.jpg,51,38,4,12,0,1,0,0,1,0.5,test,0.3296856582164764,106,5
abstract_653028.jpg,34,25,7,8,1,0,0,0,0,0.5,test,0.3974116742610931,276,1
abstract_310956.jpg,33,25,3,12,0,0,0,0,1,0.529411792755127,test,0.3530554175376892,77,9
abstract_66382.jpg,40,31,2,10,0,0,0,0,1,0.25,test,0.4141008555889129,76,2
abstract_326464.jpg,35,21,5,15,0,0,0,0,0,0.4852941036224365,test,0.3520220816135406,426,1
abstract_438882.jpg,49,32,9,13,0,0,0,0,1,0.2647058963775635,test,0.2755672931671142,53,1
abstract_576982.jpg,26,18,4,6,1,0,0,0,0,0.5588235259056091,test,0.5170421004295349,175,10
abstract_633171.jpg,49,36,1,12,0,1,0,0,1,0.3676470518112182,test,0.4315754175186157,138,9
abstract_226492.jpg,32,26,3,6,0,0,0,0,0,0.2205882370471954,test,0.3187380135059356,39,1
abstract_844410.jpg,42,30,5,13,0,0,0,0,0,0.4411764740943908,test,0.2703776061534881,51,1
abstract_49375.jpg,44,34,3,7,1,0,0,0,1,0.25,test,0.3017812371253967,21,2
abstract_73853.jpg,32,20,7,14,1,0,0,0,1,0.4852941036224365,test,0.3260095715522766,52,1
abstract_400659.jpg,13,9,3,6,1,0,0,0,0,0.3235294222831726,test,0.6579402089118958,22,2
abstract_200050.jpg,42,33,5,12,0,0,0,0,1,0.5441176295280457,test,0.2870770990848541,93,3
abstract_51827.jpg,46,30,4,15,0,0,0,0,3,0.147058829665184,test,0.3744999170303345,13,2
abstract_2807.jpg,36,28,4,7,2,0,0,0,0,0.4264705777168274,test,0.4346176385879516,69,2
abstract_170541.jpg,34,24,4,5,1,1,0,0,2,0.2352941185235977,test,0.3140051662921905,12,1
abstract_233943.jpg,47,29,10,13,0,0,0,0,2,0.0588235296308994,test,0.2438187152147293,10,0
abstract_363717.jpg,36,28,4,9,1,0,0,0,1,0.25,test,0.3180656731128692,59,2
abstract_249469.jpg,30,22,6,7,2,0,0,0,0,0.3382352888584137,test,0.387662798166275,40,0
abstract_239348.jpg,42,33,6,12,0,0,0,0,0,0.2794117629528045,test,0.402958869934082,32,2
abstract_68449.jpg,40,32,3,10,0,1,0,0,1,0.2352941185235977,test,0.3170796930789947,31,2
abstract_73959.jpg,46,34,8,8,0,0,0,0,0,0.3235294222831726,test,0.340002954006195,28,2
abstract_205555.jpg,18,13,5,7,1,0,0,0,0,0.4264705777168274,test,0.5887467861175537,83,1
abstract_358794.jpg,47,33,7,13,2,0,0,0,0,0.4264705777168274,test,0.2622005045413971,112,0
abstract_200208.jpg,41,34,2,12,0,0,0,0,1,0.2352941185235977,test,0.3593035638332367,92,1
abstract_473529.jpg,50,30,4,20,2,0,0,0,2,0.3970588147640228,test,0.255337655544281,258,5
abstract_310053.jpg,35,23,8,10,0,0,0,0,1,0.3970588147640228,test,0.3185957968235016,5,2
abstract_858176.jpg,39,24,9,10,0,0,0,0,1,0.3676470518112182,test,0.2961624562740326,172,6
abstract_205256.jpg,41,25,8,16,1,0,0,0,1,0.4117647111415863,test,0.271161288022995,11,1
abstract_37423.jpg,36,26,5,13,0,0,0,0,2,0.3529411852359772,test,0.3230597078800201,29,1
abstract_271266.jpg,18,12,4,5,1,0,0,0,0,0.2647058963775635,test,0.5235036611557007,88,21
abstract_223982.jpg,24,16,5,6,0,0,0,0,2,0.4852941036224365,test,0.5239265561103821,119,0
abstract_517730.jpg,39,25,6,11,0,0,0,0,1,0.1911764740943908,test,0.4206243455410003,45,2
abstract_933098.jpg,31,20,4,12,0,0,0,0,0,0.5882353186607361,test,0.4395616948604584,38,1
abstract_143863.jpg,40,31,3,11,0,0,0,0,2,0.3235294222831726,test,0.4072891175746918,46,2
abstract_317459.jpg,44,30,4,15,0,0,0,0,1,0.294117659330368,test,0.3246144354343414,67,3
abstract_364073.jpg,36,23,8,11,1,0,0,0,0,0.3382352888584137,test,0.3848277926445007,10,1
abstract_79588.jpg,26,19,3,10,0,0,0,0,2,0.5441176295280457,test,0.3918192386627197,118,0
abstract_11424.jpg,45,32,9,13,1,0,0,0,1,0.2205882370471954,test,0.3147731125354767,15,3
abstract_742211.jpg,29,21,7,10,0,0,0,0,0,0.3235294222831726,test,0.3716713786125183,25,9
abstract_325896.jpg,28,18,4,7,1,0,0,0,1,0.4117647111415863,test,0.3080335557460785,27,0
abstract_457302.jpg,26,20,4,10,0,0,0,0,1,0.3235294222831726,test,0.3677700757980346,16,2
abstract_192735.jpg,37,25,8,8,0,0,0,0,1,0.6617646813392639,test,0.2949332296848297,371,1
abstract_401246.jpg,44,33,7,14,1,0,0,0,0,0.4705882370471954,test,0.3499759435653686,29,2
abstract_775060.jpg,28,18,4,10,0,0,0,0,1,0.75,test,0.4179099202156067,127,7
abstract_954303.jpg,39,29,3,13,0,0,0,0,2,0.5441176295280457,test,0.3129826486110687,148,9
abstract_482853.jpg,35,27,3,6,1,0,0,0,1,0.3529411852359772,test,0.4690359830856323,139,3
abstract_333636.jpg,29,26,4,3,0,0,0,0,0,0.3235294222831726,test,0.430577665567398,101,2
abstract_674188.jpg,44,29,8,14,2,1,0,0,0,0.4705882370471954,test,0.2457722872495651,15,2
abstract_289350.jpg,38,28,7,12,0,0,0,0,2,0.3970588147640228,test,0.3640855550765991,47,2
abstract_310802.jpg,42,23,7,16,2,0,0,0,2,0.3676470518112182,test,0.2772661745548248,23,1
abstract_226991.jpg,32,24,4,10,0,0,0,0,2,0.3823529481887817,test,0.3480177223682403,25,1
abstract_777598.jpg,39,28,4,14,1,0,0,0,0,0.5735294222831726,test,0.3658952713012695,54,6
abstract_832407.jpg,39,30,5,11,0,0,0,0,2,0.4117647111415863,test,0.3536570966243744,15,1
abstract_258132.jpg,39,29,3,11,1,0,0,0,2,0.5441176295280457,test,0.3787393867969513,38,1
abstract_726012.jpg,14,8,6,4,0,0,0,0,1,0.4411764740943908,test,0.5747584104537964,14,1
abstract_238568.jpg,30,24,4,7,0,0,0,0,0,0.2352941185235977,test,0.3803725242614746,28,0
abstract_16401.jpg,18,13,2,7,0,0,0,0,0,0.0441176481544971,test,0.5288276076316833,28,1
abstract_814465.jpg,48,38,5,10,0,0,0,0,2,0.3235294222831726,test,0.2776301801204681,48,2
abstract_817471.jpg,29,21,4,9,2,0,0,0,1,0.3970588147640228,test,0.3629779815673828,8,1
abstract_539568.jpg,44,34,10,10,0,0,0,0,0,0.3970588147640228,test,0.2696665823459625,59,1
abstract_691530.jpg,31,21,11,10,1,0,0,0,0,0.4558823406696319,test,0.3774118721485138,25,3
abstract_740089.jpg,48,35,7,12,0,0,0,0,2,0.294117659330368,test,0.2893388271331787,28,2
abstract_432763.jpg,28,19,3,10,0,0,0,0,2,0.2352941185235977,test,0.3384388089179992,9,2
abstract_32614.jpg,58,50,3,9,0,0,0,0,0,0.5441176295280457,test,0.3228358030319214,90,10
abstract_638968.jpg,48,34,6,14,0,0,0,0,1,0.3088235259056091,test,0.2854022085666656,35,1
abstract_73679.jpg,49,31,8,14,2,1,0,0,1,0.3676470518112182,test,0.2555443942546844,18,1
abstract_899082.jpg,42,32,5,10,1,0,0,0,1,0.911764681339264,test,0.4175357222557068,388,3
abstract_66381.jpg,42,34,5,9,1,0,0,0,0,0.3823529481887817,test,0.3139333426952362,64,3
abstract_52820.jpg,46,36,9,8,0,0,0,0,1,0.5882353186607361,test,0.3096413910388946,83,4
abstract_863583.jpg,32,19,6,10,1,0,0,0,0,0.1176470592617988,test,0.3549977838993072,85,1
abstract_516926.jpg,10,8,2,3,0,0,0,0,0,0.4264705777168274,test,0.7734912633895874,84,1
abstract_749494.jpg,44,34,6,11,0,0,0,0,1,0.2794117629528045,test,0.2371640503406524,27,2
abstract_329101.jpg,47,36,9,10,1,0,0,0,2,0.3382352888584137,test,0.2798118889331817,9,2
abstract_108573.jpg,31,22,5,10,1,0,0,0,1,0.5441176295280457,test,0.6033129692077637,105,2
abstract_93750.jpg,36,29,2,9,0,0,0,0,0,0.4117647111415863,test,0.3319401144981384,81,2
abstract_903285.jpg,29,21,2,8,0,0,0,0,0,0.2058823555707931,test,0.4662841856479645,23,2
abstract_21426.jpg,38,29,5,9,0,0,0,0,0,0.2794117629528045,test,0.3442251086235046,17,1
abstract_4634.jpg,31,22,5,9,1,0,0,0,0,0.3382352888584137,test,0.4066788256168365,52,2
abstract_60417.jpg,39,29,6,7,0,0,0,0,0,0.3382352888584137,test,0.375123918056488,31,1
abstract_819187.jpg,32,20,5,10,1,0,0,0,1,0.4558823406696319,test,0.4306169748306274,30,5
abstract_51624.jpg,27,20,2,8,0,0,0,0,0,0.4117647111415863,test,0.4304348826408386,34,2
abstract_37265.jpg,27,19,7,11,0,1,0,0,2,0.25,test,0.3518029451370239,19,2
abstract_909436.jpg,41,31,5,10,1,0,0,0,2,0.2352941185235977,test,0.2960824966430664,68,1
abstract_661090.jpg,32,24,4,13,0,0,0,0,1,0.2794117629528045,test,0.3470925390720367,27,2
abstract_186489.jpg,32,22,4,7,0,2,0,0,0,0.6911764740943909,test,0.4208104610443115,130,3
abstract_318951.jpg,36,25,4,10,0,0,0,0,0,0.25,test,0.3023945689201355,27,3
abstract_918915.jpg,35,23,3,11,0,0,0,0,1,0.2647058963775635,test,0.3609897792339325,31,3
abstract_316355.jpg,29,22,3,9,2,0,0,0,1,0.3970588147640228,test,0.355329304933548,42,2
abstract_926071.jpg,44,26,9,13,0,1,0,0,1,0.3529411852359772,test,0.2961575984954834,64,1
abstract_302845.jpg,23,14,5,6,0,0,0,0,2,0.147058829665184,test,0.5604072213172913,7,1
abstract_949724.jpg,45,31,4,13,0,0,0,0,2,0.5735294222831726,test,0.3064249157905578,169,4
abstract_395249.jpg,42,26,5,16,0,0,0,0,1,0.3970588147640228,test,0.2657179534435272,63,1
abstract_233783.jpg,35,25,7,11,1,1,0,0,1,0.3823529481887817,test,0.3153607547283172,370,1
abstract_739550.jpg,37,23,8,13,0,0,0,0,2,0.3823529481887817,test,0.3177755177021026,42,1
abstract_47302.jpg,33,26,5,10,0,0,0,0,0,0.1176470592617988,test,0.3157110512256622,13,1
abstract_291044.jpg,33,22,7,10,0,0,0,0,0,0.2647058963775635,test,0.2824239730834961,4,1
abstract_473602.jpg,32,19,6,15,0,0,0,0,1,0.3970588147640228,test,0.3519936203956604,40,2
abstract_12841.jpg,54,39,5,15,1,0,0,0,3,0.147058829665184,test,0.2656059563159942,17,1
abstract_73992.jpg,41,35,3,7,0,0,0,0,4,0.2352941185235977,test,0.2850327789783478,129,0
abstract_97731.jpg,40,30,3,11,2,0,0,0,0,0.4852941036224365,test,0.4191821217536926,67,1
abstract_172574.jpg,22,12,4,7,2,0,0,0,1,0.5588235259056091,test,0.5929150581359863,48,0
abstract_364274.jpg,41,25,8,11,1,0,0,0,0,0.3823529481887817,test,0.353912204504013,73,1
abstract_937847.jpg,31,22,1,10,0,0,0,0,0,0.147058829665184,test,0.350917637348175,28,7
abstract_6421.jpg,45,32,2,8,3,1,0,1,1,0.5735294222831726,test,0.4340729713439941,121,8
abstract_25144.jpg,33,25,4,7,0,1,0,0,1,0.294117659330368,test,0.2854346930980682,145,5
abstract_846723.jpg,49,31,5,15,0,0,0,0,1,0.5147058963775635,test,0.2861079573631286,221,1
abstract_246382.jpg,30,19,6,13,0,0,0,0,2,0.529411792755127,test,0.4271632432937622,128,0
abstract_657087.jpg,35,25,3,13,0,0,0,0,1,0.2794117629528045,test,0.4086780548095703,54,2
abstract_108973.jpg,40,33,6,5,0,0,0,0,2,0.2794117629528045,test,0.355112224817276,29,1
abstract_149245.jpg,45,32,8,9,0,0,0,0,1,0.3529411852359772,test,0.3903738260269165,80,4
abstract_140344.jpg,26,18,4,8,0,0,0,0,1,0.25,test,0.4641224443912506,52,4
abstract_290780.jpg,28,17,8,13,1,0,0,0,1,0.25,test,0.3572268187999725,6,3
abstract_66589.jpg,46,32,4,15,0,0,0,0,0,0.3382352888584137,test,0.2803550958633423,20,1
abstract_291097.jpg,45,37,8,9,0,1,0,0,1,0.2794117629528045,test,0.2944259941577911,63,2
abstract_46454.jpg,26,18,3,7,0,0,0,0,1,0.6470588445663452,test,0.4733962416648865,274,1
abstract_909642.jpg,42,28,4,13,1,0,0,0,1,0.2205882370471954,test,0.4641229510307312,72,1
abstract_613092.jpg,33,29,2,8,2,0,0,0,0,0.3823529481887817,test,0.3973143994808197,70,3
abstract_46352.jpg,43,31,3,14,0,1,0,0,1,0.5441176295280457,test,0.3687133491039276,225,0
abstract_307754.jpg,31,22,4,9,1,0,0,0,0,0.2647058963775635,test,0.3384113311767578,20,0
abstract_814834.jpg,36,25,3,10,1,0,0,0,0,0.25,test,0.4600177407264709,115,3
abstract_385814.jpg,36,25,8,11,0,0,0,0,2,0.5735294222831726,test,0.3554866313934326,90,1
abstract_90672.jpg,40,24,5,14,0,0,0,0,0,0.6764705777168274,test,0.3251559138298034,145,16
abstract_237710.jpg,40,28,7,7,1,0,0,0,2,0.2205882370471954,test,0.2931466698646545,17,2
abstract_51729.jpg,44,32,7,12,0,0,0,0,2,0.1617647111415863,test,0.2510319650173187,13,1
abstract_59196.jpg,32,24,6,12,0,0,0,0,0,0.073529414832592,test,0.3320471048355102,17,2
abstract_20948.jpg,38,29,6,8,1,0,0,0,3,0.1323529481887817,test,0.2876372337341308,15,0
abstract_741969.jpg,42,34,6,12,0,0,0,0,0,0.2647058963775635,test,0.2659551203250885,18,1
abstract_374458.jpg,49,32,10,15,1,1,0,0,4,0.3529411852359772,test,0.2742103040218353,67,9
abstract_858033.jpg,53,39,7,13,0,0,0,0,2,0.5882353186607361,test,0.2344058454036712,46,3
abstract_38109.jpg,34,26,3,6,0,0,0,0,2,0.4705882370471954,test,0.3743355274200439,74,3
abstract_180106.jpg,12,8,2,4,0,0,0,0,0,0.2058823555707931,test,0.6899632811546326,67,2
abstract_386260.jpg,27,15,5,14,0,0,0,0,0,0.5147058963775635,test,0.4496046006679535,138,1
abstract_28944.jpg,33,27,2,12,1,0,0,0,1,0.2352941185235977,test,0.3624297380447387,16,1
abstract_924017.jpg,45,30,6,14,1,0,0,0,2,0.4264705777168274,test,0.3257248699665069,19,4
abstract_209324.jpg,29,20,6,6,0,0,0,0,0,0.3382352888584137,test,0.4660263955593109,35,5
abstract_28904.jpg,29,22,5,9,0,0,0,0,0,0.1617647111415863,test,0.4371170103549957,14,1
abstract_354329.jpg,28,13,6,13,0,0,0,0,1,0.2794117629528045,test,0.3456242978572845,36,0
abstract_776007.jpg,28,15,4,11,4,0,0,0,2,0.4705882370471954,test,0.4595605432987213,66,1
abstract_11541.jpg,14,12,2,3,0,0,0,0,0,0.294117659330368,test,0.7515684366226196,31,1
abstract_798053.jpg,24,18,6,6,0,0,0,0,1,0.529411792755127,test,0.3932819962501526,103,8
abstract_60185.jpg,51,33,11,15,0,0,0,0,2,0.4264705777168274,test,0.2613183557987213,252,2
abstract_683847.jpg,36,25,6,11,0,0,0,0,1,0.3529411852359772,test,0.3259972929954529,51,1
abstract_817522.jpg,32,26,3,5,1,0,0,0,0,0.1029411777853965,test,0.4620383679866791,18,0
abstract_11365.jpg,37,28,5,12,0,0,0,0,1,0.529411792755127,test,0.3474773168563843,56,2
abstract_555478.jpg,29,24,3,10,0,0,0,0,1,0.073529414832592,test,0.3626025021076202,10,2
abstract_672195.jpg,51,35,12,14,0,1,0,0,0,0.2794117629528045,test,0.2604689300060272,15,0
abstract_850275.jpg,41,28,4,10,1,0,0,0,2,0.2058823555707931,test,0.3802094161510467,27,1
abstract_7381.jpg,44,36,2,14,0,0,0,0,1,0.4705882370471954,test,0.3178804218769073,122,1
abstract_356878.jpg,28,21,5,7,0,0,0,0,0,0.2205882370471954,test,0.4072809815406799,13,0
abstract_776141.jpg,45,33,4,12,2,0,0,0,2,0.1911764740943908,test,0.3303821682929992,12,2
abstract_775968.jpg,48,31,3,20,0,0,0,0,0,0.1764705926179886,test,0.2629257440567016,7,0
abstract_875046.jpg,35,17,11,11,1,0,0,0,2,0.3529411852359772,test,0.2867642939090729,23,3
abstract_895694.jpg,40,26,11,17,0,0,0,0,2,0.3676470518112182,test,0.2580576241016388,45,1
abstract_411138.jpg,25,19,6,5,0,0,0,0,0,0.3235294222831726,test,0.4928639233112335,41,0
abstract_310653.jpg,44,31,5,11,2,0,0,0,1,0.4264705777168274,test,0.3929980099201202,73,0
abstract_118988.jpg,42,31,8,12,2,0,0,0,1,0.2794117629528045,test,0.3418424129486084,262,2
abstract_711278.jpg,45,31,4,16,1,0,0,0,3,0.1617647111415863,test,0.3016966879367828,12,2
abstract_400919.jpg,38,29,2,11,0,1,0,0,0,0.6764705777168274,test,0.456792801618576,119,2
abstract_813259.jpg,33,23,5,13,0,0,0,0,0,0.1176470592617988,test,0.2483130693435669,17,1
abstract_303327.jpg,28,21,5,8,0,0,0,0,0,0.0588235296308994,test,0.4014039635658264,16,2
abstract_170546.jpg,22,16,1,9,0,0,0,0,2,0.0441176481544971,test,0.4489686787128448,9,2
abstract_97653.jpg,39,28,7,8,0,0,0,0,2,0.4117647111415863,test,0.2835531830787658,58,5
abstract_947069.jpg,49,36,4,15,1,1,0,0,2,0.2058823555707931,test,0.3628810048103332,29,4
abstract_215171.jpg,57,40,6,14,0,0,0,0,2,0.4558823406696319,test,0.2560647130012512,30,4
abstract_174317.jpg,50,36,7,12,0,0,0,0,0,0.3676470518112182,test,0.3186793029308319,251,3
abstract_73818.jpg,29,19,6,10,0,0,0,0,1,0.1911764740943908,test,0.3495442867279053,17,1
abstract_130501.jpg,45,33,7,10,0,0,0,0,0,0.4852941036224365,test,0.3416674733161926,95,7
abstract_78653.jpg,23,15,5,8,0,0,0,0,0,0.4264705777168274,test,0.5229407548904419,60,3
abstract_726020.jpg,40,25,8,16,0,1,0,0,0,0.3529411852359772,test,0.3177995085716247,55,3
abstract_822649.jpg,48,32,12,9,1,0,0,0,3,0.4117647111415863,test,0.2859319746494293,52,5
abstract_301707.jpg,43,32,5,13,0,1,0,0,1,0.1764705926179886,test,0.2440965622663498,30,7
abstract_185208.jpg,27,15,5,12,2,0,0,0,2,0.5882353186607361,test,0.3606568574905395,143,1
abstract_312504.jpg,31,19,4,10,1,0,0,0,1,0.3970588147640228,test,0.4350760281085968,104,1
abstract_659305.jpg,24,15,4,9,0,0,0,0,0,0.1176470592617988,test,0.3985112309455871,36,2
abstract_420480.jpg,45,34,5,9,1,0,0,0,1,0.25,test,0.2687648832798004,30,5
abstract_161035.jpg,29,23,2,6,0,1,0,0,0,0.3235294222831726,test,0.470860481262207,53,2
abstract_177715.jpg,52,38,4,12,1,1,0,0,0,0.3088235259056091,test,0.3439174592494964,36,2
abstract_459611.jpg,41,23,9,15,3,0,0,0,1,0.5,test,0.308918833732605,54,0
abstract_261021.jpg,49,37,5,12,0,0,0,0,1,0.2794117629528045,test,0.3216201364994049,10,2
abstract_8472.jpg,38,30,7,9,0,0,0,0,0,0.294117659330368,test,0.3011105954647064,32,3
abstract_97753.jpg,40,28,5,13,1,1,0,0,1,0.3235294222831726,test,0.3093269169330597,35,3
abstract_70704.jpg,37,27,6,12,0,0,0,0,0,0.4558823406696319,test,0.3531853258609772,60,1
abstract_290529.jpg,48,32,9,13,3,0,0,0,1,0.1911764740943908,test,0.2862123250961303,33,1
abstract_449818.jpg,35,24,3,14,1,0,0,0,2,0.1764705926179886,test,0.4333321154117584,17,1
abstract_902728.jpg,49,32,7,14,0,0,0,1,2,0.3823529481887817,test,0.2168542295694351,18,3
abstract_836489.jpg,34,25,6,10,0,0,0,0,1,0.5,test,0.3529499769210815,116,1
abstract_174379.jpg,46,35,5,6,0,1,0,0,1,0.4117647111415863,test,0.3058830797672272,41,6
abstract_837108.jpg,35,25,6,11,0,0,0,0,2,0.073529414832592,test,0.2815273106098175,29,1
abstract_885061.jpg,42,34,3,10,0,0,0,0,0,0.3382352888584137,test,0.3551169335842132,34,5
abstract_714537.jpg,32,23,7,9,1,0,0,0,0,0.147058829665184,test,0.3255459368228912,30,1
abstract_866851.jpg,51,36,3,16,2,1,0,0,1,0.2647058963775635,test,0.3102759718894958,33,3
abstract_467306.jpg,35,23,3,13,0,0,0,0,1,0.1176470592617988,test,0.319908082485199,10,2
abstract_539660.jpg,39,28,7,13,0,0,0,0,0,0.1911764740943908,test,0.3021207451820373,23,2
abstract_35910.jpg,47,32,8,13,0,0,0,0,1,0.4558823406696319,test,0.3112960457801819,444,0
abstract_882249.jpg,34,22,4,8,1,1,0,0,1,0.3529411852359772,test,0.4219765067100525,34,4
abstract_401048.jpg,44,30,8,16,0,0,0,0,1,0.3676470518112182,test,0.3354283571243286,46,0
abstract_458180.jpg,36,27,6,10,0,0,0,0,1,0.0588235296308994,test,0.3402510285377502,17,2
abstract_447984.jpg,47,32,8,15,0,0,1,0,1,0.2058823555707931,test,0.2940906286239624,19,2
abstract_903276.jpg,43,25,6,15,0,0,0,0,2,0.2794117629528045,test,0.2417970448732376,23,3
abstract_904977.jpg,26,21,6,11,1,0,0,0,3,0.4558823406696319,test,0.3828036487102508,43,2
abstract_533496.jpg,33,19,12,13,1,0,0,0,1,0.2352941185235977,test,0.3741949796676636,60,2
abstract_108027.jpg,33,24,4,11,0,0,0,0,1,0.1323529481887817,test,0.2616545259952545,9,2
abstract_824543.jpg,24,21,3,5,0,0,0,0,0,0.3382352888584137,test,0.4474093317985534,53,1
abstract_226410.jpg,18,10,5,6,0,0,0,0,2,0.2647058963775635,test,0.4494872987270355,6,1
abstract_386711.jpg,22,17,7,6,0,0,0,0,1,0.6617646813392639,test,0.426074206829071,165,0
abstract_499208.jpg,23,17,4,9,0,0,0,0,1,0.4411764740943908,test,0.4913970232009887,31,3
abstract_65873.jpg,36,30,5,7,0,0,0,0,0,0.3382352888584137,test,0.4355269074440002,61,3
abstract_738666.jpg,39,29,5,8,0,1,0,0,2,0.25,test,0.3405101895332336,42,2
abstract_61835.jpg,41,29,4,15,0,1,0,0,2,0.5,test,0.3308530449867248,71,2
abstract_588401.jpg,48,34,2,12,0,0,0,0,2,0.1911764740943908,test,0.3521352708339691,39,5
abstract_386860.jpg,34,24,6,8,0,0,0,0,0,0.3088235259056091,test,0.3454281985759735,18,1
abstract_738852.jpg,20,11,5,4,0,0,0,0,1,0.1764705926179886,test,0.4595548212528229,301,1
abstract_656815.jpg,44,33,5,10,0,1,0,0,0,0.3235294222831726,test,0.2292097806930542,16,3
abstract_711468.jpg,28,18,5,9,0,0,0,0,0,0.6176470518112183,test,0.383636474609375,219,2
abstract_104253.jpg,54,36,6,16,2,1,0,0,2,0.2205882370471954,test,0.3092857301235199,26,2
abstract_624587.jpg,26,19,2,9,0,0,0,0,1,0.3676470518112182,test,0.3498966097831726,72,2
abstract_379509.jpg,54,37,10,11,2,1,0,0,0,0.4852941036224365,test,0.2295724302530288,99,7
abstract_300595.jpg,37,28,6,13,0,1,0,0,1,0.2205882370471954,test,0.3339143097400665,35,2
abstract_295893.jpg,28,21,3,8,0,0,0,0,1,0.4264705777168274,test,0.4352551996707916,77,2
abstract_460008.jpg,40,27,8,10,0,0,1,1,1,0.3823529481887817,test,0.3446754813194275,76,5
abstract_808827.jpg,36,25,10,13,1,0,0,0,1,0.4264705777168274,test,0.3225102126598358,56,6
abstract_168087.jpg,55,40,4,13,1,0,0,0,1,0.2205882370471954,test,0.2876969575881958,29,4
abstract_20720.jpg,56,42,8,9,0,0,0,0,2,0.3088235259056091,test,0.2475166171789169,70,3
abstract_777419.jpg,22,14,3,10,0,0,0,0,0,0.4117647111415863,test,0.5124114751815796,10,1
abstract_939331.jpg,31,20,6,11,1,0,0,0,1,0.4705882370471954,test,0.3545854687690735,157,1
abstract_896202.jpg,19,12,4,8,0,0,0,0,0,0.4852941036224365,test,0.5691031813621521,27,1
abstract_908150.jpg,42,27,6,14,1,0,0,0,1,0.6029411554336548,test,0.2669892907142639,87,1
abstract_12600.jpg,45,36,4,11,4,0,0,0,1,0.5147058963775635,test,0.378445565700531,33,2
abstract_97410.jpg,31,23,4,9,0,0,0,0,0,0.3676470518112182,test,0.3606372773647308,18,1
abstract_49782.jpg,43,32,7,12,0,1,1,0,0,0.3235294222831726,test,0.2679162919521332,40,0
abstract_364470.jpg,38,28,3,9,0,0,1,0,2,0.147058829665184,test,0.3541333973407745,7,1
abstract_115154.jpg,28,18,5,8,0,0,0,0,2,0.3970588147640228,test,0.4464527368545532,237,1
abstract_153176.jpg,58,44,6,13,0,0,0,0,1,0.4411764740943908,test,0.3287326991558075,74,6
abstract_400579.jpg,44,27,8,16,0,0,0,0,0,0.2647058963775635,test,0.2597312033176422,7,2
abstract_257964.jpg,43,31,6,11,1,0,0,0,0,0.5735294222831726,test,0.278277188539505,46,1
abstract_226559.jpg,52,33,9,16,1,0,0,0,1,0.4117647111415863,test,0.2656349539756775,65,4
abstract_579810.jpg,42,29,7,15,0,1,0,0,1,0.5,test,0.4134488701820373,106,7
abstract_6055.jpg,41,25,9,9,0,0,0,0,1,0.4852941036224365,test,0.3321820795536041,91,4
abstract_714052.jpg,38,25,5,10,2,1,0,0,0,0.3529411852359772,test,0.3976529538631439,55,2
abstract_675784.jpg,47,35,3,12,0,0,0,0,1,0.3529411852359772,test,0.2962059676647186,26,6
abstract_16310.jpg,52,32,13,11,2,0,0,0,2,0.294117659330368,test,0.3229329288005829,44,6
abstract_743372.jpg,30,19,7,12,3,0,0,0,0,0.3529411852359772,test,0.3552552759647369,53,4
abstract_29066.jpg,39,31,3,8,0,0,0,0,2,0.4264705777168274,test,0.3549399673938751,91,4
abstract_75828.jpg,35,26,3,13,1,0,0,0,0,0.4705882370471954,test,0.3946207165718078,111,7
abstract_199341.jpg,46,36,6,11,0,0,0,0,0,0.3529411852359772,test,0.3057827055454254,77,1
abstract_149611.jpg,45,32,6,13,0,0,0,0,1,0.3676470518112182,test,0.2537298500537872,38,3
abstract_137803.jpg,39,29,4,12,0,0,0,0,3,0.3088235259056091,test,0.2575196325778961,32,1
abstract_923006.jpg,44,32,6,10,1,0,0,0,1,0.4852941036224365,test,0.3408307433128357,128,18
abstract_136873.jpg,57,39,7,15,0,1,0,0,1,0.2058823555707931,test,0.2820265293121338,177,1
abstract_485157.jpg,46,31,6,12,0,0,0,0,1,0.1323529481887817,test,0.2674468755722046,4,1
abstract_400846.jpg,28,17,6,7,1,0,0,0,0,0.3088235259056091,test,0.367061585187912,12,2
abstract_224195.jpg,40,27,6,13,0,0,0,0,2,0.3970588147640228,test,0.2756638526916504,47,4
abstract_140898.jpg,39,28,6,10,0,0,0,0,1,0.25,test,0.2909323573112488,14,3
abstract_665010.jpg,36,27,5,7,0,0,0,0,0,0.5147058963775635,test,0.3929688930511474,13,1
abstract_492000.jpg,54,41,4,12,0,0,0,0,0,0.4852941036224365,test,0.3612809777259826,43,3
abstract_153861.jpg,40,26,7,14,2,0,1,0,1,0.1764705926179886,test,0.2873977720737457,9,0
abstract_209255.jpg,30,20,4,12,0,0,0,0,2,0.4558823406696319,test,0.3659383058547973,110,2
abstract_96299.jpg,58,40,5,20,1,1,0,0,0,0.4558823406696319,test,0.3113770484924316,92,8
abstract_119844.jpg,42,32,7,10,0,0,0,0,0,0.073529414832592,test,0.2749160826206207,16,0
abstract_936611.jpg,39,29,4,6,1,1,0,0,3,0.25,test,0.3917258977890014,48,1
abstract_129479.jpg,43,32,9,13,0,0,0,0,2,0.4558823406696319,test,0.2888783514499664,39,4
abstract_398894.jpg,48,31,7,15,0,0,0,0,2,0.1323529481887817,test,0.3106357753276825,14,1
abstract_815202.jpg,31,28,3,6,0,0,0,1,0,0.1764705926179886,test,0.3581109642982483,17,1
abstract_582222.jpg,23,17,1,8,2,0,0,0,0,0.1617647111415863,test,0.401662677526474,3,1
abstract_73399.jpg,48,33,6,14,0,0,0,0,2,0.3529411852359772,test,0.315244048833847,74,0
abstract_625771.jpg,49,33,5,13,1,0,0,0,2,0.4264705777168274,test,0.2558543980121612,39,1
abstract_288691.jpg,55,37,7,11,1,1,0,0,1,0.2647058963775635,test,0.2071923911571502,14,2
abstract_60653.jpg,39,28,7,10,0,0,0,0,0,0.5147058963775635,test,0.3606162667274475,290,1
abstract_591139.jpg,33,19,4,12,0,0,0,0,1,0.2352941185235977,test,0.4037105739116668,31,1
abstract_64972.jpg,32,25,4,11,0,0,0,0,0,0.1911764740943908,test,0.305354356765747,16,6
abstract_686329.jpg,41,25,5,14,2,0,0,0,2,0.5735294222831726,test,0.2899726033210754,56,0
abstract_296916.jpg,35,25,4,9,0,1,0,0,0,0.5,test,0.3427023291587829,147,13
abstract_736742.jpg,48,33,3,16,1,0,0,0,1,0.2352941185235977,test,0.3200987875461578,15,2
abstract_66225.jpg,17,13,1,5,1,0,0,0,1,0.0882352963089943,test,0.6671786308288574,3,1
abstract_502688.jpg,40,25,8,8,0,1,0,0,2,0.4411764740943908,test,0.2925698459148407,53,4
abstract_64769.jpg,30,19,8,7,0,0,0,0,1,0.1323529481887817,test,0.3249304592609405,13,1
abstract_690983.jpg,23,12,5,11,2,0,0,0,0,0.1764705926179886,test,0.4536500871181488,26,2
abstract_731186.jpg,57,36,8,17,1,0,0,0,2,0.2794117629528045,test,0.2794030606746673,40,3
abstract_59711.jpg,38,26,4,12,1,0,0,0,3,0.4264705777168274,test,0.2617642879486084,10,2
abstract_920206.jpg,45,25,5,22,1,0,0,0,1,0.4117647111415863,test,0.2386271059513092,33,1
abstract_29723.jpg,30,20,6,10,1,0,0,0,3,0.3382352888584137,test,0.4769915044307709,25,2
abstract_909678.jpg,31,22,2,8,1,0,0,0,0,0.5,test,0.4077053666114807,294,1
abstract_736588.jpg,43,29,4,16,0,0,0,0,1,0.073529414832592,test,0.2978456020355224,17,1
abstract_49826.jpg,25,18,5,11,0,0,0,0,0,0.4558823406696319,test,0.3587695360183716,154,1
abstract_141760.jpg,26,20,3,6,0,0,0,0,0,0.5735294222831726,test,0.4879662096500397,74,0
abstract_668226.jpg,32,20,8,10,0,0,0,0,0,0.1176470592617988,test,0.2642616629600525,1,1
abstract_309898.jpg,41,24,5,18,0,0,0,0,2,0.1029411777853965,test,0.2803744375705719,12,1
abstract_310454.jpg,40,30,6,14,0,0,0,0,1,0.2058823555707931,test,0.273491770029068,14,0
abstract_389884.jpg,44,28,10,14,0,0,0,0,1,0.294117659330368,test,0.3856508135795593,86,4
abstract_743695.jpg,44,33,9,13,0,0,0,0,1,0.4264705777168274,test,0.2621684372425079,13,1
abstract_12446.jpg,39,25,7,15,1,0,0,0,1,0.1323529481887817,test,0.3509294986724853,10,1
abstract_291070.jpg,45,28,7,15,1,0,0,0,2,0.1911764740943908,test,0.296049028635025,29,7
abstract_60192.jpg,37,25,7,12,1,0,0,0,2,0.3382352888584137,test,0.3394857048988342,20,1
abstract_725991.jpg,36,25,7,12,1,0,0,0,3,0.4411764740943908,test,0.3647051751613617,60,1
abstract_740217.jpg,41,30,5,13,0,0,0,0,6,0.3970588147640228,test,0.373873770236969,173,1
abstract_446194.jpg,45,32,5,10,0,1,0,0,0,0.5,test,0.2402872592210769,67,3
abstract_432850.jpg,31,20,6,8,1,0,0,0,1,0.1176470592617988,test,0.3310732841491699,12,2
abstract_484147.jpg,24,17,3,9,0,0,0,0,1,0.4558823406696319,test,0.4407630562782287,469,1
abstract_755286.jpg,43,30,4,14,3,0,0,0,1,0.3088235259056091,test,0.3195560276508331,129,0
abstract_780295.jpg,23,18,4,9,0,0,0,0,1,0.2647058963775635,test,0.4279539585113525,11,1
abstract_611796.jpg,41,25,9,14,0,1,0,0,3,0.5147058963775635,test,0.2959277927875519,123,2
abstract_19977.jpg,35,26,7,9,0,0,0,0,0,0.1323529481887817,test,0.315712422132492,6,3
abstract_180676.jpg,44,30,4,15,0,0,0,0,1,0.3088235259056091,test,0.3302566111087799,50,3
abstract_725785.jpg,27,23,3,6,0,0,0,0,0,0.5441176295280457,test,0.477857232093811,178,12
abstract_64571.jpg,44,31,6,10,0,1,1,0,1,0.4705882370471954,test,0.29111048579216,42,2
abstract_26666.jpg,27,21,4,6,0,0,0,0,1,0.1764705926179886,test,0.4078515768051147,25,3
abstract_29580.jpg,23,17,3,8,1,0,1,0,0,0.2205882370471954,test,0.4061441123485565,53,1
abstract_543686.jpg,31,20,5,11,0,0,0,0,3,0.25,test,0.3335164785385132,21,4
abstract_534223.jpg,33,22,8,10,1,0,0,0,1,0.2794117629528045,test,0.3090511262416839,53,4
abstract_9971.jpg,34,28,6,6,0,0,0,0,0,0.3382352888584137,test,0.3645902276039123,25,1
abstract_59011.jpg,58,48,5,10,1,0,0,0,1,0.4705882370471954,test,0.2893714606761932,54,2
abstract_364933.jpg,32,24,4,8,0,0,0,0,1,0.5441176295280457,test,0.3606739640235901,180,2
abstract_188059.jpg,35,22,6,11,1,1,0,0,1,0.2058823555707931,test,0.3753587603569031,4,1
abstract_600079.jpg,22,16,3,7,0,0,0,0,0,0.0441176481544971,test,0.4911152720451355,8,0
abstract_343674.jpg,30,21,3,12,0,0,0,0,1,0.0441176481544971,test,0.3370626270771026,9,1
abstract_119737.jpg,49,33,6,12,0,1,0,0,0,0.2352941185235977,test,0.3062514066696167,44,0
abstract_398873.jpg,44,30,7,12,0,0,0,0,2,0.4264705777168274,test,0.2563038468360901,111,1
abstract_829200.jpg,47,35,10,13,0,0,0,0,2,0.5147058963775635,test,0.2800414264202118,95,10
abstract_95642.jpg,40,30,1,12,1,0,0,0,3,0.2794117629528045,test,0.3332941234111786,38,1
abstract_818398.jpg,44,33,9,7,1,0,0,0,1,0.3823529481887817,test,0.3249627649784088,46,0
abstract_725064.jpg,44,31,8,14,0,0,0,0,2,0.6323529481887817,test,0.3099561035633087,63,10
abstract_661815.jpg,29,17,6,8,1,0,0,0,1,0.2205882370471954,test,0.3799331486225128,44,2
abstract_812764.jpg,46,36,3,13,1,1,0,0,0,0.4852941036224365,test,0.4109950363636017,122,2
abstract_13266.jpg,21,14,4,9,1,0,0,0,0,0.2058823555707931,test,0.4929642677307129,12,3
abstract_56135.jpg,20,15,4,7,0,0,0,0,0,0.3088235259056091,test,0.4960359632968902,81,1
abstract_904972.jpg,27,18,5,9,0,0,0,0,1,0.294117659330368,test,0.4104392528533935,37,0
abstract_312777.jpg,39,27,6,14,2,0,0,0,1,0.5147058963775635,test,0.4737763702869415,45,0
abstract_110131.jpg,21,15,7,8,0,0,0,0,0,0.5588235259056091,test,0.4472785890102386,360,1
abstract_957420.jpg,48,31,7,13,1,1,0,0,1,0.3382352888584137,test,0.2563925981521606,53,2
abstract_921788.jpg,48,34,8,16,0,0,0,0,1,0.6323529481887817,test,0.3149334490299225,95,7
abstract_612570.jpg,47,30,8,12,0,1,0,0,2,0.4411764740943908,test,0.2133842855691909,42,5
abstract_311503.jpg,40,28,10,9,1,1,1,0,0,0.2058823555707931,test,0.356129914522171,15,0
abstract_257677.jpg,29,18,8,13,1,0,0,0,1,0.25,test,0.3533128499984741,6,1
abstract_369126.jpg,33,25,3,7,1,0,0,0,1,0.2205882370471954,test,0.4517771303653717,58,3
abstract_34251.jpg,28,20,7,9,0,0,0,0,0,0.1911764740943908,test,0.3269484043121338,61,1
abstract_259822.jpg,44,31,9,12,0,0,0,0,1,0.1617647111415863,test,0.2613069117069244,21,2
abstract_496.jpg,49,28,10,18,2,0,0,0,2,0.4411764740943908,test,0.2898441851139068,71,3
abstract_615744.jpg,17,10,4,8,0,0,0,0,0,0.1911764740943908,test,0.5999875068664551,10,2
abstract_44806.jpg,43,32,5,12,0,0,0,0,1,0.4705882370471954,test,0.2807812988758087,117,3
abstract_941849.jpg,30,24,1,8,0,0,0,0,2,0.1176470592617988,test,0.3853202760219574,10,0
abstract_159220.jpg,55,41,2,17,1,1,0,0,0,0.3676470518112182,test,0.2602613270282745,28,0
abstract_9050.jpg,42,31,6,10,0,0,0,0,2,0.1764705926179886,test,0.2962902188301086,9,2
abstract_739594.jpg,41,30,6,9,0,0,0,0,2,0.1323529481887817,test,0.326641321182251,20,2
abstract_340395.jpg,40,26,7,14,2,0,0,0,2,0.25,test,0.3379433453083038,20,2
abstract_624474.jpg,44,32,9,13,0,1,0,0,3,0.5147058963775635,test,0.3006075918674469,64,0
abstract_798148.jpg,30,21,4,14,0,0,0,0,1,0.1323529481887817,test,0.3207815885543823,14,1
abstract_308043.jpg,30,23,3,8,2,0,0,0,1,0.3823529481887817,test,0.4314114451408386,232,34
abstract_762644.jpg,42,34,2,5,0,0,0,1,2,0.3235294222831726,test,0.3679789006710052,50,4
abstract_16654.jpg,32,24,5,9,0,0,0,0,1,0.5,test,0.4113464057445526,104,2
abstract_311729.jpg,36,28,4,12,0,0,0,0,0,0.5588235259056091,test,0.3621183037757873,102,1
abstract_291179.jpg,44,36,4,16,1,0,0,0,1,0.5882353186607361,test,0.2926741242408752,23,7
abstract_430898.jpg,37,29,6,11,0,0,0,0,1,0.294117659330368,test,0.3162072002887726,59,2
abstract_60778.jpg,41,30,6,8,1,0,0,0,1,0.4264705777168274,test,0.3610156774520874,110,0
abstract_753032.jpg,41,27,2,12,4,0,0,0,2,0.2352941185235977,test,0.3110154271125793,23,1
abstract_249426.jpg,51,39,5,15,0,0,0,0,3,0.5441176295280457,test,0.3055271208286285,32,1
abstract_9929.jpg,28,20,6,9,2,0,0,0,0,0.3970588147640228,test,0.4772782921791076,174,2
abstract_445606.jpg,41,30,5,11,2,0,0,0,0,0.2205882370471954,test,0.2450971603393554,14,1
abstract_442451.jpg,43,32,12,13,1,0,1,0,1,0.5588235259056091,test,0.3647326529026031,159,0
abstract_110241.jpg,37,26,3,10,1,0,0,0,0,0.1176470592617988,test,0.29008749127388,9,1
abstract_403328.jpg,42,27,7,14,1,0,0,1,0,0.25,test,0.3708638548851013,45,2
abstract_58941.jpg,49,35,6,11,0,0,0,0,3,0.3382352888584137,test,0.2738235890865326,26,3
abstract_403862.jpg,54,32,8,14,1,1,0,0,1,0.529411792755127,test,0.2457702904939651,46,6
abstract_519696.jpg,34,25,5,8,0,0,0,0,0,0.6029411554336548,test,0.4025912284851074,94,1
abstract_12281.jpg,24,14,7,7,0,0,0,0,1,0.3970588147640228,test,0.5075557827949524,78,4
abstract_51819.jpg,36,25,6,14,0,0,0,0,1,0.4264705777168274,test,0.3268187344074249,86,2
abstract_491717.jpg,40,25,6,16,0,0,0,0,1,0.2794117629528045,test,0.3295943737030029,18,4
abstract_54045.jpg,16,12,3,6,0,0,0,0,1,0.2794117629528045,test,0.5156081318855286,2,1
abstract_73912.jpg,33,19,4,12,1,0,0,0,0,0.1911764740943908,test,0.3931914567947387,39,0
abstract_885307.jpg,37,24,5,9,2,0,0,0,2,0.3235294222831726,test,0.324013352394104,52,2
abstract_122976.jpg,52,38,3,16,0,0,0,0,0,0.2794117629528045,test,0.3356080055236816,21,1
abstract_49897.jpg,32,23,6,9,1,1,0,0,2,0.1911764740943908,test,0.3463439047336578,23,2
abstract_65683.jpg,49,35,7,14,0,0,0,0,1,0.5147058963775635,test,0.299318790435791,46,5
abstract_316358.jpg,23,12,8,8,0,0,0,0,1,0.294117659330368,test,0.4148702025413513,142,0
abstract_476612.jpg,31,19,6,9,0,0,0,0,1,0.529411792755127,test,0.3847544193267822,172,2
abstract_583344.jpg,33,22,7,11,0,0,0,0,2,0.6764705777168274,test,0.3946540057659149,50,5
abstract_169612.jpg,29,21,3,10,0,0,0,0,2,0.1176470592617988,test,0.3281481862068176,30,2
abstract_145743.jpg,42,29,4,11,1,1,0,0,2,0.4705882370471954,test,0.2949166297912597,26,1
abstract_714449.jpg,50,38,6,12,0,0,0,0,0,0.1911764740943908,test,0.3142147660255432,120,5
abstract_344290.jpg,19,15,3,4,0,0,0,0,2,0.294117659330368,test,0.6210123300552368,43,2
abstract_212834.jpg,47,34,6,11,2,0,0,0,0,0.4117647111415863,test,0.3033925294876098,40,2
abstract_457704.jpg,38,25,5,12,0,2,0,0,3,0.2058823555707931,test,0.2820834517478943,3,1
abstract_326484.jpg,36,24,0,17,1,1,0,0,0,0.5735294222831726,test,0.3739601075649261,49,1
abstract_311616.jpg,33,20,5,11,0,0,0,0,2,0.2205882370471954,test,0.3382367193698883,23,0
abstract_700782.jpg,42,30,6,13,0,0,0,0,1,0.2647058963775635,test,0.2410120666027069,15,1
abstract_99415.jpg,30,19,4,10,0,0,0,0,1,0.5147058963775635,test,0.3535275757312774,252,1
abstract_922451.jpg,34,27,2,10,1,0,0,0,1,0.1617647111415863,test,0.3803755939006805,37,0
