image_id,number_of_unique_words,number_of_unique_nouns,number_of_unique_verbs,number_of_unique_adjectives,number_of_unique_adverbs,number_of_unique_pronouns,number_of_unique_determiners,number_of_unique_conjunctions,number_of_unique_prepositions,complexity,category,avg_region_similarity,# of SAM segmentations,# of FC-CLIP classes
paintings_vanDyck10.jpg,35,24,5,12,1,0,0,0,2,0.5147058963775635,test,0.4179026484489441,114,11
paintings_vanEyck1.jpg,47,32,7,10,0,0,0,0,1,0.6176470518112183,test,0.2100556343793869,220,17
paintings_Rusinol2.jpg,28,21,5,6,1,0,0,0,2,0.6323529481887817,test,0.4212019145488739,133,5
paintings_Bordone2.jpg,51,35,6,12,0,1,0,0,1,0.6470588445663452,test,0.2571818232536316,146,14
paintings_MerrittChase8.jpg,39,27,7,11,0,0,0,0,0,0.2647058963775635,test,0.2826196849346161,25,4
paintings_Lely7.jpg,38,23,7,10,0,0,0,0,2,0.3529411852359772,test,0.2481945753097534,55,4
paintings_Wissing3.jpg,46,30,8,10,0,0,0,0,1,0.4411764740943908,test,0.271973192691803,83,9
paintings_Manet20.jpg,43,25,9,14,1,0,0,0,2,0.4411764740943908,test,0.2270157784223556,88,4
paintings_vonBecker3.jpg,49,29,8,16,0,0,0,0,1,0.529411792755127,test,0.2304755002260208,140,24
paintings_Hogarth1.jpg,43,25,7,16,0,1,0,1,1,0.4411764740943908,test,0.2640780806541443,78,6
paintings_Sisley11.jpg,28,18,7,6,2,0,0,0,0,0.5147058963775635,test,0.4332039654254913,58,6
paintings_Levitan1.jpg,31,18,11,13,0,0,0,0,1,0.4705882370471954,test,0.4416561722755432,141,8
paintings_Delaroche1.jpg,51,33,9,14,1,1,0,0,0,0.6176470518112183,test,0.2491130977869033,154,21
paintings_ElGreco7.jpg,38,19,6,14,0,0,0,0,2,0.4264705777168274,test,0.3338489830493927,38,9
paintings_Rembrandt22.jpg,43,30,4,12,1,1,0,0,0,0.3088235259056091,test,0.2979833483695984,30,6
paintings_DirckHals1.jpg,56,34,8,17,0,0,0,0,1,0.75,test,0.1956973373889923,212,44
paintings_deStomme1.jpg,46,39,5,8,0,0,0,0,0,0.4852941036224365,test,0.381756454706192,60,10
paintings_Rusinol14.jpg,52,35,8,11,1,1,0,0,1,0.5,test,0.2771373689174652,90,11
paintings_Ingres5.jpg,40,26,11,8,0,1,0,0,0,0.294117659330368,test,0.2616459429264068,52,4
paintings_Surikov3.jpg,32,19,8,7,0,1,0,0,0,0.75,test,0.2460606098175048,199,33
paintings_Constable24.jpg,39,21,7,18,1,0,0,0,3,0.2647058963775635,test,0.3760903179645538,43,6
paintings_Keil1.jpg,38,25,3,12,0,0,0,0,1,0.5,test,0.2885974645614624,95,7
paintings_vanDyck18.jpg,46,27,8,16,0,0,0,0,2,0.5882353186607361,test,0.2194885015487671,82,12
paintings_Sanzio3.jpg,41,27,8,12,0,1,0,0,0,0.5,test,0.2186201810836792,154,10
paintings_CamilleCorot12.jpg,37,22,5,11,1,0,0,0,1,0.5,test,0.4400884807109833,78,5
paintings_deCappelle1.jpg,44,32,7,13,0,0,0,0,0,0.5735294222831726,test,0.263831079006195,133,13
paintings_Renoir28.jpg,43,25,10,12,1,0,0,0,2,0.6470588445663452,test,0.2445174008607864,254,29
paintings_Watteau2.jpg,42,20,11,15,0,0,0,0,2,0.4264705777168274,test,0.268285721540451,48,5
paintings_Tisi1.jpg,45,28,8,11,0,0,0,0,3,0.6617646813392639,test,0.191351979970932,170,18
paintings_Homer5.jpg,52,34,12,16,2,0,0,0,2,0.4852941036224365,test,0.2136072963476181,101,5
paintings_Giordano1.jpg,62,37,12,19,1,1,0,0,0,0.6323529481887817,test,0.2398955672979354,105,4
paintings_VanGogh9.jpg,41,30,4,10,0,0,0,0,1,0.5,test,0.3379038572311401,141,2
paintings_Zoffany5.jpg,38,22,6,11,0,1,0,0,2,0.6764705777168274,test,0.2503639757633209,145,21
paintings_vanGoyen3.jpg,34,19,8,14,0,0,0,0,0,0.5735294222831726,test,0.2289144694805145,146,31
paintings_Richter2.jpg,46,34,5,13,0,0,0,0,2,0.5735294222831726,test,0.287702202796936,167,15
paintings_Constable18.jpg,38,22,10,13,1,0,0,0,2,0.4705882370471954,test,0.2356572151184082,113,8
paintings_Reynolds17.jpg,37,24,6,12,1,0,0,0,2,0.4558823406696319,test,0.2440634965896606,63,7
paintings_ElGreco8.jpg,54,34,8,16,0,1,0,0,2,0.5441176295280457,test,0.260480523109436,119,10
paintings_Zurbaran5.jpg,34,26,4,6,0,1,0,0,1,0.2352941185235977,test,0.3405432999134063,15,2
paintings_vanOstade3.jpg,41,23,10,10,1,0,0,0,0,0.4852941036224365,test,0.2472969889640808,84,12
paintings_Homer6.jpg,54,34,13,12,1,1,0,0,2,0.5147058963775635,test,0.2110293954610824,119,13
paintings_Chardin7.jpg,41,22,10,7,0,1,0,0,2,0.4264705777168274,test,0.3091606199741363,55,9
paintings_Hals4.jpg,42,27,5,16,0,1,0,0,1,0.3235294222831726,test,0.2665533125400543,40,4
paintings_CamilleCorot4.jpg,38,24,8,8,0,0,0,0,2,0.4411764740943908,test,0.2757421731948852,80,10
paintings_Sisley8.jpg,43,31,7,12,0,0,0,0,2,0.5147058963775635,test,0.2936550974845886,122,10
paintings_Constable55.jpg,29,16,7,10,1,0,0,0,2,0.4117647111415863,test,0.4134112894535064,126,1
paintings_Rusinol8.jpg,35,25,5,12,0,0,0,0,2,0.529411792755127,test,0.3782122433185577,87,5
paintings_Reni1.jpg,36,25,6,11,0,0,0,0,2,0.3970588147640228,test,0.2612386047840118,43,6
paintings_Alcazar3.jpg,42,28,10,11,0,1,0,0,1,0.5441176295280457,test,0.2772060930728912,93,19
paintings_deChavannes2.jpg,43,29,7,13,0,0,0,0,1,0.4705882370471954,test,0.3054747581481933,104,9
paintings_Poussin17.jpg,55,35,7,14,0,0,0,0,2,0.6323529481887817,test,0.2438018471002578,131,13
paintings_Vermeer4.jpg,52,35,7,10,2,0,0,0,1,0.4558823406696319,test,0.2765533626079559,70,10
paintings_daCaravaggio2.jpg,43,30,7,12,0,1,0,0,0,0.4117647111415863,test,0.3166233599185943,50,4
paintings_Caillebotte1.jpg,44,29,7,13,0,0,0,0,2,0.4558823406696319,test,0.3011736869812011,62,4
paintings_Constable41.jpg,21,14,6,8,1,0,0,0,1,0.25,test,0.4849640727043152,27,1
paintings_Cagnacci1.jpg,45,27,9,10,0,0,0,0,1,0.5735294222831726,test,0.2894779741764068,109,9
paintings_Canaletto1.jpg,34,22,10,10,0,0,0,0,1,0.6470588445663452,test,0.301994115114212,183,27
paintings_Oliver1.jpg,52,36,7,14,1,0,0,0,1,0.3235294222831726,test,0.2538785338401794,38,4
paintings_Monet26.jpg,27,16,8,11,0,0,0,0,1,0.4852941036224365,test,0.3564931452274322,33,3
paintings_Titian3.jpg,39,23,8,12,0,1,0,0,1,0.720588207244873,test,0.2283596247434616,215,26
paintings_Rembrandt11.jpg,35,24,6,10,0,0,0,0,1,0.2058823555707931,test,0.2988357245922088,16,3
paintings_Velazquez7.jpg,36,28,4,9,1,0,0,0,0,0.3088235259056091,test,0.2899081408977508,29,3
paintings_Pollard4.jpg,43,29,8,10,0,0,0,0,1,0.7941176295280457,test,0.1982515752315521,201,45
paintings_LeBrun1.jpg,34,20,10,9,0,1,0,0,0,0.7352941036224365,test,0.2674140930175781,164,24
paintings_Rubens7.jpg,40,27,4,12,0,1,0,0,1,0.7352941036224365,test,0.2952036559581756,129,12
paintings_Constable33.jpg,38,21,11,10,2,1,0,0,1,0.5441176295280457,test,0.2362696379423141,111,12
paintings_vanHonthorst1.jpg,46,27,6,16,0,0,0,0,2,0.5147058963775635,test,0.2188441902399063,46,8
paintings_vanRuisdael3.jpg,20,14,8,6,0,0,0,0,1,0.5588235259056091,test,0.38028085231781,97,4
paintings_vanderNeer1.jpg,37,21,12,9,0,0,0,0,1,0.4264705777168274,test,0.2397947162389755,87,19
paintings_Rembrandt20.jpg,38,27,6,8,1,0,0,0,4,0.4264705777168274,test,0.3530433475971222,43,5
paintings_Zoffany1.jpg,40,25,4,17,1,1,0,0,1,0.4264705777168274,test,0.2341903299093246,70,9
paintings_Canaletto14.jpg,34,22,7,9,0,0,0,0,1,0.4852941036224365,test,0.32688108086586,134,24
paintings_LeSidaner3.jpg,42,29,6,15,0,0,0,0,2,0.4264705777168274,test,0.3309864401817322,102,7
paintings_Borch1.jpg,50,33,7,15,1,0,0,0,0,0.4558823406696319,test,0.2360774576663971,91,12
paintings_Reynolds11.jpg,35,25,4,12,0,0,0,0,2,0.3235294222831726,test,0.2940017580986023,28,5
paintings_Renoir15.jpg,58,33,11,15,1,0,0,0,3,0.4411764740943908,test,0.2334785014390945,27,6
paintings_Constable34.jpg,29,17,5,10,1,0,0,0,2,0.4852941036224365,test,0.3538696467876434,115,7
paintings_Pissarro11.jpg,43,27,8,12,0,0,0,0,2,0.5735294222831726,test,0.3209367990493774,135,10
paintings_Herring8.jpg,42,27,5,11,0,1,0,0,3,0.529411792755127,test,0.2216235399246215,96,26
paintings_Constable12.jpg,31,23,9,7,1,0,0,0,2,0.4264705777168274,test,0.3879873752593994,60,4
paintings_Hals3.jpg,36,21,8,13,0,2,0,0,3,0.3823529481887817,test,0.258410781621933,38,4
paintings_delPiombo3.jpg,41,27,5,13,1,0,0,0,2,0.4117647111415863,test,0.2574663758277893,33,9
paintings_Leyster2.jpg,45,32,6,11,0,0,0,0,1,0.4117647111415863,test,0.2682455480098724,51,2
paintings_LouisDavid1.jpg,45,29,8,11,1,0,0,0,3,0.2647058963775635,test,0.313896119594574,32,3
paintings_Shishkin1.jpg,25,15,5,8,0,0,0,0,2,0.6176470518112183,test,0.5106500387191772,155,5
paintings_Metsu1.jpg,52,36,8,11,0,1,0,0,0,0.5,test,0.2620581388473511,98,12
paintings_deVriendt2.jpg,48,33,7,14,0,0,0,0,1,0.4411764740943908,test,0.2737189829349518,64,5
paintings_Giorgione4.jpg,37,25,7,8,0,0,0,0,1,0.6323529481887817,test,0.2561240196228027,188,26
paintings_Cezanne26.jpg,38,29,7,9,0,0,0,0,2,0.5735294222831726,test,0.3860442638397217,232,7
paintings_Homer1.jpg,34,23,4,13,0,0,0,0,1,0.4705882370471954,test,0.243558868765831,90,4
paintings_Amigoni1.jpg,48,29,10,21,2,0,0,0,2,0.6470588445663452,test,0.3219474852085113,105,15
paintings_Fabritius1.jpg,28,17,9,10,0,0,0,0,1,0.1617647111415863,test,0.3008964657783508,18,2
paintings_Courbet17.jpg,21,10,9,10,0,0,0,0,1,0.4264705777168274,test,0.4950911402702331,58,2
paintings_deRibera4.jpg,43,25,10,12,0,1,0,0,3,0.529411792755127,test,0.2837471961975097,63,9
paintings_Monet38.jpg,36,21,9,13,1,0,0,0,2,0.5588235259056091,test,0.3392432034015655,118,17
paintings_Laroon7.jpg,57,34,8,19,0,1,0,0,1,0.5147058963775635,test,0.2576950192451477,106,18
paintings_Danby13.jpg,24,14,7,12,2,0,0,0,1,0.5735294222831726,test,0.4738094806671142,100,4
paintings_Renoir29.jpg,38,25,7,11,1,0,0,0,1,0.3382352888584137,test,0.2591825425624847,35,2
paintings_Homer3.jpg,40,24,8,11,0,1,0,0,0,0.529411792755127,test,0.2717999517917633,92,9
paintings_Cezanne2.jpg,29,18,4,12,0,0,0,0,1,0.4558823406696319,test,0.4476773738861084,140,3
paintings_Canaletto7.jpg,33,22,8,10,0,0,0,0,1,0.5588235259056091,test,0.3142877221107483,177,23
paintings_Gerard2.jpg,45,29,5,10,1,0,0,0,1,0.5,test,0.2583238482475281,127,17
paintings_Manet12.jpg,43,30,6,13,1,0,0,0,2,0.4117647111415863,test,0.2759638428688049,53,4
paintings_Wouwerman3.jpg,40,27,8,10,0,1,0,0,3,0.4852941036224365,test,0.2528512179851532,69,14
paintings_Gauguin6.jpg,48,31,8,13,1,1,0,0,2,0.4411764740943908,test,0.283948689699173,95,12
paintings_Delaunay2.jpg,45,33,10,14,0,0,0,0,0,0.6617646813392639,test,0.3538904190063476,199,3
paintings_Tintoretto2.jpg,45,30,4,13,1,0,0,0,2,0.5441176295280457,test,0.256334900856018,85,12
paintings_Morisot1.jpg,35,24,8,12,1,0,0,0,1,0.3382352888584137,test,0.2564388513565063,85,5
paintings_Watteau3.jpg,47,31,8,10,0,1,0,0,1,0.5441176295280457,test,0.2725545763969421,81,11
paintings_Maes4.jpg,33,26,3,8,0,0,0,0,2,0.3382352888584137,test,0.2497531920671463,40,4
paintings_Constable48.jpg,24,17,7,8,0,0,0,0,1,0.4852941036224365,test,0.4227315783500671,66,5
paintings_Lely3.jpg,45,26,7,15,0,0,0,0,3,0.3823529481887817,test,0.2618951797485351,21,3
paintings_Monet1.jpg,23,13,5,10,0,0,0,0,2,0.3529411852359772,test,0.3648274540901184,100,1
paintings_Gainsborough10.jpg,39,26,5,10,1,1,0,0,1,0.3970588147640228,test,0.2588768601417541,78,4
paintings_Rembrandt23.jpg,44,32,4,12,1,0,0,0,3,0.3088235259056091,test,0.2536011338233948,20,3
paintings_Constable26.jpg,31,20,5,12,0,0,0,0,0,0.3823529481887817,test,0.390373945236206,27,3
paintings_deVriendt3.jpg,51,31,9,18,1,0,0,0,4,0.5588235259056091,test,0.2913922071456909,148,13
paintings_Vuillard10.jpg,42,24,7,13,1,0,0,0,6,0.3970588147640228,test,0.2828732430934906,34,3
paintings_Leyster1.jpg,55,35,6,14,0,1,0,0,2,0.4264705777168274,test,0.2441080659627914,64,5
paintings_Courbet13.jpg,27,16,9,8,0,0,0,0,1,0.529411792755127,test,0.4053122401237488,96,5
paintings_Franceschini1.jpg,44,31,6,10,0,1,0,0,1,0.4705882370471954,test,0.3049581348896026,69,10
paintings_Repin5.jpg,52,33,10,14,1,1,1,0,3,0.5441176295280457,test,0.241061270236969,169,11
paintings_Watteau4.jpg,44,28,4,14,2,1,0,0,2,0.5588235259056091,test,0.2421726733446121,135,18
paintings_Titian7.jpg,47,31,10,12,1,1,0,0,1,0.4852941036224365,test,0.2549434006214142,90,9
paintings_Danby10.jpg,35,21,10,8,2,1,0,0,1,0.3823529481887817,test,0.4108736217021942,109,7
paintings_Saftleven1.jpg,56,40,10,12,1,1,0,0,2,0.6029411554336548,test,0.2133702635765075,225,42
paintings_Borch3.jpg,42,28,5,11,0,2,1,0,2,0.4558823406696319,test,0.2440592050552368,76,13
paintings_Reynolds1.jpg,44,30,6,13,0,0,0,0,1,0.4558823406696319,test,0.2874482274055481,68,6
paintings_Guercino4.jpg,39,21,5,16,0,1,0,0,2,0.5147058963775635,test,0.2609675526618957,60,7
paintings_Vuillard5.jpg,53,37,7,16,1,0,0,0,1,0.4264705777168274,test,0.2676365077495575,42,5
paintings_Repin3.jpg,50,29,11,16,1,1,0,0,4,0.3382352888584137,test,0.2224124372005462,35,4
paintings_vanRuisdael9.jpg,32,22,5,9,1,0,0,0,1,0.4705882370471954,test,0.3379698693752289,92,3
paintings_delPiombo2.jpg,41,22,8,11,0,1,0,0,3,0.5882353186607361,test,0.2264468371868133,114,11
paintings_Ziem1.jpg,33,22,10,14,0,0,0,0,2,0.4705882370471954,test,0.3102495074272156,64,18
paintings_Constable1.jpg,34,24,4,11,0,0,0,0,3,0.5147058963775635,test,0.3481399714946747,108,8
paintings_Arcimboldo1.jpg,34,23,8,11,1,0,0,0,0,0.5441176295280457,test,0.3470579385757446,147,11
paintings_Millet6.jpg,48,27,7,17,1,0,0,0,1,0.4705882370471954,test,0.2313113659620285,108,21
paintings_Danby5.jpg,45,29,9,12,2,1,0,0,1,0.4117647111415863,test,0.2278854995965957,40,6
paintings_Vinet1.jpg,30,15,10,12,0,0,0,0,1,0.5882353186607361,test,0.3924806416034698,122,9
paintings_Nonell2.jpg,49,31,9,15,1,1,0,0,2,0.3088235259056091,test,0.2644834220409393,21,5
paintings_Rembrandt6.jpg,47,29,8,13,0,0,0,0,3,0.3088235259056091,test,0.2877791821956634,34,3
paintings_deVos1.jpg,47,27,9,9,1,0,0,0,5,0.4117647111415863,test,0.2652406990528106,55,4
paintings_Laroon5.jpg,47,30,5,14,1,1,0,0,1,0.4411764740943908,test,0.2260247468948364,48,6
paintings_Homer4.jpg,38,23,9,12,0,0,0,0,2,0.3823529481887817,test,0.2177403271198272,81,7
paintings_ChristianDahl1.jpg,34,22,7,12,1,0,0,0,2,0.4852941036224365,test,0.3314388394355774,86,11
paintings_Jordaens3.jpg,44,27,8,12,1,0,0,0,0,0.6470588445663452,test,0.2742112278938293,76,12
paintings_Gericault2.jpg,25,17,4,9,0,0,0,0,2,0.2352941185235977,test,0.3807895481586456,14,2
paintings_Veronese7.jpg,41,26,4,12,0,1,0,0,2,0.5735294222831726,test,0.2609679698944092,122,13
paintings_Rubens4.jpg,32,18,5,11,0,0,0,0,1,0.4852941036224365,test,0.2608907520771026,55,7
paintings_Eakins10.jpg,44,30,6,12,0,1,0,0,3,0.5,test,0.2426798492670059,61,8
paintings_Durer3.jpg,47,31,8,15,0,1,0,0,3,0.8235294222831726,test,0.2247644811868667,229,24
paintings_Rigaud4.jpg,52,35,5,12,1,0,0,0,2,0.4264705777168274,test,0.235658660531044,76,6
paintings_Chasseriau1.jpg,52,33,10,13,0,1,0,0,0,0.720588207244873,test,0.2383456230163574,206,32
paintings_Jordaens4.jpg,44,25,8,12,1,1,0,0,2,0.3970588147640228,test,0.2659205198287964,59,7
paintings_Magnasco3.jpg,34,22,9,10,0,0,0,0,2,0.6029411554336548,test,0.2106817215681076,148,5
paintings_Reynolds9.jpg,31,20,4,13,0,0,0,0,0,0.2352941185235977,test,0.301108181476593,14,4
paintings_Ury1.jpg,60,40,5,14,2,0,0,0,2,0.4117647111415863,test,0.2303601056337356,99,9
paintings_Frieseke2.jpg,48,30,8,20,0,0,0,0,0,0.529411792755127,test,0.2468318045139312,92,5
paintings_Titian8.jpg,40,24,4,16,0,0,0,0,3,0.4117647111415863,test,0.2627677321434021,43,6
paintings_Kuindzhi1.jpg,45,27,9,8,1,0,0,0,3,0.1911764740943908,test,0.2863830924034118,33,2
paintings_Sisley4.jpg,21,15,5,5,0,0,0,0,1,0.6176470518112183,test,0.5250675082206726,115,9
paintings_Jordaens5.jpg,44,31,8,11,0,0,0,0,1,0.6764705777168274,test,0.2518245875835418,127,22
paintings_SebastianoRicci1.jpg,42,21,9,15,1,1,0,0,0,0.6911764740943909,test,0.1829562485218048,113,16
paintings_Vasnetsov3.jpg,50,27,10,17,0,1,0,0,1,0.5588235259056091,test,0.2459442019462585,94,8
paintings_ToulouseLautrec3.jpg,47,28,10,12,1,0,0,0,1,0.6323529481887817,test,0.2396357506513595,133,19
paintings_Stom1.jpg,46,32,10,11,1,1,0,0,0,0.4558823406696319,test,0.2494683712720871,44,11
paintings_Lotto5.jpg,45,26,9,14,1,0,0,0,2,0.5441176295280457,test,0.2558850944042206,109,10
paintings_Pontormo2.jpg,37,23,10,13,0,0,0,0,3,0.4264705777168274,test,0.2674862742424011,44,8
paintings_Giaquinto1.jpg,54,36,9,16,1,0,0,0,4,0.5441176295280457,test,0.2228467613458633,122,14
paintings_AmanJean1.jpg,42,27,5,13,1,0,0,0,2,0.5735294222831726,test,0.2157511264085769,151,17
paintings_Giorgione2.jpg,52,38,4,14,0,0,0,0,2,0.720588207244873,test,0.2143069356679916,209,23
paintings_Cassatt8.jpg,53,33,10,12,1,1,0,0,1,0.5,test,0.212177038192749,93,5
paintings_Hogarth9.jpg,33,21,4,11,0,0,0,0,2,0.3382352888584137,test,0.285515159368515,26,4
paintings_Titian2.jpg,33,20,8,12,1,0,0,0,2,0.2352941185235977,test,0.2970419228076935,25,3
paintings_Fragonard6.jpg,33,24,7,9,1,0,0,0,1,0.3088235259056091,test,0.2904965281486511,22,2
paintings_Goya3.jpg,30,21,2,10,0,0,0,0,1,0.2352941185235977,test,0.319724828004837,26,4
paintings_Arcimboldo3.jpg,32,22,7,8,0,0,0,0,1,0.6470588445663452,test,0.4279885292053222,200,6
paintings_Magnasco1.jpg,23,14,7,9,0,0,0,0,2,0.6323529481887817,test,0.4948188364505768,142,5
paintings_Watts5.jpg,36,21,7,17,1,0,0,0,2,0.3823529481887817,test,0.3527148962020874,26,2
paintings_Sorolla1.jpg,37,21,8,10,1,1,0,0,3,0.3529411852359772,test,0.3133497536182403,19,2
paintings_Reynolds7.jpg,35,23,7,13,0,0,0,0,2,0.3235294222831726,test,0.2678231596946716,26,3
paintings_Redon4.jpg,43,23,7,17,2,0,0,0,3,0.2058823555707931,test,0.2787639200687408,6,3
paintings_Stuart1.jpg,25,15,6,7,0,0,0,0,1,0.1764705926179886,test,0.3291233479976654,9,3
paintings_Bellucci1.jpg,41,31,4,11,0,0,0,0,1,0.4852941036224365,test,0.334718108177185,47,6
paintings_deHooch2.jpg,49,30,8,13,0,0,0,0,3,0.5147058963775635,test,0.287630945444107,106,10
paintings_Ruokokoski1.jpg,40,23,7,15,0,1,0,0,3,0.294117659330368,test,0.2610180079936981,14,2
paintings_Velazquez6.jpg,50,32,5,19,1,0,0,0,2,0.3970588147640228,test,0.2428763508796692,65,9
paintings_vanDyck22.jpg,43,26,4,15,1,0,0,0,1,0.3088235259056091,test,0.2880148291587829,43,4
paintings_Constable42.jpg,37,24,8,13,1,0,0,0,1,0.6470588445663452,test,0.3254270851612091,204,7
paintings_TeniersYounger6.jpg,33,21,9,12,0,0,0,0,2,0.3088235259056091,test,0.2953169345855713,17,3
paintings_Pissarro7.jpg,34,20,9,13,2,0,0,0,2,0.720588207244873,test,0.401655375957489,200,20
paintings_Stom3.jpg,43,32,5,8,0,0,0,0,3,0.6911764740943909,test,0.2858192920684814,163,13
paintings_ElGreco11.jpg,37,22,5,13,0,0,0,0,1,0.3235294222831726,test,0.3029110431671142,22,2
paintings_FranzMarc5.jpg,43,34,4,9,1,0,0,0,1,0.5588235259056091,test,0.394357293844223,93,6
paintings_Chardin6.jpg,39,24,9,11,0,1,0,0,2,0.294117659330368,test,0.3255692720413208,16,4
paintings_Gauguin17.jpg,51,38,5,15,0,0,0,0,3,0.5441176295280457,test,0.326559454202652,157,14
paintings_vanOstade1.jpg,50,31,6,18,0,1,0,0,1,0.3235294222831726,test,0.2787993848323822,35,6
paintings_Cottet1.jpg,39,26,11,11,1,0,0,0,2,0.4852941036224365,test,0.3448821604251861,28,7
paintings_Flinck1.jpg,41,24,10,16,0,0,0,0,3,0.2352941185235977,test,0.3030416369438171,13,2
paintings_Chardin3.jpg,60,44,8,14,0,0,0,0,0,0.3823529481887817,test,0.2509852945804596,85,9
paintings_Overbeck1.jpg,47,30,6,13,1,0,0,0,1,0.5147058963775635,test,0.2134785801172256,98,12
paintings_vonMenzel3.jpg,55,36,9,14,1,1,0,0,1,0.6470588445663452,test,0.2775700390338897,106,9
paintings_Constable14.jpg,30,19,9,7,0,0,0,0,1,0.3823529481887817,test,0.3475548923015594,91,4
paintings_Kramskoi2.jpg,25,17,5,5,0,0,0,0,1,0.1617647111415863,test,0.3603960573673248,10,3
paintings_Steen1.jpg,45,29,8,11,0,1,0,0,0,0.4705882370471954,test,0.2481643110513687,111,15
paintings_BenjaminWest15.jpg,41,23,4,15,1,0,0,0,1,0.5147058963775635,test,0.2815452218055725,54,9
paintings_Jordaens1.jpg,50,33,5,14,1,0,0,0,2,0.5,test,0.2419750988483429,76,12
paintings_Lely5.jpg,44,27,4,14,1,0,0,1,2,0.4411764740943908,test,0.3061748147010803,40,7
paintings_Bernard2.jpg,51,31,7,20,0,0,0,0,3,0.4852941036224365,test,0.315484881401062,169,10
paintings_Griffier2.jpg,33,23,6,8,0,0,0,0,1,0.4852941036224365,test,0.2921013832092285,124,20
paintings_Saenredam4.jpg,35,23,7,8,0,0,0,0,2,0.3676470518112182,test,0.3553305864334106,92,7
paintings_vanCalraet1.jpg,38,27,6,9,0,0,0,0,2,0.4705882370471954,test,0.2506352663040161,93,12
paintings_Caillebotte3.jpg,19,14,3,4,0,0,0,0,1,0.3970588147640228,test,0.6284263134002686,38,3
paintings_Durer4.jpg,44,28,7,16,0,1,0,0,3,0.3382352888584137,test,0.2826540768146515,74,4
paintings_vanDyck1.jpg,33,18,9,12,0,0,0,0,1,0.4264705777168274,test,0.3633322417736053,29,4
paintings_Constable25.jpg,29,20,6,12,0,0,0,0,1,0.5147058963775635,test,0.4022471606731415,130,4
paintings_Nonell6.jpg,25,18,3,10,1,0,0,0,2,0.3235294222831726,test,0.3481839299201965,11,1
paintings_Ingres2.jpg,35,20,5,14,0,0,0,0,3,0.25,test,0.2976338863372803,34,3
paintings_Titian9.jpg,31,14,5,12,1,0,0,0,0,0.3676470518112182,test,0.3225940465927124,27,4
paintings_vanLoo1.jpg,55,39,5,13,0,1,0,0,2,0.4411764740943908,test,0.2555822432041168,108,8
paintings_Bruegel6.jpg,57,34,10,12,1,1,0,0,0,0.7352941036224365,test,0.2661071419715881,325,57
paintings_vandeVeldeYounger1.jpg,43,29,7,14,0,0,0,0,1,0.5147058963775635,test,0.277600884437561,120,18
paintings_Rousseau4.jpg,53,38,7,13,0,1,0,0,1,0.4705882370471954,test,0.222660481929779,164,9
paintings_Tintoretto11.jpg,43,23,6,12,0,1,1,0,1,0.6323529481887817,test,0.2757050395011902,185,23
paintings_Vernet1.jpg,48,28,10,18,0,0,0,0,4,0.6176470518112183,test,0.278993546962738,116,21
paintings_Reynolds15.jpg,40,26,9,12,0,0,0,0,1,0.4558823406696319,test,0.2537828385829925,35,4
paintings_Wyck2.jpg,33,22,10,7,0,0,0,0,1,0.5,test,0.360025018453598,146,14
paintings_Poussin8.jpg,40,22,11,14,0,0,0,0,0,0.6617646813392639,test,0.2427327334880828,166,23
paintings_Fetti1.jpg,41,20,9,16,2,0,0,0,3,0.4117647111415863,test,0.2595672905445099,40,3
paintings_Romanelli1.jpg,43,29,4,10,0,1,0,0,2,0.5588235259056091,test,0.2428381592035293,137,12
paintings_Brouwer1.jpg,51,35,8,13,0,0,0,0,2,0.6029411554336548,test,0.2332996577024459,138,22
paintings_Boel2.jpg,33,22,6,15,1,0,0,0,2,0.3088235259056091,test,0.3632415533065796,6,1
paintings_VanGogh5.jpg,25,18,4,8,0,0,0,0,1,0.5147058963775635,test,0.4736727178096771,98,2
paintings_Rembrandt28.jpg,38,24,7,10,1,1,0,0,1,0.5147058963775635,test,0.3014840483665466,94,10
paintings_Castagneto1.jpg,44,24,10,12,4,0,0,0,2,0.3970588147640228,test,0.3066080510616302,101,8
paintings_Monet22.jpg,24,16,4,8,0,0,0,0,1,0.4852941036224365,test,0.4613793492317199,75,3
paintings_Goya9.jpg,50,27,6,16,1,1,0,0,1,0.3970588147640228,test,0.2588836550712585,56,5
paintings_Steen13.jpg,41,25,9,11,0,1,0,0,1,0.75,test,0.1958326548337936,227,33
paintings_Courbet1.jpg,35,22,6,11,0,1,0,0,0,0.6323529481887817,test,0.3492043614387512,216,4
paintings_Renoir3.jpg,22,14,5,10,1,0,0,0,0,0.5,test,0.5113563537597656,55,1
paintings_Dou1.jpg,58,43,7,13,0,0,0,0,2,0.5147058963775635,test,0.2468126714229583,107,13
paintings_Gauguin18.jpg,34,21,7,11,1,0,0,0,2,0.5,test,0.3926873803138733,126,9
paintings_Saenredam7.jpg,42,27,8,9,0,1,0,0,1,0.5,test,0.3442087769508362,143,10
paintings_Renoir18.jpg,38,24,5,14,1,0,0,0,2,0.5,test,0.2386218458414077,59,7
paintings_Goya10.jpg,51,34,7,18,1,0,0,1,0,0.3235294222831726,test,0.2790119349956512,54,7
paintings_Constable22.jpg,29,21,6,8,0,0,0,0,2,0.4558823406696319,test,0.3786005079746246,77,5
paintings_vanDyck13.jpg,33,24,2,9,0,0,0,0,1,0.2794117629528045,test,0.3371110558509826,29,4
paintings_Pissarro3.jpg,53,38,3,14,0,0,0,0,4,0.4264705777168274,test,0.3071702420711517,61,9
paintings_Malharro3.jpg,29,21,6,7,0,0,0,0,2,0.4852941036224365,test,0.3911325335502624,73,3
paintings_BenjaminWest14.jpg,49,27,7,18,0,1,0,0,1,0.5147058963775635,test,0.2094317525625229,116,12
paintings_Drost1.jpg,35,20,7,13,0,0,0,0,1,0.25,test,0.2824634313583374,17,3
paintings_Arentsz1.jpg,46,28,7,12,1,1,0,0,2,0.5882353186607361,test,0.1808982938528061,190,25
paintings_Eakins4.jpg,34,16,8,13,1,1,0,0,1,0.3382352888584137,test,0.3029646575450897,33,7
paintings_ElGreco9.jpg,40,23,9,10,0,0,0,0,2,0.4264705777168274,test,0.2750113904476166,31,8
paintings_Cezanne23.jpg,40,26,7,10,0,0,0,0,0,0.4117647111415863,test,0.3480578958988189,64,8
paintings_Reynolds14.jpg,48,29,8,16,0,0,0,0,2,0.294117659330368,test,0.2240702956914901,33,4
paintings_Homer7.jpg,44,23,10,14,3,1,0,0,0,0.4558823406696319,test,0.2111780047416687,89,6
paintings_vanLoo2.jpg,44,26,7,14,0,0,0,0,1,0.3529411852359772,test,0.322754830121994,50,5
paintings_Redon1.jpg,45,32,13,17,0,0,0,0,3,0.5,test,0.2995037138462066,99,8
paintings_Saenredam1.jpg,25,15,4,9,0,0,0,0,0,0.529411792755127,test,0.5055242776870728,142,5
paintings_Velazquez4.jpg,22,11,5,8,0,1,0,0,1,0.147058829665184,test,0.3514131307601928,11,2
paintings_Bruegel5.jpg,58,36,9,21,1,0,0,0,1,0.8382353186607361,test,0.2510222196578979,422,32
paintings_Manet5.jpg,41,29,6,14,0,1,0,0,0,0.25,test,0.2514814734458923,24,3
paintings_Tintoretto16.jpg,38,26,5,9,1,0,0,0,1,0.529411792755127,test,0.3175959587097168,63,8
paintings_Pissarro17.jpg,21,17,3,6,0,0,0,0,1,0.5441176295280457,test,0.5020512938499451,86,5
paintings_Boucher3.jpg,39,25,4,15,1,0,0,0,1,0.5,test,0.2887362241744995,111,9
paintings_Leyster3.jpg,42,27,7,10,1,0,0,0,0,0.4705882370471954,test,0.2960861027240753,63,7
paintings_Jeaurat1.jpg,49,31,7,14,0,1,0,0,2,0.5147058963775635,test,0.255591481924057,121,10
paintings_Barry1.jpg,38,31,4,9,0,1,0,0,1,0.5,test,0.243837222456932,73,8
paintings_Reynolds6.jpg,45,28,8,10,0,1,0,0,2,0.529411792755127,test,0.2556621730327606,88,11
paintings_Rembrandt18.jpg,28,19,4,11,0,0,0,0,2,0.2352941185235977,test,0.3272210955619812,21,2
paintings_Frieseke3.jpg,56,40,7,14,0,0,0,0,2,0.4558823406696319,test,0.3216852247714996,83,14
paintings_Wyck3.jpg,39,26,8,10,0,1,0,0,2,0.5441176295280457,test,0.2371655702590942,94,19
paintings_Rubens5.jpg,50,37,8,15,1,0,0,0,1,0.529411792755127,test,0.2681731283664703,60,10
paintings_Lastman2.jpg,42,29,6,10,1,1,0,0,1,0.8235294222831726,test,0.2423456907272339,312,29
paintings_Cuyp4.jpg,33,23,9,8,0,0,0,0,1,0.4705882370471954,test,0.3093013763427734,54,11
paintings_delPiombo4.jpg,33,20,5,13,0,0,0,0,1,0.2794117629528045,test,0.3179473876953125,19,3
paintings_VanGogh3.jpg,24,19,5,8,0,0,0,0,1,0.4117647111415863,test,0.4245671331882477,95,4
paintings_deHeem1.jpg,27,17,6,14,0,0,0,0,1,0.6470588445663452,test,0.426730215549469,181,3
paintings_Veronese2.jpg,43,26,6,14,1,1,0,0,3,0.529411792755127,test,0.2795116901397705,104,10
paintings_Catena2.jpg,43,26,6,14,1,1,0,0,2,0.2647058963775635,test,0.3373073935508728,31,3
paintings_Degas11.jpg,52,41,5,9,0,0,0,0,2,0.4558823406696319,test,0.2742093503475189,72,5
paintings_Copley8.jpg,42,26,5,17,0,0,0,1,0,0.3529411852359772,test,0.3059552013874054,41,7
paintings_Delaroche2.jpg,42,29,5,11,0,0,0,0,1,0.3823529481887817,test,0.2825125455856323,39,4
paintings_Constable32.jpg,25,18,8,7,0,0,0,0,2,0.4705882370471954,test,0.4533668458461761,39,5
paintings_Bocklin1.jpg,48,33,8,11,0,0,0,0,1,0.4117647111415863,test,0.2903604209423065,41,5
paintings_dHondecoeter1.jpg,48,31,8,12,1,1,0,0,0,0.6323529481887817,test,0.3400664031505584,130,19
paintings_Cossiers1.jpg,42,25,8,13,1,0,0,0,0,0.2352941185235977,test,0.2735184729099273,12,1
paintings_Poussin9.jpg,51,30,12,10,0,1,0,0,1,0.8088235259056091,test,0.205215722322464,236,23
paintings_Poussin10.jpg,41,29,8,10,1,0,0,0,1,0.5882353186607361,test,0.3451513648033142,157,17
paintings_Delacroix7.jpg,29,21,10,10,0,1,0,0,2,0.4558823406696319,test,0.3561184704303741,37,3
paintings_Monet14.jpg,41,26,4,12,1,0,0,0,2,0.4705882370471954,test,0.3312928676605224,155,10
paintings_FranzMarc2.jpg,43,29,7,12,0,1,0,0,0,0.6617646813392639,test,0.3286210596561432,153,7
paintings_Guercino5.jpg,53,39,10,12,0,1,0,0,2,0.3382352888584137,test,0.2767021059989929,66,4
paintings_Murillo4.jpg,47,33,6,12,0,1,0,0,1,0.3382352888584137,test,0.2876282334327698,33,5
paintings_Kramskoi1.jpg,49,31,9,15,1,0,0,0,1,0.3676470518112182,test,0.2343773692846298,146,4
paintings_vonMenzel4.jpg,49,29,8,13,0,1,0,0,2,0.8823529481887817,test,0.2203304320573806,306,45
paintings_vanHeemskerck1.jpg,48,34,7,11,0,1,0,0,1,0.2794117629528045,test,0.2873561680316925,27,3
paintings_Segantini1.jpg,49,29,9,16,0,1,1,0,2,0.5588235259056091,test,0.2460962980985641,145,15
paintings_deHooch3.jpg,44,32,7,9,0,1,0,0,1,0.5,test,0.2530407905578613,107,12
paintings_Lotto1.jpg,51,33,4,16,0,0,1,0,3,0.5,test,0.256513237953186,87,8
paintings_Tropinin2.jpg,34,26,3,13,0,0,0,0,0,0.4117647111415863,test,0.3238258063793182,67,10
paintings_Holbein6.jpg,47,32,7,15,0,1,0,0,3,0.3823529481887817,test,0.2819728851318359,75,4
paintings_Tiepolo5.jpg,56,37,6,14,0,1,0,0,3,0.7058823704719543,test,0.2549124956130981,221,28
paintings_Khnopff1.jpg,52,37,7,7,1,1,0,0,5,0.4705882370471954,test,0.2470410466194152,71,6
paintings_Miranda1.jpg,41,24,5,11,0,1,0,0,3,0.5147058963775635,test,0.2397953271865844,78,9
paintings_Cezanne17.jpg,44,30,9,12,4,1,0,0,0,0.4558823406696319,test,0.3830842971801758,76,12
paintings_Altdorfer 1.jpg,40,30,4,9,0,0,0,0,1,0.6323529481887817,test,0.2458476424217224,116,14
paintings_vanDyck4.jpg,39,25,8,13,0,0,0,0,0,0.294117659330368,test,0.2713344693183899,32,3
paintings_Backer1.jpg,40,22,6,14,0,1,0,0,0,0.4558823406696319,test,0.2592100203037262,80,7
paintings_Courbet11.jpg,45,33,5,9,0,0,0,0,2,0.7647058963775635,test,0.245437815785408,176,35
paintings_Garbieri1.jpg,50,29,10,13,1,1,0,0,2,0.5588235259056091,test,0.2413074672222137,97,8
paintings_Pollard5.jpg,39,24,5,13,0,0,0,0,0,0.7647058963775635,test,0.2921540439128876,273,33
paintings_Coques1.jpg,37,22,5,9,1,1,0,0,2,0.5,test,0.303714394569397,151,16
paintings_Borch2.jpg,43,28,5,10,0,1,0,0,0,0.4705882370471954,test,0.2402736097574234,90,11
paintings_Corinth2.jpg,38,21,8,15,0,0,0,0,4,0.6323529481887817,test,0.3110180795192718,100,8
paintings_Moreau1.jpg,38,26,9,9,0,1,0,0,2,0.5441176295280457,test,0.2283154278993606,69,7
paintings_Renoir1.jpg,42,32,6,13,0,1,0,0,2,0.4558823406696319,test,0.3022831976413727,86,18
paintings_Vouet1.jpg,49,31,5,14,1,1,0,0,1,0.5882353186607361,test,0.2236681878566742,116,10
paintings_Cortona2.jpg,42,25,8,15,1,0,0,0,1,0.3529411852359772,test,0.304785281419754,34,3
paintings_Eakins1.jpg,46,27,9,15,0,0,0,0,1,0.6029411554336548,test,0.2261651307344436,212,31
paintings_Rubens3.jpg,56,41,6,13,0,0,0,0,1,0.5147058963775635,test,0.2768639922142029,87,9
paintings_Goltzius1.jpg,44,27,6,14,1,0,0,0,1,0.4852941036224365,test,0.2048698514699936,105,10
paintings_Gainsborough2.jpg,36,26,7,10,1,0,0,0,2,0.4852941036224365,test,0.3173417448997497,77,6
paintings_delPiombo1.jpg,55,41,4,16,0,0,0,0,3,0.4117647111415863,test,0.2628568410873413,75,12
paintings_DavidFriedrich2.jpg,42,24,9,12,1,1,0,0,2,0.4411764740943908,test,0.2620232999324798,41,5
paintings_Nuvolone1.jpg,35,20,10,14,0,0,0,0,1,0.5,test,0.3185794651508331,35,6
paintings_Monet13.jpg,36,26,5,9,0,0,0,0,4,0.4852941036224365,test,0.3244611620903015,104,8
paintings_Rusinol10.jpg,40,27,6,13,2,1,0,0,1,0.3823529481887817,test,0.244198739528656,99,8
paintings_Carracci1.jpg,27,16,4,11,0,1,0,0,2,0.2205882370471954,test,0.3307137191295624,29,2
paintings_Gerstl4.jpg,21,10,3,12,1,0,0,0,2,0.5,test,0.4832004308700561,79,5
paintings_Spranger1.jpg,44,34,5,11,0,0,0,0,2,0.6029411554336548,test,0.2723169922828674,89,8
paintings_Gauguin1.jpg,52,41,7,13,0,0,0,0,4,0.4852941036224365,test,0.3842440545558929,176,18
paintings_Tintoretto6.jpg,47,29,8,15,2,1,1,0,2,0.6470588445663452,test,0.2304704487323761,125,14
paintings_Surikov1.jpg,51,28,10,15,0,1,0,0,3,0.8823529481887817,test,0.2035392373800277,279,26
paintings_Trumbull1.jpg,55,35,9,13,1,0,0,0,1,0.4558823406696319,test,0.2302507162094116,55,10
paintings_Skreta1.jpg,48,29,7,14,0,1,0,0,2,0.7058823704719543,test,0.2642272114753723,167,22
paintings_Durand2.jpg,34,19,8,12,0,0,0,0,3,0.6029411554336548,test,0.3625381290912628,86,7
paintings_Soest1.jpg,38,26,6,12,1,0,0,0,1,0.2794117629528045,test,0.2891335189342499,27,3
paintings_Gelder1.jpg,46,26,9,11,1,1,0,0,2,0.5147058963775635,test,0.2502669394016266,83,17
paintings_Perov1.jpg,34,23,6,13,0,0,0,0,1,0.25,test,0.3107244372367859,16,3
paintings_Millet4.jpg,44,30,6,13,0,1,0,0,3,0.3529411852359772,test,0.2111811488866806,39,4
paintings_Cesari1.jpg,48,33,9,11,0,1,0,0,1,0.4264705777168274,test,0.2624284029006958,47,4
paintings_Constable46.jpg,31,20,8,9,0,1,0,0,0,0.529411792755127,test,0.3888851106166839,166,4
paintings_VanGogh4.jpg,46,33,5,13,0,1,0,0,2,0.4852941036224365,test,0.3216491043567657,162,5
paintings_vanDyck6.jpg,44,26,5,14,1,0,0,0,1,0.4705882370471954,test,0.261978805065155,63,7
paintings_Boselli1.jpg,34,24,4,14,2,0,0,0,2,0.3970588147640228,test,0.3604031205177307,21,1
paintings_ToulouseLautrec1.jpg,56,30,11,14,1,0,0,0,3,0.4705882370471954,test,0.252822607755661,79,9
paintings_Kiprensky2.jpg,33,22,3,11,1,0,0,0,2,0.2794117629528045,test,0.3146926164627075,33,4
paintings_Ruokokoski2.jpg,33,18,5,13,0,0,0,0,4,0.2205882370471954,test,0.3129718899726867,14,2
paintings_Rembrandt7.jpg,31,16,10,10,0,0,0,0,1,0.4411764740943908,test,0.3738542199134826,68,11
paintings_Bordone1.jpg,42,27,5,13,2,2,0,0,2,0.2794117629528045,test,0.2740819752216339,30,3
paintings_Forte1.jpg,44,29,7,15,0,0,0,1,1,0.5882353186607361,test,0.3719840049743652,244,13
paintings_Skovgaard1.jpg,38,28,7,8,0,0,0,0,1,0.5441176295280457,test,0.3232440054416656,62,11
paintings_Reynolds8.jpg,29,20,8,9,0,1,0,0,1,0.4117647111415863,test,0.2793455123901367,63,6
paintings_Monet2.jpg,36,24,9,9,0,0,0,0,1,0.4411764740943908,test,0.3551130592823028,79,7
paintings_vandeVenne2.jpg,44,25,9,15,0,0,0,0,1,0.6911764740943909,test,0.2977128028869629,179,15
paintings_Savrasov1.jpg,36,24,8,11,0,0,0,0,1,0.5,test,0.3523944914340973,107,19
paintings_Monet21.jpg,24,15,5,9,0,0,0,0,2,0.294117659330368,test,0.4792059361934662,49,3
paintings_Griffier1.jpg,31,21,9,8,0,0,0,0,2,0.6323529481887817,test,0.2970626056194305,244,27
paintings_Hassam3.jpg,25,13,5,11,0,0,0,0,1,0.4705882370471954,test,0.4420067369937897,28,3
paintings_Malharro2.jpg,32,19,8,10,1,0,0,0,2,0.4852941036224365,test,0.4794040024280548,123,5
paintings_VigeeLebrun2.jpg,51,33,5,15,0,1,0,0,1,0.4264705777168274,test,0.2376560717821121,78,10
paintings_Cezanne29.jpg,43,30,8,11,1,0,0,0,4,0.5147058963775635,test,0.3528441488742828,116,5
paintings_Corvi1.jpg,39,20,6,14,2,1,0,0,0,0.5735294222831726,test,0.2370253205299377,144,19
paintings_Pissarro1.jpg,36,25,6,5,1,1,0,0,4,0.4558823406696319,test,0.2768076062202453,68,5
paintings_Tintoretto10.jpg,36,21,6,12,0,1,0,0,2,0.3529411852359772,test,0.3199613988399505,30,2
paintings_Fetti2.jpg,39,28,10,13,1,1,0,0,1,0.5588235259056091,test,0.2335050851106643,81,10
paintings_Pissarro5.jpg,43,30,10,9,0,0,0,0,2,0.720588207244873,test,0.3074620366096496,239,15
paintings_VanGogh14.jpg,29,14,5,13,0,0,0,0,3,0.3235294222831726,test,0.341688722372055,14,2
paintings_Poussin1.jpg,48,33,7,17,0,1,0,0,1,0.5147058963775635,test,0.2912299335002899,173,10
paintings_Cezanne5.jpg,39,31,5,9,0,0,0,0,2,0.5147058963775635,test,0.3890489935874939,107,8
paintings_McTaggart1.jpg,46,30,5,15,0,0,0,0,2,0.4705882370471954,test,0.2499939650297165,154,11
paintings_Reynolds12.jpg,47,27,6,14,1,0,0,0,2,0.4705882370471954,test,0.258076399564743,90,12
paintings_vanBeijeren1.jpg,64,50,6,16,0,0,0,0,1,0.529411792755127,test,0.2981427609920501,92,12
paintings_Gonzales1.jpg,36,24,8,9,0,1,0,0,1,0.5,test,0.2739417850971222,115,8
paintings_Cesari2.jpg,45,33,8,12,0,0,0,0,0,0.5735294222831726,test,0.236306756734848,116,14
paintings_Koninck1.jpg,51,34,6,15,0,1,0,0,0,0.4264705777168274,test,0.2122887670993805,72,12
paintings_Lotto3.jpg,42,30,7,11,0,0,0,0,1,0.3970588147640228,test,0.330345869064331,68,4
paintings_Lely4.jpg,42,28,5,11,0,0,0,0,2,0.3676470518112182,test,0.2991293668746948,38,5
paintings_Rembrandt2.jpg,40,24,7,13,0,0,0,0,2,0.1911764740943908,test,0.2681470215320587,14,3
paintings_Millet7.jpg,46,26,8,15,1,0,0,0,2,0.3382352888584137,test,0.2089343965053558,47,5
paintings_Bronzino4.jpg,30,16,8,8,0,0,0,0,2,0.5147058963775635,test,0.2881778180599212,88,10
paintings_Degas18.jpg,58,35,10,17,0,0,0,0,3,0.3676470518112182,test,0.2390887141227722,67,6
paintings_MerrittChase7.jpg,51,35,7,14,1,1,0,0,1,0.6029411554336548,test,0.2534704208374023,209,20
paintings_Poussin11.jpg,48,32,8,15,0,0,0,0,1,0.75,test,0.242298886179924,226,34
paintings_LouisDavid5.jpg,46,29,7,9,1,1,0,0,2,0.6470588445663452,test,0.2434117197990417,170,21
paintings_Durer1.jpg,26,14,6,10,0,1,0,0,2,0.294117659330368,test,0.3070539236068725,16,2
paintings_Bryullov2.jpg,45,32,5,11,0,1,0,0,0,0.4117647111415863,test,0.2609520554542541,84,11
paintings_vanDyck8.jpg,34,21,6,9,0,0,0,0,1,0.6617646813392639,test,0.2827542126178741,128,9
paintings_Rembrandt38.jpg,42,23,9,11,1,1,0,0,2,0.3529411852359772,test,0.2769471406936645,26,5
paintings_CamilleCorot2.jpg,30,19,9,4,1,0,0,0,1,0.4852941036224365,test,0.457022488117218,74,9
paintings_Holbein3.jpg,38,27,3,11,0,1,0,0,1,0.3235294222831726,test,0.3128496706485748,78,5
paintings_Veronese5.jpg,43,33,6,6,0,1,0,0,2,0.5441176295280457,test,0.3210863471031189,129,12
paintings_Cezanne15.jpg,42,31,5,6,0,1,0,0,2,0.4558823406696319,test,0.3725207149982452,53,4
paintings_Copley1.jpg,46,32,5,12,0,0,0,0,0,0.4852941036224365,test,0.2699053287506103,89,12
paintings_Steen6.jpg,47,27,8,13,0,0,0,0,1,0.4264705777168274,test,0.2643733918666839,52,8
paintings_vanSchooten1.jpg,38,29,7,9,0,1,0,0,1,0.529411792755127,test,0.4237390756607055,120,17
paintings_Borch4.jpg,52,32,11,14,2,0,0,0,2,0.4558823406696319,test,0.2489785999059677,85,10
paintings_Gennari1.jpg,40,25,7,13,0,0,0,0,1,0.3529411852359772,test,0.2976719439029693,36,4
paintings_BenjaminWest2.jpg,49,29,9,16,0,0,0,0,2,0.4264705777168274,test,0.2692952156066894,55,5
paintings_Constable30.jpg,35,20,10,11,3,0,0,0,1,0.4705882370471954,test,0.317213237285614,131,7
paintings_Constable11.jpg,25,16,5,8,0,0,0,0,1,0.5882353186607361,test,0.4573398232460022,68,6
paintings_vonBecker2.jpg,55,40,7,12,0,1,0,0,0,0.3676470518112182,test,0.3092181980609894,80,14
paintings_VanGogh17.jpg,31,21,10,8,0,0,0,0,1,0.5,test,0.3584280014038086,117,4
paintings_Rembrandt10.jpg,44,25,7,18,0,0,0,0,2,0.25,test,0.2379099577665329,28,6
paintings_Cezanne7.jpg,42,29,4,16,0,0,0,0,1,0.4852941036224365,test,0.371807336807251,65,2
paintings_Metsu2.jpg,44,29,7,14,0,1,0,0,2,0.4852941036224365,test,0.2784976363182068,64,9
paintings_Laroon4.jpg,37,18,6,12,1,1,0,0,1,0.4264705777168274,test,0.2542479932308197,52,4
paintings_Gauguin21.jpg,51,40,5,10,0,0,0,0,0,0.6470588445663452,test,0.2479883879423141,227,21
paintings_Renoir26.jpg,41,25,8,12,1,0,0,0,0,0.4117647111415863,test,0.2987439334392547,81,10
paintings_Paolini1.jpg,35,20,7,8,2,0,0,0,0,0.4705882370471954,test,0.2919358909130096,67,5
paintings_Murillo6.jpg,48,27,8,14,0,1,0,0,2,0.4852941036224365,test,0.2535359263420105,85,12
paintings_Watts2.jpg,43,29,9,12,1,1,0,0,2,0.3382352888584137,test,0.2657371163368225,37,3
paintings_Maes2.jpg,38,26,4,12,0,0,0,0,0,0.2058823555707931,test,0.2887296676635742,29,2
paintings_Rembrandt42.jpg,41,27,4,12,2,0,0,0,2,0.294117659330368,test,0.250124841928482,17,2
paintings_Durand1.jpg,20,13,5,5,1,0,0,0,1,0.529411792755127,test,0.4721003174781799,119,6
paintings_Gauguin23.jpg,52,37,6,11,1,2,0,1,1,0.5588235259056091,test,0.244533970952034,145,12
paintings_VanGogh23.jpg,35,23,7,10,0,0,0,0,1,0.529411792755127,test,0.3576940894126892,138,8
paintings_Malmstrom1.jpg,24,14,6,9,1,0,0,0,1,0.4117647111415863,test,0.4441680908203125,51,4
paintings_Gainsborough4.jpg,48,30,9,12,1,0,0,0,1,0.5147058963775635,test,0.2534909844398498,78,8
paintings_Vasari2.jpg,38,22,6,13,0,0,0,0,2,0.6176470518112183,test,0.2689400911331177,101,8
paintings_Manet1.jpg,37,25,6,8,0,1,0,0,2,0.2352941185235977,test,0.3478638827800751,24,4
paintings_FranckenYounger1.jpg,49,34,8,12,0,1,0,0,2,0.75,test,0.2796875238418579,186,18
paintings_Ruysch1.jpg,45,29,11,14,0,1,0,0,1,0.6323529481887817,test,0.3841737806797027,121,4
paintings_Rusinol11.jpg,48,33,7,13,0,0,0,0,3,0.5,test,0.3336578607559204,114,8
paintings_Pynacker2.jpg,45,25,10,14,0,1,0,0,2,0.529411792755127,test,0.247397243976593,71,16
paintings_deHooch4.jpg,50,33,7,14,0,1,0,0,1,0.4852941036224365,test,0.2607677280902862,137,12
paintings_Cassatt6.jpg,39,28,8,8,0,1,0,0,2,0.4705882370471954,test,0.2863096892833709,141,9
paintings_Sanzio1.jpg,43,34,6,10,0,0,0,0,2,0.4852941036224365,test,0.2263766825199127,119,7
paintings_Pellegrini1.jpg,51,31,6,16,1,1,0,0,1,0.4705882370471954,test,0.2220150530338287,54,5
paintings_Rembrandt1.jpg,35,18,8,13,3,0,0,0,3,0.1911764740943908,test,0.4014788866043091,8,2
paintings_Breenbergh1.jpg,48,29,14,12,0,0,0,0,2,0.6764705777168274,test,0.2922834753990173,233,17
paintings_daCaravaggio1.jpg,36,22,6,7,0,1,0,0,1,0.7352941036224365,test,0.3045687079429626,143,17
paintings_Bazille2.jpg,52,36,8,16,0,1,0,0,1,0.4852941036224365,test,0.2463663965463638,126,5
paintings_Ziem3.jpg,30,22,4,10,0,0,0,0,1,0.4264705777168274,test,0.3508690595626831,59,16
paintings_Zoffany3.jpg,34,19,5,11,1,1,0,0,1,0.5882353186607361,test,0.2565204203128814,134,14
paintings_Pissarro14.jpg,44,27,9,12,1,0,0,0,2,0.4705882370471954,test,0.3183424770832062,104,12
paintings_Courbet8.jpg,50,29,11,17,0,0,0,0,2,0.3970588147640228,test,0.2523343861103058,47,6
paintings_Hals6.jpg,35,23,4,10,0,1,0,0,2,0.1764705926179886,test,0.3198921978473663,18,3
paintings_Rigaud6.jpg,43,30,6,11,0,0,0,0,1,0.3676470518112182,test,0.3057749569416046,35,6
paintings_Coques2.jpg,41,27,6,10,0,1,0,0,1,0.4705882370471954,test,0.3143892884254455,96,8
paintings_Courbet16.jpg,26,13,5,10,0,0,0,0,1,0.5588235259056091,test,0.4306759834289551,52,3
paintings_Jongkind2.jpg,38,24,12,8,0,0,0,0,2,0.5588235259056091,test,0.2536292374134063,101,11
paintings_Saenredam2.jpg,42,26,6,10,1,0,0,0,2,0.5735294222831726,test,0.4156127870082855,110,5
paintings_Battista5.jpg,55,40,9,13,0,0,0,0,1,0.3529411852359772,test,0.2663010954856872,75,4
paintings_Coello1.jpg,49,34,6,13,0,1,0,0,2,0.3823529481887817,test,0.2659154832363128,49,8
paintings_Kalf2.jpg,45,29,2,16,1,0,0,0,1,0.4117647111415863,test,0.4088448286056518,53,7
paintings_Caravaggio3.jpg,52,31,9,16,0,0,0,0,1,0.3970588147640228,test,0.2748081386089325,49,7
paintings_Aalto2.jpg,31,19,9,11,1,0,0,0,0,0.4117647111415863,test,0.3249885439872741,161,4
paintings_vonSandrart1.jpg,53,35,6,12,1,1,0,0,0,0.5147058963775635,test,0.2394846379756927,102,8
paintings_vonMenzel8.jpg,32,23,8,9,0,0,0,0,1,0.4852941036224365,test,0.3898728489875793,87,7
paintings_Reni5.jpg,37,23,6,9,0,0,0,0,1,0.4117647111415863,test,0.3574929237365722,37,3
paintings_Munnichhoven1.jpg,43,28,7,13,1,0,0,0,0,0.4411764740943908,test,0.2863787114620209,89,3
paintings_Monet24.jpg,36,18,11,12,0,0,0,0,4,0.3970588147640228,test,0.2985595166683197,35,5
paintings_Eakins2.jpg,48,30,7,19,0,1,0,0,2,0.4264705777168274,test,0.2161096930503845,103,11
paintings_Wyck1.jpg,37,21,10,10,0,1,0,0,1,0.4852941036224365,test,0.2737261056900024,110,24
paintings_Gruelle1.jpg,33,24,6,10,0,0,0,0,1,0.4264705777168274,test,0.3443443179130554,63,8
paintings_vonMenzel7.jpg,31,23,9,9,0,0,0,0,1,0.4705882370471954,test,0.3926657438278198,99,8
paintings_Procaccini1.jpg,36,22,6,8,0,1,0,0,1,0.6176470518112183,test,0.3352390825748443,80,10
paintings_VigeeLebrun1.jpg,47,29,6,15,2,0,0,0,0,0.4264705777168274,test,0.2495432645082473,51,5
paintings_Pissarro20.jpg,38,28,10,8,2,0,0,0,3,0.3088235259056091,test,0.333085834980011,38,10
paintings_Zurbaran8.jpg,44,28,4,16,0,0,0,0,1,0.3382352888584137,test,0.2863959372043609,36,4
paintings_Courbet5.jpg,42,30,5,14,0,0,0,0,1,0.4558823406696319,test,0.3737289607524872,100,10
paintings_Boudin5.jpg,40,25,8,12,0,1,0,0,0,0.6764705777168274,test,0.1955364197492599,137,33
paintings_Malharro4.jpg,35,21,9,10,1,0,0,0,3,0.5147058963775635,test,0.3849642276763916,113,6
paintings_Titian13.jpg,51,30,8,17,0,0,0,0,2,0.4558823406696319,test,0.2867857813835144,70,9
paintings_Rusinol6.jpg,45,28,7,12,1,1,0,0,2,0.4264705777168274,test,0.2442064136266708,87,15
paintings_Kneller1.jpg,46,38,6,8,0,1,0,0,0,0.3088235259056091,test,0.2831678390502929,43,7
paintings_deKeyser1.jpg,53,32,7,17,0,1,0,0,1,0.4264705777168274,test,0.2656651139259338,86,5
paintings_Tarbell1.jpg,37,22,6,10,0,1,0,0,4,0.3235294222831726,test,0.298445850610733,25,5
paintings_Holbein4.jpg,44,29,5,14,0,1,0,0,0,0.2352941185235977,test,0.2567658126354217,61,4
paintings_Tintoretto1.jpg,47,30,4,15,1,0,0,0,1,0.4705882370471954,test,0.2664137184619903,80,7
paintings_Bartolommeo2.jpg,47,33,8,9,0,1,0,0,0,0.5588235259056091,test,0.2811444103717804,113,11
paintings_Camprobin1.jpg,56,39,8,16,0,1,0,0,2,0.4852941036224365,test,0.2965393662452698,165,15
paintings_deFerrari1.jpg,43,26,7,10,1,1,0,0,1,0.529411792755127,test,0.2739085555076599,61,11
paintings_Repin2.jpg,50,33,7,12,0,1,0,0,1,0.5735294222831726,test,0.2023068964481353,124,15
paintings_VanGogh20.jpg,29,18,10,11,1,0,0,0,1,0.5735294222831726,test,0.4022157192230224,125,4
paintings_vanDyck19.jpg,45,34,9,13,0,0,0,0,1,0.4705882370471954,test,0.2336244881153106,45,8
paintings_Tintoretto15.jpg,42,31,6,13,1,1,0,0,1,0.6029411554336548,test,0.2419222593307495,90,13
paintings_Hassam8.jpg,31,23,6,8,0,0,0,0,2,0.4411764740943908,test,0.3632850348949432,70,4
paintings_Vermeer2.jpg,60,42,9,16,1,1,0,0,0,0.4705882370471954,test,0.2817565202713012,90,11
paintings_Millet2.jpg,37,24,8,12,0,1,0,0,3,0.4411764740943908,test,0.2648219764232635,150,7
paintings_Serov1.jpg,50,39,3,15,0,2,0,0,2,0.4705882370471954,test,0.2697436511516571,85,16
paintings_Bryullov1.jpg,51,34,9,16,2,0,1,0,2,0.4558823406696319,test,0.2061949968338012,50,9
paintings_LouisDavid3.jpg,54,30,7,15,1,1,0,0,3,0.5441176295280457,test,0.2547244131565094,178,11
paintings_Courbet12.jpg,42,25,8,11,1,0,0,0,2,0.4117647111415863,test,0.2757571339607239,30,4
paintings_Chardin2.jpg,41,24,10,15,2,1,0,0,2,0.294117659330368,test,0.3070600628852844,27,5
paintings_DavidFriedrich7.jpg,31,20,4,12,0,0,0,0,0,0.4852941036224365,test,0.4549805223941803,57,4
paintings_Hassam4.jpg,21,16,5,5,1,0,0,0,0,0.3970588147640228,test,0.5138082504272461,45,7
paintings_Borch8.jpg,52,34,9,16,1,0,0,0,3,0.4411764740943908,test,0.3031909763813019,103,10
paintings_Liebermann6.jpg,42,26,9,12,0,1,0,0,2,0.6911764740943909,test,0.2474319189786911,201,18
paintings_Cawen2.jpg,46,29,6,12,0,0,0,0,2,0.6029411554336548,test,0.2553889751434326,134,21
paintings_Canaletto8.jpg,34,23,4,9,0,0,0,0,3,0.529411792755127,test,0.3296978175640106,112,18
paintings_Nonell4.jpg,45,33,5,13,0,0,0,0,3,0.3823529481887817,test,0.2608749568462372,12,2
paintings_DavidFriedrich5.jpg,49,33,6,12,1,1,0,0,1,0.4264705777168274,test,0.3063520193099975,59,6
paintings_Eakins3.jpg,31,18,8,11,0,1,0,0,3,0.2205882370471954,test,0.271450787782669,10,3
paintings_Zoffany2.jpg,39,28,6,13,0,1,0,0,1,0.4264705777168274,test,0.2568435966968536,116,9
paintings_Titian4.jpg,42,29,6,11,0,0,0,0,3,0.2352941185235977,test,0.2427143007516861,25,3
paintings_Bazille1.jpg,47,31,9,9,1,2,0,0,2,0.720588207244873,test,0.2877190411090851,171,23
paintings_Shishkin2.jpg,32,21,6,11,0,0,0,0,3,0.4117647111415863,test,0.4425045847892761,57,4
paintings_deKeyser3.jpg,46,29,9,13,1,1,0,0,1,0.3970588147640228,test,0.2640397548675537,79,7
paintings_Mola1.jpg,40,27,6,11,0,0,0,0,1,0.5441176295280457,test,0.2853520214557647,76,9
paintings_Cezanne35.jpg,30,19,9,8,0,0,0,0,1,0.529411792755127,test,0.467749536037445,110,3
paintings_VanGogh24.jpg,56,37,10,19,0,0,0,0,2,0.4264705777168274,test,0.3216716051101684,152,6
paintings_Borch7.jpg,51,37,6,11,0,1,0,0,1,0.4852941036224365,test,0.2968471348285675,85,11
paintings_Hogarth5.jpg,37,25,5,9,1,0,0,0,1,0.5147058963775635,test,0.2108496874570846,118,15
paintings_vanVries1.jpg,52,38,9,11,0,0,0,0,3,0.5882353186607361,test,0.3135877251625061,140,18
paintings_Catena1.jpg,32,18,4,12,1,1,0,0,3,0.25,test,0.2851694226264953,42,2
paintings_Constable35.jpg,32,19,11,10,1,0,0,0,2,0.3529411852359772,test,0.2980436086654663,68,8
paintings_Aivazovsky 2.jpg,23,11,11,7,0,0,0,0,0,0.3529411852359772,test,0.383737713098526,32,5
paintings_deJongh2.jpg,41,31,7,9,1,0,0,0,2,0.4558823406696319,test,0.3280306756496429,100,8
paintings_vanLeyden1.jpg,43,27,4,11,1,1,0,0,2,0.5,test,0.3197155296802521,114,11
paintings_Zurbaran1.jpg,41,30,3,8,0,0,0,0,2,0.5147058963775635,test,0.2666819989681244,92,6
paintings_deHooch5.jpg,48,33,7,12,0,1,0,0,2,0.529411792755127,test,0.2726231813430786,128,16
paintings_Delacroix2.jpg,46,31,5,15,1,0,0,0,4,0.5735294222831726,test,0.2726617157459259,78,10
paintings_Veronese1.jpg,43,28,7,13,0,0,0,0,1,0.5147058963775635,test,0.2466989159584045,110,11
paintings_Serov3.jpg,43,33,3,11,0,0,0,0,1,0.5,test,0.3204619884490967,112,13
paintings_Rigaud2.jpg,38,25,6,8,0,1,0,0,2,0.3823529481887817,test,0.2969425022602081,68,6
paintings_Matsys1.jpg,44,26,7,14,0,1,0,0,2,0.4117647111415863,test,0.2734812498092651,61,3
paintings_vanRuysdael2.jpg,28,20,4,10,0,0,0,0,1,0.4558823406696319,test,0.2711648643016815,99,16
paintings_Monet19.jpg,60,44,7,19,0,0,0,0,1,0.4852941036224365,test,0.3651849627494812,118,22
paintings_Veronese3.jpg,50,31,10,14,1,1,0,0,0,0.5441176295280457,test,0.253291517496109,130,7
paintings_Trumbull2.jpg,24,16,3,10,0,0,0,0,2,0.147058829665184,test,0.3536836802959442,9,3
paintings_BrueghelYounger2.jpg,44,26,10,12,0,1,0,0,1,0.8088235259056091,test,0.2094196677207946,360,30
paintings_Vermeer1.jpg,44,30,4,10,0,0,0,0,2,0.5441176295280457,test,0.2904769778251648,135,12
paintings_Pontormo3.jpg,41,27,10,9,0,1,0,0,2,0.3235294222831726,test,0.2671177387237549,90,4
paintings_Cezanne24.jpg,41,31,5,11,2,0,0,0,1,0.4117647111415863,test,0.3433660864830017,55,10
paintings_Monet37.jpg,33,20,6,12,4,0,0,0,1,0.3970588147640228,test,0.3712716102600097,31,2
paintings_Reynolds13.jpg,28,14,3,11,0,0,0,0,2,0.1764705926179886,test,0.3193278312683105,28,3
paintings_Lotto4.jpg,43,26,5,15,0,2,0,0,0,0.5,test,0.2253205478191375,94,10
paintings_DavidFriedrich4.jpg,24,15,11,5,0,0,0,0,2,0.3088235259056091,test,0.4013409316539764,54,8
paintings_Bronzino2.jpg,29,17,5,9,1,1,0,0,0,0.5147058963775635,test,0.3621058762073517,69,7
paintings_Stom2.jpg,52,31,7,17,2,0,0,0,1,0.4411764740943908,test,0.2575807571411133,56,9
paintings_Durer8.jpg,36,22,9,8,0,0,0,0,4,0.294117659330368,test,0.319677472114563,22,2
paintings_Dewing1.jpg,33,19,10,11,0,0,0,0,1,0.3529411852359772,test,0.2230938374996185,37,5
paintings_BenjaminWest18.jpg,39,24,3,9,2,1,0,0,0,0.5588235259056091,test,0.2918541133403778,145,16
paintings_Rusinol4.jpg,34,21,6,9,0,0,0,0,2,0.5147058963775635,test,0.5511448383331299,79,2
paintings_Veronese10.jpg,49,33,6,13,0,0,0,0,2,0.3235294222831726,test,0.2883476018905639,53,7
paintings_Cassatt10.jpg,54,36,8,15,0,1,0,0,2,0.4852941036224365,test,0.2844971120357513,116,14
paintings_vanRuisdael7.jpg,32,20,9,12,1,0,0,0,2,0.4705882370471954,test,0.3089591562747955,98,6
paintings_vanderHeyden1.jpg,44,29,11,9,0,0,0,0,4,0.4852941036224365,test,0.2868305742740631,143,9
paintings_Twachtman1.jpg,20,12,5,8,0,0,0,0,1,0.4705882370471954,test,0.4404250085353851,83,1
paintings_Bocklin3.jpg,44,28,7,11,0,1,0,0,2,0.5147058963775635,test,0.1920166313648224,99,9
paintings_Copley6.jpg,31,18,5,13,0,0,0,0,2,0.2205882370471954,test,0.3335329592227936,17,1
paintings_Tintoretto13.jpg,41,27,6,17,0,0,0,0,3,0.5735294222831726,test,0.3110270500183105,90,10
paintings_Courbet15.jpg,35,17,6,15,0,0,0,0,2,0.4852941036224365,test,0.3282181322574615,41,5
paintings_Goya2.jpg,47,33,5,16,0,0,0,0,1,0.294117659330368,test,0.2756873667240143,61,11
paintings_ElGreco1.jpg,33,22,2,10,0,1,0,0,2,0.4558823406696319,test,0.2750018537044525,53,9
paintings_van Baburen2.jpg,35,20,6,10,0,0,0,0,1,0.4852941036224365,test,0.3044244945049286,58,4
paintings_Constable23.jpg,21,15,4,8,0,0,0,0,1,0.2352941185235977,test,0.4803370535373688,76,2
paintings_Turner2.jpg,43,28,6,17,2,0,0,0,2,0.4558823406696319,test,0.3519605100154876,94,3
paintings_Constable4.jpg,31,19,9,11,0,0,0,0,1,0.3382352888584137,test,0.3296179473400116,65,11
paintings_Rembrandt24.jpg,37,23,5,10,0,0,0,0,3,0.3088235259056091,test,0.2441758960485458,27,3
paintings_Constable19.jpg,20,13,4,8,0,0,0,0,1,0.2352941185235977,test,0.4051585495471954,34,3
paintings_Tiepolo1.jpg,44,33,9,13,0,0,0,0,0,0.5588235259056091,test,0.2645414769649505,139,13
paintings_Stanzione1.jpg,36,23,3,12,0,0,0,1,4,0.3823529481887817,test,0.3087558448314667,32,4
paintings_Steele1.jpg,31,21,6,11,0,0,0,0,1,0.4705882370471954,test,0.4573225378990173,84,7
paintings_Cezanne34.jpg,43,28,8,14,1,0,0,0,1,0.529411792755127,test,0.3299445807933807,141,8
paintings_CamilleCorot10.jpg,32,21,11,7,1,0,0,0,1,0.4705882370471954,test,0.4287429749965668,66,6
paintings_Rousseau10.jpg,48,31,6,14,1,0,0,0,0,0.3382352888584137,test,0.2353480458259582,89,7
paintings_Preti2.jpg,36,28,5,11,0,0,0,0,2,0.4117647111415863,test,0.3099862933158874,34,6
paintings_Pollard7.jpg,49,32,10,14,1,0,0,0,1,0.529411792755127,test,0.1978483200073242,125,14
paintings_vandenEeckhout1.jpg,47,35,3,9,0,0,0,0,1,0.529411792755127,test,0.2493909448385238,132,13
paintings_Caillebotte2.jpg,45,32,7,12,0,0,0,0,3,0.5735294222831726,test,0.3641772270202636,203,3
paintings_Eakins5.jpg,32,19,11,16,1,1,0,0,2,0.3676470518112182,test,0.3628430366516113,43,3
paintings_Durer7.jpg,32,21,6,9,0,1,0,0,1,0.2205882370471954,test,0.2921731770038605,30,2
paintings_vandeVenne1.jpg,47,31,8,12,0,0,0,0,1,0.6617646813392639,test,0.2133051455020904,213,36
paintings_Constable37.jpg,14,9,4,7,1,0,0,0,1,0.1911764740943908,test,0.5512482523918152,54,1
paintings_Vermeer3.jpg,52,36,5,13,0,1,0,0,0,0.5147058963775635,test,0.2506196796894073,104,10
paintings_Vasnetsov2.jpg,47,26,9,15,0,1,0,0,1,0.4852941036224365,test,0.2887297570705414,171,10
paintings_Reynolds16.jpg,18,11,3,8,0,0,0,0,2,0.0441176481544971,test,0.3588499128818512,4,2
paintings_Cezanne3.jpg,38,24,9,12,0,0,0,0,3,0.4852941036224365,test,0.3698113560676574,72,5
paintings_Renoir30.jpg,42,27,7,14,0,0,0,0,6,0.3382352888584137,test,0.2564254403114319,23,3
paintings_Vedder1.jpg,51,34,7,16,1,0,0,0,1,0.3970588147640228,test,0.2398205548524856,50,3
paintings_Mauve2.jpg,28,14,9,11,0,0,0,0,0,0.5,test,0.3643181025981903,77,16
paintings_Rembrandt19.jpg,46,31,6,14,0,0,0,0,2,0.3823529481887817,test,0.2828485071659088,54,13
paintings_deRibera1.jpg,37,26,4,12,0,0,0,0,1,0.3382352888584137,test,0.312141090631485,30,6
paintings_Durer6.jpg,47,30,9,16,0,1,0,0,3,0.7058823704719543,test,0.2171539664268493,212,22
paintings_Manet15.jpg,26,17,9,8,0,0,0,0,1,0.5735294222831726,test,0.3986302018165588,166,6
paintings_deRibera3.jpg,34,21,6,8,0,1,0,0,1,0.5,test,0.3298064768314361,99,8
paintings_Jordaens6.jpg,38,22,10,9,0,1,0,0,1,0.6911764740943909,test,0.2419507652521133,173,22
paintings_Carracci2.jpg,48,32,6,8,1,1,0,0,3,0.7352941036224365,test,0.2001593708992004,169,21
paintings_Titian15.jpg,41,27,8,14,0,0,0,0,2,0.529411792755127,test,0.2171913385391235,52,7
paintings_Cuyp7.jpg,46,30,10,12,0,0,0,0,0,0.4705882370471954,test,0.2282605022192001,83,12
paintings_Danby3.jpg,45,31,8,12,2,0,0,0,1,0.3529411852359772,test,0.3244867920875549,67,7
paintings_Korovin1.jpg,39,23,5,18,1,0,0,0,1,0.720588207244873,test,0.4493728578090668,282,16
paintings_Poussin19.jpg,42,27,6,13,0,0,0,0,2,0.6176470518112183,test,0.2766022980213165,104,14
paintings_Rembrandt21.jpg,46,31,8,11,0,0,0,0,2,0.3088235259056091,test,0.2968189120292663,39,2
paintings_Reni3.jpg,43,28,4,10,0,0,0,0,2,0.529411792755127,test,0.2730209529399872,70,11
paintings_Bloemaert2.jpg,41,32,7,11,0,1,0,0,2,0.529411792755127,test,0.2230347990989685,132,9
paintings_Turner4.jpg,34,22,7,10,0,0,0,0,2,0.4705882370471954,test,0.3332512974739074,98,15
paintings_CamilleCorot5.jpg,53,29,10,16,0,0,0,0,2,0.3823529481887817,test,0.2487765997648239,50,4
paintings_Cuyp6.jpg,33,26,2,8,1,0,0,0,0,0.5147058963775635,test,0.38650843501091,91,20
paintings_MerrittChase5.jpg,38,23,6,14,0,0,0,0,1,0.2647058963775635,test,0.2928025722503662,57,3
paintings_Cavallino1.jpg,52,31,8,15,0,0,0,0,2,0.529411792755127,test,0.2802948653697967,88,11
paintings_Constable27.jpg,32,20,8,13,1,0,0,0,1,0.2058823555707931,test,0.3457481265068054,41,5
paintings_Rembrandt30.jpg,28,17,7,10,0,0,0,0,3,0.1764705926179886,test,0.3411096036434173,7,2
paintings_Durer11.jpg,39,23,4,12,1,0,0,0,1,0.5882353186607361,test,0.3116717636585235,89,11
paintings_Gauguin13.jpg,51,31,10,15,0,1,0,0,1,0.4852941036224365,test,0.2178172022104263,73,6
paintings_Gargiulo1.jpg,38,21,9,12,0,1,0,0,0,0.6617646813392639,test,0.2347100675106048,143,24
paintings_Gauguin16.jpg,53,34,5,14,1,1,0,0,0,0.4852941036224365,test,0.2196225225925445,154,10
paintings_GheeraertsYounger2.jpg,46,29,6,14,1,0,0,0,2,0.3382352888584137,test,0.2866813838481903,132,3
paintings_Velazquez8.jpg,52,37,3,13,0,0,0,0,1,0.5,test,0.2785883545875549,104,13
paintings_Cawen1.jpg,45,30,6,10,0,1,0,0,1,0.5,test,0.2652070224285126,92,7
paintings_deJongh3.jpg,41,29,9,10,0,1,0,0,2,0.529411792755127,test,0.2979759871959686,146,10
paintings_Rousseau2.jpg,44,31,5,13,0,0,0,0,3,0.4411764740943908,test,0.2382188141345977,120,18
paintings_Jawlensky4.jpg,36,26,5,9,0,0,0,0,1,0.3823529481887817,test,0.3921972215175628,64,4
paintings_Poussin7.jpg,52,30,6,13,2,0,0,0,2,0.5588235259056091,test,0.2221516072750091,166,14
paintings_vanOstade2.jpg,49,30,10,11,0,1,0,0,2,0.3970588147640228,test,0.2206957787275314,50,13
paintings_Koets1.jpg,49,31,8,16,2,0,0,0,2,0.5882353186607361,test,0.3381498157978058,257,6
paintings_Poussin4.jpg,46,26,10,10,1,1,0,0,1,0.5882353186607361,test,0.2396970093250274,147,15
paintings_Laroon1.jpg,32,20,4,10,0,1,0,0,0,0.5441176295280457,test,0.2600677013397217,112,19
paintings_VanGogh16.jpg,38,19,11,20,1,0,0,0,3,0.3970588147640228,test,0.3153339028358459,26,3
paintings_Avercamp2.jpg,41,24,11,15,0,0,0,0,1,0.6764705777168274,test,0.187455728650093,274,35
paintings_vanRuysdael4.jpg,44,30,8,11,1,0,0,0,2,0.4705882370471954,test,0.3042377233505249,81,9
paintings_Turner1.jpg,43,28,10,13,0,0,0,0,3,0.6764705777168274,test,0.3029394149780273,98,17
paintings_Beck1.jpg,33,26,3,7,1,0,0,0,1,0.147058829665184,test,0.2755491435527801,13,3
paintings_Velazquez5.jpg,41,31,4,6,0,0,0,0,1,0.294117659330368,test,0.2846210598945617,27,4
paintings_Gauguin22.jpg,51,42,7,12,0,0,0,0,2,0.4558823406696319,test,0.3577513992786407,108,11
paintings_Cezanne28.jpg,34,21,4,12,0,0,0,0,3,0.5441176295280457,test,0.3826115429401397,120,6
paintings_Poussin16.jpg,46,30,7,15,0,0,0,0,2,0.529411792755127,test,0.2495070397853851,98,11
paintings_Eworth1.jpg,49,32,11,14,2,1,0,0,1,0.3235294222831726,test,0.3222818076610565,52,2
paintings_Herring12.jpg,32,16,7,14,0,1,0,0,1,0.3823529481887817,test,0.2823190093040466,68,8
paintings_Sanzio5.jpg,43,29,4,12,0,0,0,0,0,0.4411764740943908,test,0.2233030050992965,136,8
paintings_Latour3.jpg,37,28,5,11,0,0,0,1,0,0.5588235259056091,test,0.3808282911777496,108,14
paintings_Herring7.jpg,37,24,7,11,1,1,0,0,0,0.4558823406696319,test,0.2631138563156128,99,6
paintings_vanDyck12.jpg,46,27,8,14,3,0,0,0,1,0.3088235259056091,test,0.2541526556015014,41,5
paintings_Canaletto5.jpg,40,29,8,12,0,0,0,0,1,0.5735294222831726,test,0.2738573849201202,215,28
paintings_Courbet4.jpg,31,18,9,11,0,0,0,0,1,0.4558823406696319,test,0.2758286595344543,117,5
paintings_Degas3.jpg,46,33,6,10,0,0,0,0,0,0.4117647111415863,test,0.2784035503864288,55,6
paintings_Dujardin2.jpg,50,31,11,14,1,1,0,0,2,0.6323529481887817,test,0.2511685788631439,109,13
paintings_Snyders1.jpg,34,21,11,14,1,0,0,0,1,0.5588235259056091,test,0.3580001294612884,82,16
paintings_Manet18.jpg,51,34,8,12,0,0,0,0,2,0.3235294222831726,test,0.2540360391139984,46,9
paintings_Lely2.jpg,37,26,5,10,0,0,0,0,0,0.3529411852359772,test,0.3114809691905975,35,4
paintings_Pollard1.jpg,36,23,9,11,0,1,0,0,2,0.6029411554336548,test,0.2123975604772567,139,32
paintings_Renoir9.jpg,43,27,10,15,1,0,0,0,2,0.6029411554336548,test,0.4218292534351349,141,8
paintings_Gauguin15.jpg,56,37,7,16,1,1,0,0,2,0.5,test,0.2376970499753952,125,14
paintings_Fragonard5.jpg,25,17,9,9,1,0,0,0,1,0.4264705777168274,test,0.3827176392078399,69,10
paintings_Eakins12.jpg,39,24,10,8,0,0,0,0,2,0.4705882370471954,test,0.2786714434623718,60,7
paintings_Monet29.jpg,28,18,5,10,1,0,0,0,2,0.5147058963775635,test,0.4250795245170593,92,3
paintings_Luce2.jpg,38,22,8,10,1,0,0,0,1,0.6029411554336548,test,0.2190489470958709,206,30
paintings_Guillaumin2.jpg,40,23,12,12,0,0,0,0,2,0.5588235259056091,test,0.2917836904525757,189,21
paintings_Elinga1.jpg,44,28,7,10,0,1,0,0,1,0.5,test,0.2660694420337677,131,16
paintings_Jawlensky5.jpg,47,33,11,13,1,0,0,0,0,0.3382352888584137,test,0.2834709882736206,60,3
paintings_Tropinin1.jpg,28,17,7,8,0,0,0,0,2,0.294117659330368,test,0.3964898288249969,21,2
paintings_Murillo3.jpg,36,24,6,11,0,0,0,0,1,0.3088235259056091,test,0.296820729970932,35,4
paintings_Copley3.jpg,48,35,6,12,2,0,0,0,3,0.2205882370471954,test,0.2467759549617767,20,4
paintings_Wissing5.jpg,51,31,4,17,1,0,0,0,2,0.3382352888584137,test,0.2886708378791809,44,8
paintings_Veronese13.jpg,43,25,10,14,0,1,0,0,2,0.4852941036224365,test,0.2824806571006775,79,4
paintings_Bray1.jpg,40,27,5,13,0,0,0,0,1,0.2794117629528045,test,0.3220568001270294,19,3
paintings_FranckenYounger2.jpg,25,12,8,10,0,0,0,0,0,0.5588235259056091,test,0.529716968536377,138,4
paintings_Zurbaran9.jpg,50,35,6,13,0,1,0,0,1,0.3676470518112182,test,0.3177908658981323,57,4
paintings_ToulouseLautrec4.jpg,49,29,12,16,0,0,0,0,2,0.3676470518112182,test,0.2628730833530426,41,3
paintings_Rizi1.jpg,43,29,8,13,0,0,0,0,3,0.4705882370471954,test,0.2826078534126282,44,5
paintings_vanHaarlem1.jpg,32,21,7,11,1,0,0,0,1,0.3823529481887817,test,0.3110729455947876,31,3
paintings_Dou2.jpg,54,34,6,16,1,1,0,0,1,0.5,test,0.2679207921028137,111,14
paintings_Cuyp3.jpg,32,21,5,11,1,0,0,0,1,0.5588235259056091,test,0.3840013146400451,116,25
paintings_Cezanne40.jpg,29,21,4,11,1,0,0,0,1,0.529411792755127,test,0.3487345576286316,156,3
paintings_Redon6.jpg,35,17,7,15,1,0,0,0,2,0.3823529481887817,test,0.3887481689453125,69,3
paintings_Rembrandt16.jpg,48,33,4,11,0,0,0,0,3,0.4117647111415863,test,0.2648854851722717,92,8
paintings_Constable47.jpg,36,21,8,10,0,0,0,0,2,0.3823529481887817,test,0.2549352347850799,44,6
paintings_Breenbergh2.jpg,54,33,13,13,1,1,0,0,0,0.5588235259056091,test,0.2332728058099746,162,20
paintings_Reni4.jpg,47,29,6,13,1,1,0,0,1,0.3235294222831726,test,0.2739456295967102,21,3
paintings_Herring6.jpg,51,33,7,14,1,1,0,0,1,0.4411764740943908,test,0.2388906776905059,108,11
paintings_Sisley3.jpg,37,25,8,11,0,0,0,0,1,0.529411792755127,test,0.3252495229244232,107,6
paintings_Sorolla3.jpg,47,31,5,13,0,1,0,0,2,0.6470588445663452,test,0.2191033065319061,208,19
paintings_Tintoretto9.jpg,32,22,4,10,0,1,0,0,0,0.1323529481887817,test,0.3529984056949615,18,3
paintings_Fragonard3.jpg,43,32,5,12,0,0,0,0,2,0.5588235259056091,test,0.3473919928073883,146,13
paintings_Cezanne33.jpg,48,36,5,17,0,0,0,0,1,0.6029411554336548,test,0.3742998540401459,127,20
paintings_Sailmaker2.jpg,50,34,9,12,1,0,0,0,2,0.5147058963775635,test,0.2480867803096771,111,10
paintings_Turner3.jpg,36,23,8,11,0,0,0,0,1,0.4117647111415863,test,0.3350993990898132,41,4
paintings_Murillo1.jpg,51,32,8,16,0,1,1,0,2,0.6470588445663452,test,0.2562309801578522,150,18
paintings_LouisDavid8.jpg,52,36,10,12,0,0,0,0,2,0.7647058963775635,test,0.2664756178855896,224,22
paintings_Monet27.jpg,31,20,9,10,1,0,0,0,1,0.5882353186607361,test,0.45425745844841,72,12
paintings_delSarto1.jpg,34,23,4,13,0,0,0,0,2,0.2647058963775635,test,0.3181974589824676,35,5
paintings_ToulouseLautrec5.jpg,39,24,5,15,0,1,0,0,1,0.4705882370471954,test,0.3113243281841278,119,15
paintings_Renoir20.jpg,44,25,6,19,0,0,0,0,3,0.779411792755127,test,0.3160505294799804,183,21
paintings_Mauve5.jpg,39,23,14,9,1,1,0,0,2,0.4411764740943908,test,0.2309327721595764,62,11
paintings_Zoffany10.jpg,42,29,6,10,0,1,0,0,0,0.529411792755127,test,0.2473489046096801,84,13
paintings_Delaunay4.jpg,43,34,3,11,1,1,0,0,2,0.5,test,0.3971860408782959,116,2
paintings_Stuck1.jpg,40,23,9,16,2,0,0,0,2,0.4117647111415863,test,0.3312608003616333,18,3
paintings_Signac4.jpg,46,29,14,11,2,0,0,0,1,0.5441176295280457,test,0.2635125815868377,124,18
paintings_RipplRonai2.jpg,45,34,2,9,0,1,0,0,2,0.2647058963775635,test,0.2420082241296768,22,6
paintings_Millet8.jpg,50,31,8,15,0,0,0,0,2,0.3235294222831726,test,0.2603619396686554,153,5
paintings_vanderHelst2.jpg,47,31,6,12,0,0,0,0,1,0.4117647111415863,test,0.3028984069824219,84,9
paintings_Csontvary1.jpg,49,33,7,12,0,0,0,0,1,0.5441176295280457,test,0.2996286749839782,201,5
paintings_Durer10.jpg,40,22,8,16,1,1,0,0,1,0.3970588147640228,test,0.2990982234477997,26,5
paintings_Velazquez2.jpg,51,27,7,18,0,1,0,1,2,0.5,test,0.2626799046993255,84,12
paintings_Titian16.jpg,35,25,5,10,0,0,0,0,1,0.2205882370471954,test,0.3235787451267242,18,2
paintings_vanDyck3.jpg,45,27,9,8,1,0,0,0,2,0.3529411852359772,test,0.2591226398944855,39,3
paintings_VanGogh15.jpg,22,14,5,11,0,0,0,0,1,0.5147058963775635,test,0.3471998870372772,157,6
paintings_Mengs1.jpg,31,19,5,9,1,0,0,0,1,0.4411764740943908,test,0.325173556804657,46,5
paintings_Vuillard3.jpg,46,32,9,15,0,0,0,0,1,0.5147058963775635,test,0.283945083618164,86,8
paintings_Manfredi1.jpg,44,27,9,11,0,1,0,0,1,0.5441176295280457,test,0.2371935546398162,57,9
paintings_Monet35.jpg,36,26,4,10,0,0,0,0,3,0.4411764740943908,test,0.3347104787826538,68,6
paintings_Rembrandt26.jpg,42,27,6,14,0,1,0,0,3,0.2352941185235977,test,0.2880817055702209,31,3
paintings_Cezanne8.jpg,42,29,7,12,2,1,1,0,1,0.3088235259056091,test,0.2978654503822326,31,3
paintings_Renoir23.jpg,43,29,9,7,0,1,0,0,2,0.4558823406696319,test,0.3414736986160278,91,12
paintings_Sisley10.jpg,32,22,7,8,0,0,0,0,1,0.4705882370471954,test,0.3358625769615173,154,8
paintings_Giersing1.jpg,45,30,11,9,1,1,0,0,0,0.5,test,0.2519397139549255,99,9
paintings_Laroon6.jpg,36,23,6,11,1,1,0,0,1,0.75,test,0.2726992666721344,159,37
paintings_Metcalf2.jpg,29,19,7,9,0,0,0,0,1,0.5588235259056091,test,0.4377410113811493,64,5
paintings_Monet40.jpg,23,13,6,10,1,0,0,0,1,0.4264705777168274,test,0.4495128095149994,69,2
paintings_Herring1.jpg,37,25,8,12,0,1,0,0,2,0.529411792755127,test,0.215896725654602,195,17
paintings_Boudin4.jpg,47,30,9,11,0,1,0,0,3,0.4705882370471954,test,0.2332358807325363,147,13
paintings_Eakins6.jpg,45,29,6,15,0,0,0,0,2,0.3970588147640228,test,0.2750717401504516,46,5
paintings_Battista4.jpg,37,25,7,12,0,0,0,0,1,0.25,test,0.3243639767169952,27,5
paintings_Canaletto12.jpg,38,26,7,9,0,0,0,0,1,0.4852941036224365,test,0.288017988204956,133,19
paintings_Watts1.jpg,39,23,8,15,1,0,0,0,3,0.5735294222831726,test,0.2950057685375213,69,6
paintings_vanderHelst1.jpg,43,28,7,11,0,0,0,0,3,0.4264705777168274,test,0.2816735208034515,72,8
paintings_Signac1.jpg,55,37,3,16,0,1,0,1,2,0.4852941036224365,test,0.3015479147434234,107,18
paintings_Nonell7.jpg,40,27,6,14,0,0,0,0,2,0.2794117629528045,test,0.3281970918178558,30,4
paintings_Mignon1.jpg,33,23,4,9,1,1,0,0,1,0.6176470518112183,test,0.5106719136238098,208,4
paintings_Boucher4.jpg,49,31,6,16,0,0,0,0,2,0.3823529481887817,test,0.3147577345371246,69,6
paintings_Monet30.jpg,36,22,6,14,0,0,0,0,1,0.2794117629528045,test,0.3938280344009399,55,5
paintings_Liebermann2.jpg,41,22,13,12,0,1,0,0,2,0.5441176295280457,test,0.2603799104690552,158,10
paintings_Murillo2.jpg,40,22,6,14,1,0,0,0,1,0.4411764740943908,test,0.2538448274135589,57,8
paintings_Parmigianino2.jpg,46,29,7,14,1,0,0,0,0,0.4264705777168274,test,0.274408608675003,60,11
paintings_LouisDavid4.jpg,42,29,7,12,0,1,0,0,1,0.4411764740943908,test,0.2780878841876983,91,6
paintings_Cezanne32.jpg,49,28,10,17,0,1,0,0,1,0.3088235259056091,test,0.2802637219429016,33,4
paintings_Goya4.jpg,41,24,8,16,0,0,0,0,2,0.2352941185235977,test,0.2499480545520782,17,4
paintings_vanSomerI1.jpg,44,28,6,16,0,0,0,0,1,0.3382352888584137,test,0.2632075548171997,48,8
paintings_Monet17.jpg,25,18,3,8,1,0,0,0,1,0.4558823406696319,test,0.3927533030509949,94,5
paintings_VanGogh13.jpg,34,23,6,9,0,0,0,0,1,0.2794117629528045,test,0.3308736979961395,37,4
paintings_Maes3.jpg,51,33,6,11,2,1,0,0,1,0.4264705777168274,test,0.2249205112457275,104,14
paintings_vanOosterwijck1.jpg,31,17,7,14,1,0,0,0,2,0.5882353186607361,test,0.4319367408752441,107,4
paintings_Monet39.jpg,30,23,3,10,0,1,0,0,3,0.3235294222831726,test,0.3176262676715851,49,5
paintings_Kalf3.jpg,47,38,5,10,1,0,0,1,1,0.5588235259056091,test,0.3776862323284149,80,13
paintings_Courbet6.jpg,34,21,7,12,1,0,0,0,3,0.3529411852359772,test,0.3195822834968567,32,3
paintings_Pollard2.jpg,41,28,10,8,0,0,0,0,1,0.720588207244873,test,0.2376463562250137,225,34
paintings_Sisley6.jpg,47,33,13,11,1,0,0,0,2,0.4705882370471954,test,0.2886698842048645,135,9
paintings_Canaletto15.jpg,40,26,12,10,0,0,0,0,1,0.4558823406696319,test,0.3021538257598877,113,25
paintings_Cassatt3.jpg,36,22,6,13,0,0,0,0,2,0.3970588147640228,test,0.3215360343456268,61,10
paintings_VanGogh22.jpg,39,27,7,14,0,0,0,0,1,0.5441176295280457,test,0.3126699030399322,218,3
paintings_Rigaud3.jpg,47,29,7,16,0,0,0,0,1,0.4411764740943908,test,0.330197125673294,69,7
paintings_deJongh1.jpg,33,21,6,10,0,0,0,0,2,0.4264705777168274,test,0.3619912266731262,131,8
paintings_Daubigny2.jpg,31,16,9,11,0,0,0,0,1,0.3970588147640228,test,0.3496638238430023,91,15
paintings_Gauguin12.jpg,54,37,7,11,4,0,0,0,1,0.5147058963775635,test,0.2316686511039734,99,8
paintings_Zurbaran6.jpg,44,30,7,7,0,0,0,0,2,0.4411764740943908,test,0.236873373389244,56,7
paintings_Brugghen3.jpg,31,21,5,9,0,0,0,0,2,0.3382352888584137,test,0.3018765449523926,39,4
paintings_TeniersYounger10.jpg,57,41,8,11,0,1,0,0,3,0.3529411852359772,test,0.2301698327064514,35,5
paintings_Rusinol1.jpg,48,31,8,10,0,0,0,0,0,0.4264705777168274,test,0.2733341157436371,97,9
paintings_Constable20.jpg,25,15,5,9,2,0,0,0,1,0.3088235259056091,test,0.4486726820468902,44,2
paintings_Goya5.jpg,50,32,5,21,0,0,0,0,2,0.294117659330368,test,0.2410981059074401,38,8
paintings_Verelst1.jpg,41,27,7,10,0,1,0,0,1,0.3676470518112182,test,0.3056929111480713,75,4
paintings_BenjaminWest7.jpg,36,20,9,11,0,1,0,0,2,0.5588235259056091,test,0.2750967144966125,122,13
paintings_Monet12.jpg,24,16,5,9,0,0,0,0,0,0.4117647111415863,test,0.4039824903011322,85,1
paintings_Cezanne38.jpg,52,34,10,17,1,1,1,0,1,0.4411764740943908,test,0.2483215630054474,105,6
paintings_Herring4.jpg,38,22,10,12,0,1,0,0,2,0.5441176295280457,test,0.2455508410930633,147,19
paintings_Caillebotte4.jpg,39,26,8,14,0,0,0,0,0,0.6176470518112183,test,0.4121513664722442,232,15
paintings_Magnasco2.jpg,33,23,9,9,3,0,0,0,1,0.5588235259056091,test,0.3671589195728302,130,8
paintings_Kirchner2.jpg,39,27,7,8,1,1,0,0,1,0.5147058963775635,test,0.3457372188568115,103,8
paintings_Manet14.jpg,45,23,8,15,1,1,0,0,2,0.5147058963775635,test,0.2500463724136352,136,12
paintings_vanDyck21.jpg,46,29,2,14,0,1,0,0,1,0.3382352888584137,test,0.2537845075130462,66,4
paintings_Ingres6.jpg,37,21,7,12,0,0,0,0,1,0.25,test,0.3075979351997375,28,3
paintings_Renoir21.jpg,37,25,7,14,0,0,0,0,3,0.4117647111415863,test,0.3177559077739715,40,4
paintings_Aertsen3.jpg,47,29,8,14,0,0,0,0,0,0.8088235259056091,test,0.2663178741931915,298,44
paintings_Wouwerman1.jpg,36,24,10,11,0,0,0,0,1,0.4705882370471954,test,0.2239490747451782,82,24
paintings_Degas2.jpg,49,34,11,14,0,0,0,0,2,0.4852941036224365,test,0.2413882613182068,60,7
paintings_ElGreco2.jpg,43,27,4,13,1,1,0,0,0,0.4558823406696319,test,0.2434515506029129,55,6
paintings_Guercino3.jpg,38,23,3,13,0,0,0,0,1,0.5441176295280457,test,0.3579858541488647,81,8
paintings_Courbet10.jpg,25,16,3,11,0,0,0,0,2,0.1323529481887817,test,0.3796879053115845,37,4
paintings_Manet23.jpg,45,26,9,16,0,1,0,0,0,0.25,test,0.2512867748737335,27,3
paintings_Avercamp1.jpg,44,26,9,14,0,0,0,0,1,0.7058823704719543,test,0.1999416351318359,253,34
paintings_Hogarth2.jpg,40,27,9,9,1,1,0,0,2,0.529411792755127,test,0.2259677648544311,124,19
paintings_Constable5.jpg,37,27,2,9,1,1,0,0,2,0.5147058963775635,test,0.3093935847282409,158,9
paintings_Kirchner5.jpg,49,34,7,11,0,0,0,0,2,0.4264705777168274,test,0.2635589241981506,91,4
paintings_Hunter1.jpg,43,23,9,13,2,1,0,0,3,0.5588235259056091,test,0.2451816648244857,97,12
paintings_Gauguin4.jpg,51,31,7,14,0,1,0,0,0,0.529411792755127,test,0.2915050387382507,143,18
paintings_Rubens1.jpg,53,38,4,11,2,0,0,0,2,0.4705882370471954,test,0.2543825507164001,67,7
paintings_Cezanne39.jpg,42,28,7,13,0,0,0,0,1,0.3676470518112182,test,0.2549743056297302,61,6
paintings_Titian14.jpg,43,23,7,13,1,1,0,0,2,0.720588207244873,test,0.253781110048294,182,25
paintings_MerrittChase6.jpg,47,33,5,12,0,0,0,0,1,0.4558823406696319,test,0.3223180770874023,122,4
paintings_Danby11.jpg,33,23,7,9,0,0,0,0,2,0.4117647111415863,test,0.3564721643924713,78,11
paintings_Trumbull3.jpg,26,17,7,8,1,0,0,0,2,0.1764705926179886,test,0.3447997570037842,18,3
paintings_Siberechts1.jpg,46,28,10,12,0,0,0,0,2,0.5735294222831726,test,0.3287859261035919,174,12
paintings_Velazquez9.jpg,41,28,6,11,1,0,0,0,3,0.2205882370471954,test,0.2926408350467682,31,5
paintings_deRibera5.jpg,41,25,7,13,0,1,0,0,1,0.529411792755127,test,0.3030738234519958,96,12
paintings_Renoir39.jpg,58,39,10,15,0,0,0,0,1,0.529411792755127,test,0.2836527824401855,146,13
paintings_Bernard1.jpg,42,28,7,10,0,1,0,0,3,0.3235294222831726,test,0.300798624753952,66,5
paintings_Manet4.jpg,42,29,7,8,1,0,0,0,1,0.529411792755127,test,0.2534469962120056,111,7
paintings_Constable28.jpg,26,14,5,12,0,0,0,0,1,0.294117659330368,test,0.3823458552360534,17,3
paintings_Hassam7.jpg,57,37,13,14,1,0,0,0,3,0.529411792755127,test,0.1871174275875091,173,16
paintings_Constable15.jpg,30,18,8,8,0,0,0,0,3,0.5588235259056091,test,0.3367016911506653,171,12
paintings_Vermeer7.jpg,42,25,6,14,0,1,0,1,2,0.5147058963775635,test,0.322419673204422,149,13
paintings_LouisDavid2.jpg,59,42,4,15,0,1,0,0,4,0.4117647111415863,test,0.2868483066558838,145,15
paintings_Richter1.jpg,47,31,7,15,0,0,0,0,2,0.5588235259056091,test,0.2935861051082611,179,13
paintings_Holbein2.jpg,44,28,6,14,1,1,0,0,1,0.3235294222831726,test,0.3068703711032867,59,3
paintings_Nonell9.jpg,33,20,8,15,0,0,0,0,3,0.3676470518112182,test,0.3557057976722717,28,3
paintings_Waldmuller2.jpg,23,15,5,8,0,0,0,0,0,0.3970588147640228,test,0.4430886209011078,38,4
paintings_Redon2.jpg,44,25,10,17,2,0,0,0,1,0.2205882370471954,test,0.2604269385337829,9,2
paintings_FranzMarc1.jpg,48,34,6,13,0,0,0,0,2,0.5,test,0.2593355774879455,106,6
paintings_Degas6.jpg,41,25,3,12,0,1,0,0,2,0.4411764740943908,test,0.348333865404129,88,9
paintings_Alcazar1.jpg,38,25,10,7,1,0,0,0,2,0.5882353186607361,test,0.2528160512447357,177,29
paintings_Hulsdonck1.jpg,43,31,6,10,1,0,0,0,0,0.5735294222831726,test,0.4229503571987152,180,23
paintings_Degas1.jpg,46,27,5,15,0,1,0,0,2,0.3676470518112182,test,0.2463370412588119,56,8
paintings_Ingres7.jpg,38,25,4,11,0,0,0,0,1,0.3088235259056091,test,0.3219721913337707,36,4
paintings_Surikov4.jpg,31,21,6,7,0,1,0,0,1,0.720588207244873,test,0.2536232471466064,139,21
paintings_SebastianoRicci4.jpg,31,16,4,12,1,0,0,0,1,0.5882353186607361,test,0.2979469299316406,84,13
paintings_Weingartner1.jpg,46,29,10,12,1,1,0,0,2,0.5,test,0.2330608814954757,147,15
paintings_Gauguin11.jpg,37,23,10,13,1,0,0,0,2,0.4558823406696319,test,0.3325314521789551,100,6
paintings_Empoli1.jpg,61,49,7,15,1,0,0,0,2,0.7058823704719543,test,0.3502772748470306,175,24
paintings_Gros2.jpg,56,34,12,16,3,1,0,0,2,0.7352941036224365,test,0.2650849819183349,226,24
paintings_BenjaminWest11.jpg,46,32,9,7,0,1,0,0,1,0.5735294222831726,test,0.2240935415029525,155,33
paintings_Monet8.jpg,36,25,5,13,0,0,0,0,1,0.4705882370471954,test,0.3399846851825714,97,15
paintings_Cezanne12.jpg,38,26,6,11,0,0,0,0,3,0.529411792755127,test,0.3240874409675598,140,9
paintings_deVriendt1.jpg,44,26,6,15,0,0,0,0,1,0.4852941036224365,test,0.2985814809799194,93,6
paintings_Millet3.jpg,55,30,8,15,0,1,0,0,2,0.3235294222831726,test,0.2118019759654998,123,6
paintings_Cezanne25.jpg,61,40,9,19,1,1,0,0,1,0.4411764740943908,test,0.269975334405899,80,11
paintings_Monet16.jpg,30,19,6,8,2,0,0,0,2,0.529411792755127,test,0.4321428537368774,119,5
paintings_Herring5.jpg,30,19,7,12,2,1,0,0,1,0.294117659330368,test,0.340615451335907,39,4
paintings_Hals8.jpg,40,25,5,11,0,1,0,0,2,0.2352941185235977,test,0.3087715208530426,30,3
paintings_Rousseau7.jpg,49,35,9,11,0,1,0,0,1,0.4852941036224365,test,0.2646878957748413,265,6
paintings_Redon8.jpg,47,28,10,15,2,1,0,0,2,0.4411764740943908,test,0.2581721544265747,63,3
paintings_Titian11.jpg,41,24,8,13,0,1,0,0,2,0.5441176295280457,test,0.2547995448112488,99,10
paintings_Dossi1.jpg,46,27,7,15,2,0,0,0,0,0.7058823704719543,test,0.2849205732345581,234,21
paintings_Claesz2.jpg,33,23,6,14,0,0,0,0,2,0.5882353186607361,test,0.3594743013381958,234,14
paintings_Manet24.jpg,25,20,3,5,0,1,0,0,1,0.5147058963775635,test,0.3399406969547272,86,7
paintings_Castiglione1.jpg,43,30,4,13,0,0,0,0,1,0.6764705777168274,test,0.2360626608133316,150,21
paintings_Cezanne4.jpg,32,22,5,8,1,0,0,0,1,0.5,test,0.4422149062156677,223,5
paintings_Jansz1.jpg,56,41,9,14,0,0,0,0,1,0.6470588445663452,test,0.302362322807312,134,16
paintings_Repin4.jpg,28,21,3,7,0,1,0,0,2,0.1911764740943908,test,0.3215155005455017,20,4
paintings_MerrittChase3.jpg,24,17,2,9,1,0,0,0,2,0.25,test,0.456570565700531,113,5
paintings_Rizi2.jpg,36,20,7,14,1,0,0,0,1,0.3823529481887817,test,0.3072702288627624,32,2
paintings_Cezanne20.jpg,28,17,6,11,0,0,0,0,1,0.4558823406696319,test,0.4181534349918365,150,6
paintings_Bernard4.jpg,35,25,9,13,0,0,0,0,1,0.294117659330368,test,0.3618699312210083,55,5
paintings_Kirchner4.jpg,39,25,8,12,1,1,1,0,1,0.4264705777168274,test,0.3046070337295532,39,7
paintings_Danby1.jpg,39,25,9,11,1,0,0,0,1,0.3529411852359772,test,0.3625179231166839,44,6
paintings_Gauguin25.jpg,48,31,5,14,1,0,0,0,3,0.4705882370471954,test,0.2731795012950897,102,6
paintings_Pollard3.jpg,42,27,7,7,2,1,0,0,1,0.6029411554336548,test,0.2511869072914123,215,23
paintings_Arellano1.jpg,38,26,7,8,0,0,0,0,0,0.6764705777168274,test,0.4878397583961487,162,3
paintings_Monet32.jpg,34,22,8,12,0,0,0,0,2,0.6029411554336548,test,0.2828657925128937,224,30
paintings_Renoir19.jpg,50,34,6,12,1,1,0,0,2,0.3529411852359772,test,0.2407349199056625,48,11
paintings_Latour2.jpg,32,19,6,13,1,0,0,0,2,0.5735294222831726,test,0.4381808936595917,52,12
paintings_Constable43.jpg,16,8,5,6,1,0,0,0,1,0.1911764740943908,test,0.5705562233924866,33,1
paintings_Metcalf1.jpg,38,28,4,10,1,0,0,1,2,0.5882353186607361,test,0.32679283618927,134,21
paintings_Prendergast1.jpg,46,28,10,11,0,1,0,0,2,0.6029411554336548,test,0.3516011536121368,219,6
paintings_Manet13.jpg,47,29,8,15,2,0,0,0,2,0.3676470518112182,test,0.3693875074386596,59,8
paintings_Redon5.jpg,38,21,7,19,0,0,0,0,3,0.4264705777168274,test,0.2845349013805389,50,6
paintings_Pollard11.jpg,50,35,9,10,0,1,0,0,1,0.5882353186607361,test,0.2186046689748764,178,23
paintings_Degas22.jpg,43,25,12,17,0,0,0,0,1,0.5441176295280457,test,0.3353355824947357,112,11
paintings_Zurbaran7.jpg,52,35,7,15,0,0,0,0,3,0.5,test,0.2914790213108063,132,15
paintings_Tintoretto4.jpg,41,28,5,9,0,0,0,0,1,0.2647058963775635,test,0.2982208132743835,21,3
paintings_TeniersYounger3.jpg,32,21,5,10,0,1,0,0,4,0.6323529481887817,test,0.3624394237995147,100,8
paintings_Redon3.jpg,32,21,7,12,0,0,0,0,1,0.5588235259056091,test,0.3979688286781311,129,3
paintings_Poussin13.jpg,41,25,9,9,0,1,0,0,2,0.7941176295280457,test,0.2604086995124817,245,20
paintings_Delacroix5.jpg,35,24,9,10,0,0,0,0,3,0.7058823704719543,test,0.3677374422550201,136,18
paintings_LeBrun2.jpg,35,24,6,7,0,1,0,0,0,0.720588207244873,test,0.356933981180191,208,21
paintings_Vuillard4.jpg,56,35,8,17,0,0,0,0,2,0.5,test,0.2668740451335907,80,12
paintings_Jawlensky1.jpg,44,33,9,10,2,0,0,0,1,0.3235294222831726,test,0.3409635126590729,38,2
paintings_vanCalraet2.jpg,36,20,10,14,0,1,0,1,3,0.5588235259056091,test,0.2941722869873047,83,6
paintings_VanGogh6.jpg,29,19,4,12,0,0,0,0,1,0.4264705777168274,test,0.446692407131195,56,4
paintings_Zoffany4.jpg,43,33,5,8,0,1,0,0,1,0.970588207244873,test,0.3183423578739166,372,30
paintings_Rembrandt12.jpg,45,30,8,14,0,1,0,0,1,0.4117647111415863,test,0.2748866379261017,36,4
paintings_vonMenzel1.jpg,32,16,7,10,0,0,0,0,3,0.8676470518112183,test,0.2375923693180084,248,43
paintings_Battista1.jpg,26,16,5,10,0,0,0,0,1,0.2205882370471954,test,0.3404376208782196,15,2
paintings_Poussin2.jpg,42,25,7,16,0,1,0,0,2,0.6176470518112183,test,0.269788384437561,125,15
paintings_Boucher2.jpg,46,32,8,15,2,0,0,0,1,0.6617646813392639,test,0.2398228794336319,104,16
paintings_Latour7.jpg,46,27,7,14,0,1,0,0,4,0.5882353186607361,test,0.2594321966171264,134,25
paintings_Craen1.jpg,51,35,9,16,0,0,0,0,0,0.75,test,0.3882972300052643,192,22
paintings_Pissarro16.jpg,31,19,9,7,0,1,0,0,2,0.4264705777168274,test,0.3890626132488251,27,5
paintings_TeniersYounger1.jpg,46,26,6,16,0,1,0,0,1,0.9264705777168274,test,0.2565681934356689,247,15
paintings_Rubens10.jpg,42,26,8,11,1,0,0,0,2,0.4852941036224365,test,0.2560821175575256,61,5
paintings_VanGogh11.jpg,32,21,6,11,3,0,0,0,0,0.5441176295280457,test,0.4063295125961303,53,3
paintings_Manet3.jpg,53,38,5,13,1,0,0,0,1,0.5147058963775635,test,0.3371509909629822,103,6
paintings_Caillebotte5.jpg,41,29,8,9,0,1,0,0,0,0.5735294222831726,test,0.2662227153778076,202,25
paintings_vanDyck14.jpg,42,30,4,12,0,0,0,0,2,0.3676470518112182,test,0.2685229480266571,35,3
paintings_Kneller2.jpg,38,25,5,10,1,0,0,0,1,0.3676470518112182,test,0.292175829410553,27,5
paintings_Delacroix1.jpg,38,27,6,18,1,0,0,0,2,0.6470588445663452,test,0.3784144818782806,96,16
paintings_Saenredam5.jpg,37,23,6,11,1,0,0,0,1,0.6470588445663452,test,0.3480261862277984,140,14
paintings_Degas15.jpg,45,32,6,11,1,1,0,0,1,0.5,test,0.4034687280654907,64,10
paintings_Monet11.jpg,25,15,7,11,0,0,0,0,2,0.4411764740943908,test,0.4406472146511078,98,4
paintings_Zurbaran10.jpg,45,32,6,13,0,0,0,0,2,0.3676470518112182,test,0.2797516286373138,40,6
paintings_Canaletto2.jpg,38,27,8,7,0,0,0,1,1,0.6764705777168274,test,0.2853752374649048,204,18
paintings_Rubens6.jpg,40,24,3,14,1,1,0,1,1,0.720588207244873,test,0.3282783627510071,184,17
paintings_Aalto1.jpg,56,33,13,21,1,1,0,0,1,0.5735294222831726,test,0.2625510990619659,200,6
paintings_LeBrun3.jpg,39,28,10,11,1,1,0,0,3,0.779411792755127,test,0.3173056244850158,206,27
paintings_Guillaumin1.jpg,48,32,8,19,0,0,0,0,3,0.4117647111415863,test,0.2968475520610809,22,2
paintings_Copley4.jpg,41,23,10,7,0,1,0,0,3,0.6323529481887817,test,0.2179088592529297,141,16
paintings_Vuillard7.jpg,44,31,8,14,1,0,0,0,1,0.4117647111415863,test,0.3014230728149414,94,5
paintings_vanRuisdael2.jpg,25,17,5,9,2,0,0,0,1,0.4558823406696319,test,0.3937728404998779,70,5
paintings_FranzMarc3.jpg,41,31,7,11,0,0,0,0,0,0.5147058963775635,test,0.3534876406192779,115,13
paintings_Renoir11.jpg,52,39,8,14,1,1,0,0,1,0.529411792755127,test,0.234404370188713,109,11
paintings_vanBeijeren2.jpg,53,35,9,20,0,1,0,0,3,0.5735294222831726,test,0.3023421168327331,121,15
paintings_Cezanne13.jpg,43,29,8,13,1,0,0,0,1,0.5735294222831726,test,0.3683988451957702,206,7
paintings_Liebermann4.jpg,40,25,9,13,0,1,0,0,1,0.7647058963775635,test,0.2090121209621429,233,42
paintings_Gestel1.jpg,35,23,6,11,0,0,0,0,1,0.4705882370471954,test,0.4428642094135284,183,2
paintings_Fyt1.jpg,40,23,7,19,1,0,0,0,1,0.6323529481887817,test,0.3234957158565521,115,16
paintings_ElGreco5.jpg,32,19,5,11,1,1,0,0,2,0.3529411852359772,test,0.3595622479915619,15,3
paintings_Bouguereau1.jpg,52,33,8,14,0,1,0,0,2,0.4264705777168274,test,0.2209246009588241,50,6
paintings_TeniersYounger7.jpg,50,34,13,13,0,1,0,0,1,0.4852941036224365,test,0.1791201531887054,106,11
paintings_vanDyck2.jpg,38,26,6,9,0,0,0,0,2,0.2647058963775635,test,0.2754160463809967,43,5
paintings_vanDyck16.jpg,33,20,3,10,1,1,0,0,2,0.4558823406696319,test,0.2805546224117279,54,5
paintings_Zurbaran2.jpg,45,30,3,12,0,0,0,0,0,0.3382352888584137,test,0.3807059526443481,47,5
paintings_Ricci1.jpg,39,27,5,10,0,0,0,0,0,0.5735294222831726,test,0.2714483141899109,141,23
paintings_Signac10.jpg,28,16,6,12,1,0,0,0,1,0.4705882370471954,test,0.3444943428039551,78,4
paintings_Monet18.jpg,28,16,7,8,4,0,0,0,2,0.6617646813392639,test,0.3807103335857391,86,4
paintings_Canaletto9.jpg,39,29,5,11,0,0,0,0,1,0.6911764740943909,test,0.3115853071212768,161,27
paintings_Rembrandt35.jpg,31,20,4,9,0,1,0,0,2,0.2647058963775635,test,0.285381942987442,15,2
paintings_vandeVeldeYounger2.jpg,36,27,9,9,0,0,0,0,1,0.4558823406696319,test,0.3313522040843963,64,14
paintings_Poussin15.jpg,45,29,8,13,0,1,0,0,2,0.7647058963775635,test,0.2476770728826522,205,15
paintings_Sisley12.jpg,30,21,6,10,0,0,0,0,2,0.529411792755127,test,0.4052050411701202,87,8
paintings_Vrubel1.jpg,48,27,9,20,0,1,0,0,3,0.6911764740943909,test,0.2643299698829651,209,3
paintings_Rosa4.jpg,43,29,7,12,0,0,0,0,2,0.3823529481887817,test,0.3075808584690094,53,4
paintings_Hill1.jpg,46,25,12,10,2,0,0,0,1,0.529411792755127,test,0.2759195268154144,102,12
paintings_vonMenzel6.jpg,44,29,9,11,0,1,0,0,3,0.8970588445663452,test,0.1975049674510955,223,27
paintings_CamilleCorot9.jpg,34,25,7,9,0,0,0,0,1,0.529411792755127,test,0.324654757976532,66,15
paintings_Mauve4.jpg,45,26,8,14,1,1,0,0,2,0.5,test,0.2426932007074356,111,19
paintings_Procaccini2.jpg,33,26,3,9,0,0,0,0,1,0.7058823704719543,test,0.2931758761405945,123,9
paintings_Hogarth3.jpg,29,18,7,10,0,1,0,0,1,0.2352941185235977,test,0.3216980993747711,17,2
paintings_Benson2.jpg,49,28,8,21,0,0,0,0,1,0.3970588147640228,test,0.2276397794485092,50,5
paintings_Saenredam3.jpg,34,25,6,8,0,0,0,0,0,0.5735294222831726,test,0.4248372614383697,125,8
paintings_LeSidaner2.jpg,34,25,5,11,2,0,0,0,2,0.3970588147640228,test,0.3371190130710602,44,7
paintings_Herring2.jpg,40,27,5,15,1,0,0,0,1,0.4264705777168274,test,0.2579750418663025,52,8
paintings_Gainsborough8.jpg,28,14,5,13,0,0,0,0,1,0.1911764740943908,test,0.3493807911872864,21,2
paintings_Constable50.jpg,36,24,9,10,1,0,0,0,3,0.5441176295280457,test,0.3620335459709167,153,18
paintings_Wtewael1.jpg,44,26,7,12,1,1,0,0,0,0.6911764740943909,test,0.2794038355350494,136,8
paintings_Renoir38.jpg,42,28,9,10,0,0,0,0,2,0.6911764740943909,test,0.23126220703125,212,27
paintings_Philipsen1.jpg,37,25,7,12,0,0,0,0,3,0.5735294222831726,test,0.366044282913208,70,6
paintings_Kalf1.jpg,50,37,7,15,1,0,0,1,3,0.4411764740943908,test,0.3625233173370361,70,12
paintings_Poussin3.jpg,47,33,7,13,0,0,0,0,1,0.6029411554336548,test,0.3347879648208618,144,13
paintings_Gainsborough7.jpg,38,24,8,11,0,1,0,0,3,0.529411792755127,test,0.2453216165304184,85,9
paintings_Gauguin24.jpg,34,22,6,12,0,1,0,0,2,0.4411764740943908,test,0.3185663819313049,65,3
paintings_Cezanne37.jpg,30,22,5,8,1,0,0,0,1,0.5588235259056091,test,0.5153433680534363,152,4
paintings_Mellin1.jpg,46,29,9,13,0,0,0,0,3,0.3529411852359772,test,0.2870053648948669,40,5
paintings_Degas17.jpg,52,31,9,15,2,0,0,0,2,0.3382352888584137,test,0.2433390766382217,28,3
paintings_Willaerts1.jpg,41,24,5,14,0,0,0,0,2,0.6029411554336548,test,0.3119348883628845,133,30
paintings_Lievens1.jpg,38,22,6,13,1,0,0,0,0,0.3823529481887817,test,0.2984956204891205,45,7
paintings_Rembrandt14.jpg,27,15,8,8,0,0,0,0,2,0.2058823555707931,test,0.3298175036907196,10,2
paintings_Veronese11.jpg,46,31,8,11,0,1,0,0,2,0.7352941036224365,test,0.2417491674423217,190,23
paintings_Bruegel1.jpg,38,23,9,14,0,0,0,0,2,0.5882353186607361,test,0.3102607131004333,383,8
paintings_Saenredam6.jpg,52,37,6,14,0,0,0,0,1,0.529411792755127,test,0.3292354345321655,63,10
paintings_Monet34.jpg,30,16,9,13,1,0,0,0,1,0.5147058963775635,test,0.3568272292613983,95,3
paintings_Veronese6.jpg,43,26,3,14,0,1,0,0,1,0.7058823704719543,test,0.2701225578784942,129,16
paintings_Brull1.jpg,44,29,5,11,0,1,0,0,1,0.3970588147640228,test,0.2499909251928329,28,5
paintings_Gauguin14.jpg,57,40,6,18,2,1,0,0,2,0.4852941036224365,test,0.2883868813514709,86,9
paintings_Runge1.jpg,45,27,8,11,1,1,0,0,1,0.4411764740943908,test,0.2350870668888092,54,5
paintings_Vuillard9.jpg,48,32,7,11,2,1,0,0,1,0.7352941036224365,test,0.2603538930416107,161,11
paintings_Rembrandt36.jpg,36,20,8,11,1,1,0,0,2,0.3088235259056091,test,0.2478714436292648,24,3
paintings_Boudin2.jpg,27,19,4,8,0,0,0,0,2,0.5735294222831726,test,0.3534961938858032,94,15
paintings_Kirchner1.jpg,40,21,8,15,1,0,0,0,1,0.4852941036224365,test,0.2343886196613311,48,5
paintings_VigeeLebrun5.jpg,52,31,10,15,1,1,0,0,2,0.4852941036224365,test,0.2529191374778747,96,13
paintings_Caravaggio1.jpg,31,21,5,5,0,0,0,0,2,0.3970588147640228,test,0.3271335959434509,46,5
paintings_Manet11.jpg,48,26,5,17,1,1,0,0,3,0.5588235259056091,test,0.2155622243881225,158,14
paintings_Signac2.jpg,47,30,6,18,4,0,0,0,0,0.5441176295280457,test,0.2926067113876343,75,8
paintings_LeSueur1.jpg,33,24,5,8,0,0,0,0,0,0.6470588445663452,test,0.457165390253067,118,18
paintings_Pollard9.jpg,47,29,8,14,0,0,0,0,0,0.5735294222831726,test,0.2182214111089706,133,20
paintings_MartendeVos1.jpg,51,36,7,14,0,1,0,0,1,0.6029411554336548,test,0.2496306002140045,96,15
paintings_Pollard8.jpg,44,31,9,9,1,0,0,0,2,0.5588235259056091,test,0.1883397251367569,125,22
paintings_Tintoretto3.jpg,51,36,7,13,0,1,0,0,1,0.6470588445663452,test,0.2366999089717865,148,11
paintings_Rousseau5.jpg,56,42,4,12,0,0,0,0,1,0.3970588147640228,test,0.2597098052501678,57,8
paintings_Laroon2.jpg,46,27,10,16,0,1,0,0,2,0.4705882370471954,test,0.2467690259218216,96,9
paintings_FranzMarc4.jpg,40,29,6,7,0,0,0,0,0,0.6323529481887817,test,0.4024482071399688,69,0
paintings_Malharro5.jpg,33,21,9,8,3,0,0,0,1,0.5147058963775635,test,0.4038232564926147,64,4
paintings_Cross1.jpg,55,36,10,16,0,0,0,0,3,0.5735294222831726,test,0.2682353854179382,160,15
paintings_Degas8.jpg,49,34,7,13,0,1,0,1,1,0.4558823406696319,test,0.2906531393527984,74,17
paintings_Tisi2.jpg,45,33,7,7,0,2,0,0,0,0.5588235259056091,test,0.2449589669704437,149,15
paintings_Rembrandt34.jpg,48,31,7,13,0,0,0,0,0,0.3382352888584137,test,0.2595467269420624,48,7
paintings_Rembrandt17.jpg,38,22,8,19,0,0,0,0,2,0.5,test,0.295869380235672,61,6
paintings_Eakins9.jpg,30,22,5,9,0,0,0,0,1,0.1764705926179886,test,0.3068914711475372,14,3
paintings_Giorgione6.jpg,45,32,3,9,0,1,0,0,1,0.529411792755127,test,0.246068462729454,117,12
paintings_ElGreco12.jpg,38,24,9,10,0,1,0,0,4,0.6470588445663452,test,0.3840216994285583,91,11
paintings_Gauguin7.jpg,54,38,7,18,0,0,0,0,1,0.4852941036224365,test,0.2427010238170623,74,8
paintings_Aivazovsky1.jpg,11,8,2,5,0,0,0,0,0,0.3382352888584137,test,0.5190989375114441,15,2
paintings_Alcazar2.jpg,39,25,10,9,0,1,0,0,1,0.5441176295280457,test,0.2288043349981308,91,17
paintings_Signac9.jpg,37,26,9,12,0,0,0,0,1,0.6323529481887817,test,0.3028502762317657,70,11
paintings_ChristianDahl4.jpg,40,24,6,13,0,0,0,0,1,0.5,test,0.3469568490982055,121,5
paintings_Cassatt9.jpg,48,29,6,16,0,1,0,0,1,0.5147058963775635,test,0.3000411093235016,54,11
paintings_Preti1.jpg,38,24,3,9,0,1,0,0,1,0.4117647111415863,test,0.2914083898067474,50,5
paintings_Watteau1.jpg,43,29,5,9,1,0,0,0,2,0.6911764740943909,test,0.2378175109624862,159,27
paintings_VanGogh27.jpg,36,22,7,11,2,1,0,0,4,0.4705882370471954,test,0.3525519073009491,42,4
paintings_Reni2.jpg,32,22,5,10,0,0,0,0,1,0.2794117629528045,test,0.3259354531764984,11,3
paintings_Ury2.jpg,46,34,6,12,0,1,0,0,2,0.4411764740943908,test,0.2953713536262512,72,7
paintings_Rusinol13.jpg,43,28,9,11,0,0,0,0,4,0.3529411852359772,test,0.3232967555522918,72,6
paintings_Constable13.jpg,38,29,6,10,1,0,0,0,1,0.4852941036224365,test,0.3506962358951568,85,9
paintings_Cezanne9.jpg,42,24,10,14,2,1,0,0,2,0.3529411852359772,test,0.2985596060752868,61,3
paintings_ToulouseLautrec2.jpg,49,37,9,9,1,0,0,0,1,0.6323529481887817,test,0.2847948670387268,181,25
paintings_Cassatt7.jpg,35,22,7,12,0,0,0,0,0,0.4411764740943908,test,0.3171910345554352,37,4
paintings_Signac5.jpg,25,16,5,8,1,0,0,0,1,0.3823529481887817,test,0.3876520097255707,32,11
paintings_Veronese9.jpg,47,30,8,11,1,0,0,0,2,0.294117659330368,test,0.2831448316574096,21,3
paintings_Manet22.jpg,53,34,8,12,0,1,0,0,1,0.4117647111415863,test,0.3156218528747558,84,7
paintings_Herring10.jpg,43,24,8,12,1,1,0,0,1,0.5588235259056091,test,0.2615292966365814,131,22
paintings_Giordano5.jpg,48,26,10,20,1,1,0,0,1,0.720588207244873,test,0.2226571291685104,182,24
paintings_FerdinandVoet1.jpg,30,18,7,9,0,1,0,0,2,0.2352941185235977,test,0.3470941185951233,16,2
paintings_Lely6.jpg,28,16,6,7,1,0,0,0,3,0.25,test,0.3327519595623016,14,2
paintings_Latour6.jpg,43,30,8,12,0,0,0,0,3,0.4852941036224365,test,0.3895985782146454,132,8
paintings_Altdorfer1.jpg,21,16,5,9,0,0,0,0,1,0.4705882370471954,test,0.4427534937858581,70,5
paintings_Renoir10.jpg,29,17,5,10,0,0,0,0,2,0.5588235259056091,test,0.4298711121082306,114,4
paintings_Redon7.jpg,27,19,6,10,1,0,0,0,0,0.4705882370471954,test,0.371172159910202,157,1
paintings_Danby4.jpg,29,18,11,9,0,0,0,0,2,0.5,test,0.3667967915534973,166,6
paintings_Metsu3.jpg,40,29,4,12,0,0,0,0,3,0.4852941036224365,test,0.2657012939453125,65,11
paintings_Constable10.jpg,32,19,7,11,0,0,0,0,1,0.4705882370471954,test,0.2975949048995971,87,5
paintings_Vermeer5.jpg,41,28,8,9,0,0,0,0,1,0.5147058963775635,test,0.3832426369190216,130,14
paintings_Panini2.jpg,46,28,8,15,0,0,0,0,0,0.6617646813392639,test,0.2163428217172622,316,26
paintings_Poussin5.jpg,47,26,8,14,0,1,0,0,1,0.7352941036224365,test,0.2634369730949402,187,29
paintings_Nonell1.jpg,49,29,8,17,2,0,0,0,3,0.4264705777168274,test,0.2695521116256714,49,10
paintings_Kneller3.jpg,31,19,6,13,0,0,0,0,1,0.3235294222831726,test,0.2856560349464416,19,6
paintings_vonSchwind2.jpg,49,29,10,12,0,0,0,0,2,0.6911764740943909,test,0.2165985703468322,190,21
paintings_Renoir25.jpg,40,22,11,15,1,0,0,0,2,0.4705882370471954,test,0.2376975864171981,40,4
paintings_Pissarro15.jpg,35,23,6,8,1,0,0,0,4,0.5588235259056091,test,0.3905029892921448,161,10
paintings_Goya6.jpg,51,29,14,19,2,1,0,0,3,0.3529411852359772,test,0.2629439234733581,40,3
paintings_VanGogh19.jpg,37,27,3,12,0,0,0,0,2,0.5441176295280457,test,0.298444390296936,88,3
paintings_Pissarro4.jpg,30,19,6,11,0,0,0,0,1,0.529411792755127,test,0.4193826615810394,120,6
paintings_TeniersYounger5.jpg,40,25,10,10,0,0,0,0,1,0.529411792755127,test,0.2726617753505707,92,13
paintings_Gerard1.jpg,49,33,6,15,1,0,0,0,1,0.4411764740943908,test,0.2201779037714004,60,10
paintings_Canaletto6.jpg,35,26,8,10,0,0,0,0,1,0.6470588445663452,test,0.3530166447162628,177,25
paintings_Watts4.jpg,37,23,8,14,1,0,0,0,2,0.4852941036224365,test,0.3202589452266693,67,9
paintings_Gainsborough3.jpg,42,28,9,10,0,1,0,0,1,0.5735294222831726,test,0.3002969622611999,108,18
paintings_vanSwanevelt1.jpg,51,33,10,12,0,0,0,0,3,0.5882353186607361,test,0.229470357298851,217,26
paintings_GheeraertsYounger1.jpg,30,18,4,13,0,0,0,0,0,0.2352941185235977,test,0.344665914773941,26,3
paintings_Giordano6.jpg,40,27,9,11,1,1,0,0,3,0.7352941036224365,test,0.2484928369522094,186,24
paintings_vanManderIII1.jpg,52,32,9,17,0,0,0,0,3,0.3529411852359772,test,0.2473769634962082,43,4
paintings_Constable2.jpg,38,25,9,13,0,0,0,0,2,0.5882353186607361,test,0.34599369764328,79,10
paintings_Parmigianino3.jpg,52,29,6,17,1,0,0,0,1,0.5882353186607361,test,0.2549324333667755,96,13
paintings_Kiprensky1.jpg,43,30,7,13,0,0,0,0,1,0.4411764740943908,test,0.3029797077178955,87,6
paintings_Pissarro9.jpg,37,23,11,11,1,0,0,0,2,0.5588235259056091,test,0.3446028232574463,135,10
paintings_CamilleCorot8.jpg,28,16,7,9,0,0,0,0,2,0.4852941036224365,test,0.3186244368553161,71,5
paintings_Veronese8.jpg,40,26,5,14,0,1,0,0,0,0.779411792755127,test,0.2207384556531906,219,37
paintings_BenjaminWest8.jpg,39,28,4,13,0,0,0,0,2,0.4117647111415863,test,0.2858795523643493,51,5
paintings_Constable38.jpg,30,18,8,10,0,0,0,0,1,0.3382352888584137,test,0.3530545532703399,59,3
paintings_Cezanne21.jpg,43,30,7,10,1,1,1,0,1,0.5588235259056091,test,0.2650638818740845,85,14
paintings_Toorop1.jpg,38,24,5,14,1,0,0,0,2,0.6470588445663452,test,0.4123510718345642,211,4
paintings_Renoir33.jpg,41,24,10,16,1,0,0,0,2,0.4117647111415863,test,0.344562828540802,40,3
paintings_Rusinol9.jpg,60,40,10,16,1,0,0,0,2,0.6176470518112183,test,0.2840402722358703,188,15
paintings_Kalf4.jpg,53,37,9,16,2,0,0,0,0,0.4852941036224365,test,0.3622942566871643,80,5
paintings_Rousseau9.jpg,45,28,8,10,0,1,0,0,1,0.5147058963775635,test,0.2399798482656479,108,11
paintings_VanGogh2.jpg,19,14,5,6,0,0,0,0,3,0.5588235259056091,test,0.4989110231399536,83,2
paintings_Rembrandt27.jpg,42,30,7,9,0,1,0,0,1,0.3823529481887817,test,0.2845304608345032,83,14
paintings_Boucher1.jpg,40,27,9,13,0,0,0,0,1,0.5588235259056091,test,0.3578284084796905,133,17
paintings_Renoir24.jpg,31,19,4,12,0,0,0,0,2,0.2205882370471954,test,0.3073326349258423,17,2
paintings_Bruegel3.jpg,48,25,15,16,0,1,0,0,3,0.779411792755127,test,0.1899176836013794,266,24
paintings_VanGogh25.jpg,29,15,6,12,0,0,0,0,2,0.294117659330368,test,0.3550453782081604,26,2
paintings_ChristianDahl3.jpg,28,22,7,10,0,0,0,0,2,0.5588235259056091,test,0.3797756731510162,158,6
paintings_Maes1.jpg,47,31,9,10,1,0,0,0,1,0.6470588445663452,test,0.2668473124504089,178,11
paintings_deLaTour3.jpg,57,40,7,17,1,0,0,0,2,0.4411764740943908,test,0.2989988327026367,111,6
paintings_Pissarro19.jpg,36,25,7,15,0,0,0,0,2,0.529411792755127,test,0.3265512883663177,174,9
paintings_Sisley13.jpg,49,32,10,13,0,0,0,0,1,0.5147058963775635,test,0.3162805438041687,134,7
paintings_TeniersYounger2.jpg,47,29,10,15,0,1,0,0,1,0.5147058963775635,test,0.2412924319505691,129,32
paintings_Tintoretto14.jpg,35,22,5,12,1,1,0,0,2,0.3382352888584137,test,0.3039359748363495,34,3
paintings_Degas20.jpg,43,27,9,11,0,1,0,0,1,0.4705882370471954,test,0.204870730638504,115,24
paintings_Renoir37.jpg,27,16,5,9,2,0,0,0,0,0.4558823406696319,test,0.4681754112243652,69,3
paintings_Danby7.jpg,44,24,9,10,1,1,0,0,3,0.5,test,0.2200090140104293,115,10
paintings_Cezanne27.jpg,40,26,4,14,0,1,0,0,1,0.3823529481887817,test,0.2772662937641144,29,3
paintings_Veronese14.jpg,35,22,5,8,0,1,0,0,1,0.7352941036224365,test,0.2240349650382995,146,17
paintings_Degas5.jpg,48,32,6,8,0,1,0,0,3,0.529411792755127,test,0.2660774886608124,131,14
paintings_SebastianoRicci2.jpg,41,22,10,13,0,1,0,0,1,0.5,test,0.2428255528211593,48,8
paintings_Cortona1.jpg,43,31,7,8,0,1,0,0,2,0.4264705777168274,test,0.2880234718322754,71,6
paintings_Gauguin10.jpg,42,29,5,11,1,0,0,0,2,0.5,test,0.3548393547534942,143,8
paintings_Poussin20.jpg,36,21,7,9,0,1,0,0,1,0.7352941036224365,test,0.243299588561058,145,16
paintings_Richter3.jpg,34,23,6,10,1,1,0,0,1,0.4411764740943908,test,0.3810794949531555,126,8
paintings_Cezanne30.jpg,53,39,7,11,1,0,0,0,3,0.3823529481887817,test,0.2750550806522369,62,7
paintings_Tintoretto5.jpg,20,13,4,8,0,0,0,0,1,0.147058829665184,test,0.4008212983608246,14,1
paintings_deChavannes4.jpg,31,18,5,12,0,0,0,0,2,0.4264705777168274,test,0.3066191375255584,45,7
paintings_HerreraElder1.jpg,38,23,6,14,1,0,0,0,2,0.6617646813392639,test,0.2874251306056976,103,14
paintings_Manet21.jpg,30,19,6,10,0,1,0,0,1,0.2352941185235977,test,0.3473474383354187,15,3
paintings_Veronese12.jpg,39,22,7,16,1,0,0,0,1,0.6029411554336548,test,0.227148562669754,120,9
paintings_vanRuisdael1.jpg,24,14,4,12,0,0,0,0,1,0.529411792755127,test,0.3966071903705597,64,5
paintings_Renoir27.jpg,40,25,9,13,2,0,0,0,0,0.4117647111415863,test,0.2720527648925781,80,3
paintings_Cuyp5.jpg,42,25,9,10,1,1,0,0,1,0.5,test,0.2076005637645721,149,18
paintings_Signac3.jpg,36,27,5,9,0,0,0,0,1,0.5147058963775635,test,0.4265786409378052,117,8
paintings_Steen12.jpg,55,36,8,15,1,0,0,0,0,0.5,test,0.2197988778352737,156,8
paintings_Monet36.jpg,26,16,5,11,2,0,0,0,1,0.5588235259056091,test,0.4350542724132538,79,2
paintings_Copley7.jpg,51,35,6,16,1,0,0,0,0,0.4705882370471954,test,0.2592650353908539,76,9
paintings_Renoir7.jpg,53,34,6,19,0,0,1,0,2,0.4117647111415863,test,0.2013191133737564,42,5
paintings_Lastman1.jpg,46,31,8,14,0,0,0,0,1,0.6470588445663452,test,0.2684535980224609,156,10
paintings_Pissarro13.jpg,26,15,7,6,3,0,0,0,3,0.6029411554336548,test,0.5124251842498779,117,5
paintings_Monet25.jpg,45,29,9,10,1,0,0,0,2,0.4558823406696319,test,0.3121229112148285,102,7
paintings_ElGreco6.jpg,40,23,7,13,0,1,0,0,2,0.3970588147640228,test,0.3005237579345703,32,4
paintings_Tintoretto17.jpg,43,27,6,13,2,0,0,0,2,0.5441176295280457,test,0.257282018661499,72,9
paintings_Giordano2.jpg,37,21,7,11,2,0,0,0,2,0.6911764740943909,test,0.3631709516048431,120,11
paintings_Cezanne36.jpg,42,25,7,9,2,1,0,0,0,0.5588235259056091,test,0.2416701763868332,88,14
paintings_Danby12.jpg,33,23,5,12,0,0,0,0,2,0.5588235259056091,test,0.3691557943820953,167,2
paintings_Philipsen2.jpg,38,26,6,12,1,0,0,0,2,0.5,test,0.3314004838466644,70,13
paintings_BenjaminWest3.jpg,42,25,8,11,1,0,0,0,2,0.5147058963775635,test,0.2592344582080841,90,9
paintings_Renoir16.jpg,32,20,7,9,1,0,0,0,1,0.6911764740943909,test,0.4029937088489532,266,5
paintings_Daubigny1.jpg,32,16,9,12,0,1,0,0,0,0.4117647111415863,test,0.3934683799743652,81,6
paintings_Staphorst1.jpg,43,26,7,13,1,0,0,0,2,0.2794117629528045,test,0.3078599274158478,33,4
paintings_Danby6.jpg,32,21,5,12,1,0,0,0,2,0.3676470518112182,test,0.3966532349586487,40,4
paintings_Monet28.jpg,40,25,8,13,0,1,0,0,1,0.4264705777168274,test,0.2364425212144851,62,5
paintings_Canaletto11.jpg,38,26,5,11,0,0,0,0,2,0.4558823406696319,test,0.3241289258003235,109,28
paintings_Pissarro2.jpg,43,29,10,13,0,1,0,0,2,0.5,test,0.2076727151870727,114,14
paintings_Seurat1.jpg,20,14,5,7,0,0,0,0,1,0.4264705777168274,test,0.4833978414535522,66,4
paintings_Pissarro10.jpg,28,17,6,10,0,1,0,0,1,0.5882353186607361,test,0.4353079199790954,93,3
paintings_WhartonEdwards1.jpg,36,22,5,11,1,1,0,0,1,0.4852941036224365,test,0.3512829542160034,117,11
paintings_vanNoordt1.jpg,50,35,6,14,2,0,0,0,2,0.5441176295280457,test,0.2691248059272766,86,10
paintings_Hals7.jpg,46,26,9,16,1,0,0,0,2,0.3529411852359772,test,0.2502926290035248,32,7
paintings_Zoffany6.jpg,36,24,5,10,0,0,0,0,0,0.3823529481887817,test,0.2935288250446319,33,8
paintings_Camprobin2.jpg,59,39,9,14,2,1,0,0,2,0.5441176295280457,test,0.2983252704143524,168,18
paintings_vanMoscher1.jpg,35,25,6,12,0,0,0,0,1,0.4852941036224365,test,0.320700466632843,63,10
paintings_deHooch1.jpg,53,35,7,15,1,0,0,0,1,0.4852941036224365,test,0.3057456612586975,113,14
paintings_Laroon8.jpg,46,31,7,11,0,0,0,0,1,0.4558823406696319,test,0.326097309589386,82,14
paintings_Renoir36.jpg,29,15,6,10,1,0,0,0,2,0.5441176295280457,test,0.4741337895393371,86,3
paintings_vanRuisdael5.jpg,27,19,5,7,0,0,0,0,1,0.5,test,0.4206697940826416,104,8
paintings_Pollard6.jpg,41,26,10,10,0,1,0,0,0,0.75,test,0.2651503086090088,248,35
paintings_Steen3.jpg,53,39,10,11,0,1,0,0,0,0.5147058963775635,test,0.2533168494701385,99,17
paintings_Constable21.jpg,27,18,9,8,0,0,0,0,1,0.5,test,0.4063654541969299,84,8
paintings_Vuillard1.jpg,44,25,6,20,2,0,0,0,2,0.5882353186607361,test,0.3017326593399048,72,1
paintings_Monet41.jpg,24,16,4,8,0,0,0,0,2,0.5588235259056091,test,0.3742140233516693,125,3
paintings_Renoir34.jpg,42,29,6,14,0,0,0,0,2,0.4411764740943908,test,0.3266254961490631,128,11
paintings_Sisley14.jpg,34,23,8,12,1,0,0,0,2,0.3823529481887817,test,0.4116828441619873,66,6
paintings_Millet5.jpg,41,27,5,11,0,1,0,0,1,0.5735294222831726,test,0.2332136183977127,99,7
paintings_Holbein1.jpg,45,31,4,11,0,1,0,0,1,0.3676470518112182,test,0.2885764539241791,42,5
paintings_Constable39.jpg,37,25,7,14,1,0,0,0,1,0.4411764740943908,test,0.3868401646614074,59,5
paintings_Catena3.jpg,67,49,8,19,0,0,0,0,3,0.4558823406696319,test,0.311235636472702,118,17
paintings_Rosa1.jpg,49,31,8,13,1,1,0,0,2,0.4852941036224365,test,0.2343595325946808,61,9
paintings_BenjaminWest6.jpg,42,28,4,10,0,0,0,0,2,0.6617646813392639,test,0.2525983154773712,186,37
paintings_Goya1.jpg,38,22,7,11,0,1,0,0,1,0.3529411852359772,test,0.2249904870986938,60,6
paintings_Rousseau3.jpg,44,31,7,14,0,0,0,0,0,0.6617646813392639,test,0.3205218613147735,177,15
paintings_Watteau5.jpg,39,24,6,9,0,0,0,0,1,0.6323529481887817,test,0.3393988013267517,176,21
paintings_Rembrandt33.jpg,44,29,8,11,1,1,0,0,3,0.5735294222831726,test,0.2707915306091308,104,18
paintings_Reynolds3.jpg,45,34,4,12,1,1,0,0,1,0.5588235259056091,test,0.2192292660474777,102,11
paintings_Liebermann1.jpg,46,33,8,12,0,1,0,0,3,0.5735294222831726,test,0.2223121672868728,158,23
paintings_Herring9.jpg,34,18,6,16,0,1,0,0,1,0.529411792755127,test,0.2695529162883758,72,12
paintings_Caracciolo1.jpg,47,27,8,15,1,0,0,0,2,0.4705882370471954,test,0.2675925493240356,35,4
paintings_Sisley7.jpg,44,29,9,13,0,0,0,0,2,0.6029411554336548,test,0.3182159662246704,110,14
paintings_Ricci2.jpg,39,27,5,7,1,0,0,0,2,0.6470588445663452,test,0.2707595825195312,171,24
paintings_Gauguin9.jpg,35,23,4,12,0,0,0,0,0,0.529411792755127,test,0.3592526912689209,115,9
paintings_Pollard12.jpg,47,33,7,10,0,0,0,0,1,0.5588235259056091,test,0.2863220870494842,157,15
paintings_vonMenzel2.jpg,46,34,5,13,0,0,0,0,1,0.4558823406696319,test,0.3860357999801636,63,8
paintings_Monet3.jpg,30,23,6,8,0,0,0,0,1,0.529411792755127,test,0.3525763750076294,153,5
paintings_Guercino1.jpg,43,31,4,11,0,0,0,0,1,0.3676470518112182,test,0.2871289551258087,40,7
paintings_Caillebotte7.jpg,48,29,7,12,1,1,0,0,1,0.5,test,0.2518588900566101,82,14
paintings_Gainsborough1.jpg,46,24,9,16,2,1,0,0,3,0.6029411554336548,test,0.2563978731632232,71,9
paintings_Reynolds4.jpg,40,28,3,14,0,0,0,0,2,0.6176470518112183,test,0.327224999666214,110,10
paintings_Bramley1.jpg,41,24,7,12,2,1,1,0,1,0.6764705777168274,test,0.283365935087204,255,32
paintings_Steen2.jpg,32,21,6,10,0,0,0,0,0,0.6911764740943909,test,0.2221978455781936,255,34
paintings_Cezanne19.jpg,24,17,5,7,0,0,0,0,2,0.2647058963775635,test,0.3201099634170532,29,3
paintings_Renoir12.jpg,54,32,7,15,0,1,0,0,2,0.4558823406696319,test,0.2710927426815033,64,16
paintings_deMadrazo2.jpg,52,33,4,14,1,1,0,0,1,0.4411764740943908,test,0.2204690724611282,71,8
paintings_Constable51.jpg,37,25,8,8,1,0,0,0,1,0.4852941036224365,test,0.3922524750232696,74,7
paintings_Hassam5.jpg,36,18,6,16,1,1,0,0,0,0.4264705777168274,test,0.2622203528881073,67,5
paintings_DavidFriedrich8.jpg,54,32,10,14,1,1,0,0,2,0.4117647111415863,test,0.1978758722543716,83,9
paintings_Millet1.jpg,43,28,4,13,0,1,0,0,1,0.4852941036224365,test,0.2363099604845047,188,8
paintings_deChavannes1.jpg,49,36,5,12,0,0,0,0,3,0.4264705777168274,test,0.2526543438434601,70,7
paintings_Monet23.jpg,27,19,8,8,0,0,0,0,1,0.4558823406696319,test,0.4038423895835876,193,2
paintings_vanAelst1.jpg,47,31,11,19,1,0,0,0,3,0.4411764740943908,test,0.2843891382217407,28,1
paintings_Charleston1.jpg,40,26,7,10,0,1,0,0,2,0.3382352888584137,test,0.3212977349758148,50,3
paintings_Tintoretto8.jpg,50,32,9,16,0,0,0,0,2,0.5882353186607361,test,0.2717831432819366,149,11
paintings_Rosa2.jpg,39,26,4,13,0,0,0,0,3,0.4558823406696319,test,0.2976076900959015,111,6
paintings_Benson1.jpg,47,30,6,16,0,1,0,0,3,0.4705882370471954,test,0.2862571179866791,37,4
paintings_Bonheur1.jpg,33,19,6,11,0,0,0,0,1,0.5,test,0.32803675532341,149,12
paintings_Renoir4.jpg,63,39,7,16,1,0,0,0,4,0.5588235259056091,test,0.3120360076427459,78,12
paintings_Eakins11.jpg,28,21,3,8,1,0,0,0,0,0.3529411852359772,test,0.3540632128715515,21,5
paintings_Rembrandt37.jpg,44,24,6,21,0,0,0,0,1,0.4705882370471954,test,0.2792825400829315,62,6
paintings_Vereshchagin1.jpg,34,20,11,12,0,0,0,0,1,0.6176470518112183,test,0.3409517407417297,244,16
paintings_Rosa3.jpg,37,22,6,13,0,0,0,0,3,0.6911764740943909,test,0.3441267609596252,152,17
paintings_deChavannes5.jpg,46,31,10,9,0,1,0,0,1,0.4264705777168274,test,0.254583477973938,73,8
paintings_Constable52.jpg,31,19,10,9,1,0,0,0,1,0.529411792755127,test,0.3962525725364685,66,4
paintings_Gauguin20.jpg,63,41,2,20,1,0,0,0,2,0.4852941036224365,test,0.3215191662311554,80,12
paintings_Giorgione3.jpg,55,31,9,17,2,0,0,0,3,0.5882353186607361,test,0.2235922515392303,197,18
paintings_Rusinol5.jpg,41,27,6,12,0,0,0,0,5,0.5147058963775635,test,0.3650241196155548,82,7
paintings_Sorolla2.jpg,41,26,7,14,0,0,0,0,3,0.5588235259056091,test,0.2940355837345123,67,12
paintings_Kirchner3.jpg,31,20,3,9,1,1,0,0,0,0.5735294222831726,test,0.3706147074699402,104,10
paintings_Aertsen1.jpg,50,36,9,13,0,1,0,0,1,0.8382353186607361,test,0.3023942410945892,331,27
paintings_Ruokokoski3.jpg,40,23,6,15,1,1,0,0,1,0.3382352888584137,test,0.2665366232395172,39,2
paintings_Reynolds2.jpg,43,29,6,11,0,0,0,1,2,0.3823529481887817,test,0.2950194180011749,46,5
paintings_Lely1.jpg,36,21,4,16,1,0,0,0,2,0.4117647111415863,test,0.2686451971530914,40,4
paintings_Constable6.jpg,22,13,6,8,0,1,0,0,1,0.3235294222831726,test,0.4476825594902038,51,4
paintings_Hals5.jpg,40,23,3,13,1,0,0,0,3,0.3088235259056091,test,0.2897635698318481,33,5
paintings_RipplRonai1.jpg,45,30,8,11,0,0,0,0,2,0.4558823406696319,test,0.3340912163257599,56,8
paintings_Hobbema1.jpg,32,19,9,10,1,0,0,0,2,0.529411792755127,test,0.3704175949096679,128,4
paintings_Signac8.jpg,31,20,8,9,0,0,0,0,1,0.3970588147640228,test,0.3509741723537445,65,4
paintings_Fetti3.jpg,49,34,6,11,0,0,0,0,2,0.4264705777168274,test,0.2394661605358123,54,7
paintings_Cezanne10.jpg,46,37,3,13,0,0,0,0,2,0.3088235259056091,test,0.3266927599906921,40,4
paintings_Romano1.jpg,55,33,9,18,1,0,0,0,2,0.3676470518112182,test,0.2676617205142975,99,9
paintings_Renoir6.jpg,43,27,6,14,0,0,0,0,3,0.3529411852359772,test,0.3052724301815033,34,4
paintings_BenjaminWest4.jpg,39,23,6,15,1,0,0,0,1,0.4411764740943908,test,0.2784206569194793,65,8
paintings_deWitte1.jpg,45,30,7,11,0,0,0,0,0,0.5735294222831726,test,0.2951695322990417,172,20
paintings_Ritman1.jpg,36,21,6,10,0,1,0,0,4,0.5,test,0.2709416151046753,48,6
paintings_Pynacker1.jpg,39,25,11,12,0,0,0,0,2,0.5441176295280457,test,0.3062096834182739,127,12
paintings_vanDyck7.jpg,45,26,5,18,1,0,0,0,4,0.3382352888584137,test,0.2365004420280456,30,7
paintings_Monet4.jpg,25,18,5,9,0,0,0,0,0,0.5441176295280457,test,0.3992254137992859,107,3
paintings_Gauguin8.jpg,56,38,9,13,1,1,0,0,2,0.4558823406696319,test,0.2384177148342132,109,7
paintings_Manet16.jpg,43,27,6,11,0,0,0,0,3,0.4705882370471954,test,0.2657005488872528,89,7
paintings_Rusinol7.jpg,49,27,10,14,0,1,0,0,3,0.4264705777168274,test,0.2442756742238998,86,5
paintings_Lotto6.jpg,38,25,5,13,1,1,0,0,0,0.6323529481887817,test,0.3055266439914703,115,12
paintings_Renoir22.jpg,38,21,8,11,1,0,0,0,2,0.3676470518112182,test,0.2571300268173218,54,4
paintings_Poussin6.jpg,47,30,7,13,1,0,0,0,1,0.5588235259056091,test,0.2761194109916687,112,7
paintings_Dujardin1.jpg,42,32,6,9,0,0,0,0,1,0.3970588147640228,test,0.239211618900299,62,7
paintings_Rembrandt40.jpg,49,32,8,13,0,1,0,0,1,0.4705882370471954,test,0.2154174000024795,78,13
paintings_CamilleCorot6.jpg,20,12,5,9,3,0,0,0,1,0.4558823406696319,test,0.5284237265586853,114,4
paintings_Battista6.jpg,44,35,5,7,0,0,0,0,0,0.2205882370471954,test,0.3417405784130096,53,6
paintings_deGrebber1.jpg,48,35,5,12,0,0,0,0,1,0.5,test,0.2449317872524261,80,8
paintings_Luycx1.jpg,56,37,8,12,1,1,0,0,3,0.4264705777168274,test,0.2431761175394058,80,4
paintings_Sisley5.jpg,29,22,5,8,0,0,0,0,1,0.4558823406696319,test,0.4940153062343597,113,6
paintings_Durer12.jpg,53,35,7,13,1,1,0,0,1,0.3823529481887817,test,0.2278836071491241,52,6
paintings_Cezanne1.jpg,35,22,5,13,3,0,0,0,3,0.5882353186607361,test,0.3952761590480804,159,4
paintings_Liebermann5.jpg,38,27,4,11,1,1,0,0,3,0.3382352888584137,test,0.2762236893177032,41,3
paintings_Jordaens2.jpg,56,32,10,16,0,1,0,0,1,0.7941176295280457,test,0.2522750794887543,227,36
paintings_Cassatt4.jpg,41,27,8,10,0,1,0,0,3,0.3676470518112182,test,0.2816517651081085,74,4
paintings_Rembrandt39.jpg,30,21,5,8,0,1,0,0,2,0.294117659330368,test,0.342388391494751,17,2
paintings_Lanfranco1.jpg,43,23,9,10,1,0,0,0,0,0.5147058963775635,test,0.2847611010074615,97,10
paintings_Vermeer6.jpg,56,43,6,10,0,1,0,0,0,0.529411792755127,test,0.2999521195888519,111,11
paintings_Watts3.jpg,46,29,10,16,3,0,0,0,1,0.4411764740943908,test,0.3063016533851623,66,1
paintings_Durer2.jpg,57,40,8,11,1,1,0,0,1,0.4705882370471954,test,0.268494188785553,81,12
paintings_Reid1.jpg,48,29,11,17,0,0,0,0,2,0.529411792755127,test,0.2798612415790558,30,3
paintings_Ingres4.jpg,41,31,7,13,0,0,0,0,1,0.294117659330368,test,0.2887846231460571,65,6
paintings_Wouwerman2.jpg,48,29,12,10,0,1,0,0,1,0.5588235259056091,test,0.2003830224275589,132,22
paintings_Bol1.jpg,45,29,6,15,0,0,0,0,2,0.2647058963775635,test,0.2750464975833893,27,4
